ISO-10303-21;
HEADER;
/* Generated by software containing ST-Developer
 * from STEP Tools, Inc. (www.steptools.com) 
 */
/* OPTION: strings as raw bytes, not using required /X/ escapes */

FILE_DESCRIPTION(
/* description */ ('Unknown'),
/* implementation_level */ '2;1');

FILE_NAME(
/* name */ 'ICM-20948',
/* time_stamp */ '2025-09-18T08:58:59+02:00',
/* author */ ('Unknown'),
/* organization */ ('Unknown'),
/* preprocessor_version */ 'ST-DEVELOPER v19.4',
/* originating_system */ 'Solid Edge',
/* authorisation */ 'Unknown');

FILE_SCHEMA (('AUTOMOTIVE_DESIGN {1 0 10303 214 3 1 1}'));
ENDSEC;

DATA;
#10=PROPERTY_DEFINITION_REPRESENTATION(#14,#12);
#11=PROPERTY_DEFINITION_REPRESENTATION(#15,#13);
#12=REPRESENTATION('',(#16),#9052);
#13=REPRESENTATION('',(#17),#9052);
#14=PROPERTY_DEFINITION('pmi validation property','',#9057);
#15=PROPERTY_DEFINITION('pmi validation property','',#9057);
#16=VALUE_REPRESENTATION_ITEM('number of annotations',COUNT_MEASURE(0.));
#17=VALUE_REPRESENTATION_ITEM('number of views',COUNT_MEASURE(0.));
#18=SHAPE_REPRESENTATION_RELATIONSHIP('','',#6140,#19);
#19=ADVANCED_BREP_SHAPE_REPRESENTATION('',(#6138),#9052);
#20=PLANE('',#6145);
#21=PLANE('',#6146);
#22=PLANE('',#6150);
#23=PLANE('',#6151);
#24=PLANE('',#6152);
#25=PLANE('',#6156);
#26=PLANE('',#6157);
#27=PLANE('',#6161);
#28=PLANE('',#6162);
#29=PLANE('',#6166);
#30=PLANE('',#6167);
#31=PLANE('',#6171);
#32=PLANE('',#6172);
#33=PLANE('',#6176);
#34=PLANE('',#6180);
#35=PLANE('',#6181);
#36=PLANE('',#6185);
#37=PLANE('',#6186);
#38=PLANE('',#6190);
#39=PLANE('',#6191);
#40=PLANE('',#6195);
#41=PLANE('',#6196);
#42=PLANE('',#6200);
#43=PLANE('',#6204);
#44=PLANE('',#6208);
#45=PLANE('',#6209);
#46=PLANE('',#6210);
#47=PLANE('',#6214);
#48=PLANE('',#6215);
#49=PLANE('',#6219);
#50=PLANE('',#6220);
#51=PLANE('',#6221);
#52=PLANE('',#6225);
#53=PLANE('',#6229);
#54=PLANE('',#6230);
#55=PLANE('',#6231);
#56=PLANE('',#6235);
#57=PLANE('',#6236);
#58=PLANE('',#6240);
#59=PLANE('',#6241);
#60=PLANE('',#6245);
#61=PLANE('',#6249);
#62=PLANE('',#6250);
#63=PLANE('',#6251);
#64=PLANE('',#6255);
#65=PLANE('',#6259);
#66=PLANE('',#6260);
#67=PLANE('',#6264);
#68=PLANE('',#6265);
#69=PLANE('',#6269);
#70=PLANE('',#6273);
#71=PLANE('',#6277);
#72=PLANE('',#6278);
#73=PLANE('',#6279);
#74=PLANE('',#6283);
#75=PLANE('',#6284);
#76=PLANE('',#6288);
#77=PLANE('',#6289);
#78=PLANE('',#6290);
#79=PLANE('',#6294);
#80=PLANE('',#6295);
#81=PLANE('',#6299);
#82=PLANE('',#6300);
#83=PLANE('',#6304);
#84=PLANE('',#6308);
#85=PLANE('',#6309);
#86=PLANE('',#6310);
#87=PLANE('',#6314);
#88=PLANE('',#6318);
#89=PLANE('',#6319);
#90=PLANE('',#6320);
#91=PLANE('',#6324);
#92=PLANE('',#6325);
#93=PLANE('',#6329);
#94=PLANE('',#6330);
#95=PLANE('',#6331);
#96=PLANE('',#6335);
#97=PLANE('',#6339);
#98=PLANE('',#6343);
#99=PLANE('',#6344);
#100=PLANE('',#6345);
#101=PLANE('',#6349);
#102=PLANE('',#6350);
#103=PLANE('',#6354);
#104=PLANE('',#6355);
#105=PLANE('',#6359);
#106=PLANE('',#6360);
#107=PLANE('',#6364);
#108=PLANE('',#6368);
#109=PLANE('',#6369);
#110=PLANE('',#6373);
#111=PLANE('',#6374);
#112=PLANE('',#6378);
#113=PLANE('',#6379);
#114=PLANE('',#6383);
#115=PLANE('',#6384);
#116=PLANE('',#6388);
#117=PLANE('',#6389);
#118=PLANE('',#6393);
#119=PLANE('',#6394);
#120=PLANE('',#6398);
#121=PLANE('',#6402);
#122=PLANE('',#6403);
#123=PLANE('',#6407);
#124=PLANE('',#6411);
#125=PLANE('',#6415);
#126=PLANE('',#6416);
#127=PLANE('',#6417);
#128=PLANE('',#6418);
#129=PLANE('',#6422);
#130=PLANE('',#6426);
#131=PLANE('',#6427);
#132=PLANE('',#6428);
#133=PLANE('',#6429);
#134=PLANE('',#6432);
#135=PLANE('',#6435);
#136=PLANE('',#6438);
#137=PLANE('',#6439);
#138=PLANE('',#6440);
#139=PLANE('',#6441);
#140=PLANE('',#6442);
#141=PLANE('',#6443);
#142=PLANE('',#6444);
#143=PLANE('',#6445);
#144=PLANE('',#6446);
#145=PLANE('',#6447);
#146=PLANE('',#6448);
#147=PLANE('',#6449);
#148=PLANE('',#6450);
#149=PLANE('',#6451);
#150=PLANE('',#6452);
#151=PLANE('',#6453);
#152=PLANE('',#6454);
#153=PLANE('',#6455);
#154=PLANE('',#6456);
#155=PLANE('',#6457);
#156=PLANE('',#6458);
#157=PLANE('',#6459);
#158=PLANE('',#6460);
#159=PLANE('',#6461);
#160=PLANE('',#6462);
#161=PLANE('',#6463);
#162=PLANE('',#6464);
#163=PLANE('',#6465);
#164=PLANE('',#6466);
#165=PLANE('',#6467);
#166=PLANE('',#6468);
#167=PLANE('',#6469);
#168=PLANE('',#6470);
#169=PLANE('',#6471);
#170=PLANE('',#6472);
#171=PLANE('',#6473);
#172=PLANE('',#6474);
#173=PLANE('',#6475);
#174=PLANE('',#6476);
#175=PLANE('',#6477);
#176=PLANE('',#6478);
#177=PLANE('',#6479);
#178=PLANE('',#6480);
#179=PLANE('',#6481);
#180=PLANE('',#6482);
#181=PLANE('',#6483);
#182=PLANE('',#6484);
#183=PLANE('',#6485);
#184=PLANE('',#6486);
#185=CIRCLE('',#6143,0.0749999999999998);
#186=CIRCLE('',#6144,0.0749999999999998);
#187=CIRCLE('',#6148,0.0749999999999998);
#188=CIRCLE('',#6149,0.0749999999999998);
#189=CIRCLE('',#6154,0.0749999999999998);
#190=CIRCLE('',#6155,0.0749999999999998);
#191=CIRCLE('',#6159,0.0749999999999998);
#192=CIRCLE('',#6160,0.0749999999999998);
#193=CIRCLE('',#6164,0.0749999999999998);
#194=CIRCLE('',#6165,0.0749999999999998);
#195=CIRCLE('',#6169,0.0749999999999998);
#196=CIRCLE('',#6170,0.0749999999999998);
#197=CIRCLE('',#6174,0.1);
#198=CIRCLE('',#6175,0.1);
#199=CIRCLE('',#6178,0.0749999999999998);
#200=CIRCLE('',#6179,0.0749999999999998);
#201=CIRCLE('',#6183,0.1);
#202=CIRCLE('',#6184,0.1);
#203=CIRCLE('',#6188,0.0749999999999998);
#204=CIRCLE('',#6189,0.0749999999999998);
#205=CIRCLE('',#6193,0.0749999999999998);
#206=CIRCLE('',#6194,0.0749999999999998);
#207=CIRCLE('',#6198,0.0749999999999998);
#208=CIRCLE('',#6199,0.0749999999999998);
#209=CIRCLE('',#6202,0.1);
#210=CIRCLE('',#6203,0.1);
#211=CIRCLE('',#6206,0.1);
#212=CIRCLE('',#6207,0.1);
#213=CIRCLE('',#6212,0.0749999999999999);
#214=CIRCLE('',#6213,0.0749999999999999);
#215=CIRCLE('',#6217,0.0749999999999998);
#216=CIRCLE('',#6218,0.0749999999999998);
#217=CIRCLE('',#6223,0.0749999999999999);
#218=CIRCLE('',#6224,0.0749999999999999);
#219=CIRCLE('',#6227,0.0749999999999999);
#220=CIRCLE('',#6228,0.0749999999999999);
#221=CIRCLE('',#6233,0.0749999999999999);
#222=CIRCLE('',#6234,0.0749999999999999);
#223=CIRCLE('',#6238,0.0749999999999999);
#224=CIRCLE('',#6239,0.0749999999999999);
#225=CIRCLE('',#6243,0.0749999999999999);
#226=CIRCLE('',#6244,0.0749999999999999);
#227=CIRCLE('',#6247,0.0749999999999999);
#228=CIRCLE('',#6248,0.075);
#229=CIRCLE('',#6253,0.1);
#230=CIRCLE('',#6254,0.1);
#231=CIRCLE('',#6257,0.1);
#232=CIRCLE('',#6258,0.0999999999999999);
#233=CIRCLE('',#6262,0.0749999999999999);
#234=CIRCLE('',#6263,0.0750000000000001);
#235=CIRCLE('',#6267,0.1);
#236=CIRCLE('',#6268,0.1);
#237=CIRCLE('',#6271,0.1);
#238=CIRCLE('',#6272,0.0999999999999998);
#239=CIRCLE('',#6275,0.0749999999999997);
#240=CIRCLE('',#6276,0.0749999999999997);
#241=CIRCLE('',#6281,0.0749999999999998);
#242=CIRCLE('',#6282,0.0749999999999998);
#243=CIRCLE('',#6286,0.0749999999999998);
#244=CIRCLE('',#6287,0.0749999999999998);
#245=CIRCLE('',#6292,0.0749999999999998);
#246=CIRCLE('',#6293,0.0749999999999998);
#247=CIRCLE('',#6297,0.0749999999999998);
#248=CIRCLE('',#6298,0.0749999999999998);
#249=CIRCLE('',#6302,0.0749999999999998);
#250=CIRCLE('',#6303,0.0749999999999998);
#251=CIRCLE('',#6306,0.0749999999999998);
#252=CIRCLE('',#6307,0.0749999999999998);
#253=CIRCLE('',#6312,0.0749999999999998);
#254=CIRCLE('',#6313,0.0749999999999998);
#255=CIRCLE('',#6316,0.0749999999999998);
#256=CIRCLE('',#6317,0.0749999999999998);
#257=CIRCLE('',#6322,0.0749999999999999);
#258=CIRCLE('',#6323,0.0749999999999999);
#259=CIRCLE('',#6327,0.075);
#260=CIRCLE('',#6328,0.075);
#261=CIRCLE('',#6333,0.1);
#262=CIRCLE('',#6334,0.1);
#263=CIRCLE('',#6337,0.1);
#264=CIRCLE('',#6338,0.1);
#265=CIRCLE('',#6341,0.075);
#266=CIRCLE('',#6342,0.0749999999999998);
#267=CIRCLE('',#6347,0.0749999999999999);
#268=CIRCLE('',#6348,0.0749999999999999);
#269=CIRCLE('',#6352,0.0749999999999998);
#270=CIRCLE('',#6353,0.0749999999999998);
#271=CIRCLE('',#6357,0.0999999999999998);
#272=CIRCLE('',#6358,0.0999999999999998);
#273=CIRCLE('',#6362,0.075);
#274=CIRCLE('',#6363,0.0749999999999998);
#275=CIRCLE('',#6366,0.1);
#276=CIRCLE('',#6367,0.1);
#277=CIRCLE('',#6371,0.0749999999999999);
#278=CIRCLE('',#6372,0.0749999999999999);
#279=CIRCLE('',#6376,0.0749999999999998);
#280=CIRCLE('',#6377,0.0749999999999998);
#281=CIRCLE('',#6381,0.0749999999999998);
#282=CIRCLE('',#6382,0.0749999999999998);
#283=CIRCLE('',#6386,0.0749999999999999);
#284=CIRCLE('',#6387,0.0749999999999999);
#285=CIRCLE('',#6391,0.0999999999999999);
#286=CIRCLE('',#6392,0.0999999999999998);
#287=CIRCLE('',#6396,0.0749999999999999);
#288=CIRCLE('',#6397,0.0750000000000001);
#289=CIRCLE('',#6400,0.1);
#290=CIRCLE('',#6401,0.1);
#291=CIRCLE('',#6405,0.1);
#292=CIRCLE('',#6406,0.1);
#293=CIRCLE('',#6409,0.1);
#294=CIRCLE('',#6410,0.1);
#295=CIRCLE('',#6413,0.0749999999999999);
#296=CIRCLE('',#6414,0.0749999999999999);
#297=CIRCLE('',#6419,0.210425258089784);
#298=CIRCLE('',#6421,0.210425258089784);
#299=CIRCLE('',#6423,0.15);
#300=CIRCLE('',#6424,0.15);
#301=CIRCLE('',#6425,0.15);
#302=CIRCLE('',#6431,0.15);
#303=CIRCLE('',#6434,0.15);
#304=CIRCLE('',#6437,0.15);
#305=ORIENTED_EDGE('',*,*,#1629,.T.);
#306=ORIENTED_EDGE('',*,*,#1630,.T.);
#307=ORIENTED_EDGE('',*,*,#1631,.F.);
#308=ORIENTED_EDGE('',*,*,#1632,.T.);
#309=ORIENTED_EDGE('',*,*,#1633,.T.);
#310=ORIENTED_EDGE('',*,*,#1634,.F.);
#311=ORIENTED_EDGE('',*,*,#1635,.F.);
#312=ORIENTED_EDGE('',*,*,#1636,.T.);
#313=ORIENTED_EDGE('',*,*,#1637,.T.);
#314=ORIENTED_EDGE('',*,*,#1631,.T.);
#315=ORIENTED_EDGE('',*,*,#1638,.T.);
#316=ORIENTED_EDGE('',*,*,#1639,.F.);
#317=ORIENTED_EDGE('',*,*,#1640,.T.);
#318=ORIENTED_EDGE('',*,*,#1641,.T.);
#319=ORIENTED_EDGE('',*,*,#1642,.T.);
#320=ORIENTED_EDGE('',*,*,#1643,.F.);
#321=ORIENTED_EDGE('',*,*,#1639,.T.);
#322=ORIENTED_EDGE('',*,*,#1644,.T.);
#323=ORIENTED_EDGE('',*,*,#1645,.F.);
#324=ORIENTED_EDGE('',*,*,#1646,.T.);
#325=ORIENTED_EDGE('',*,*,#1647,.T.);
#326=ORIENTED_EDGE('',*,*,#1629,.F.);
#327=ORIENTED_EDGE('',*,*,#1648,.T.);
#328=ORIENTED_EDGE('',*,*,#1645,.T.);
#329=ORIENTED_EDGE('',*,*,#1637,.F.);
#330=ORIENTED_EDGE('',*,*,#1649,.T.);
#331=ORIENTED_EDGE('',*,*,#1640,.F.);
#332=ORIENTED_EDGE('',*,*,#1646,.F.);
#333=ORIENTED_EDGE('',*,*,#1648,.F.);
#334=ORIENTED_EDGE('',*,*,#1632,.F.);
#335=ORIENTED_EDGE('',*,*,#1650,.T.);
#336=ORIENTED_EDGE('',*,*,#1651,.T.);
#337=ORIENTED_EDGE('',*,*,#1652,.T.);
#338=ORIENTED_EDGE('',*,*,#1653,.T.);
#339=ORIENTED_EDGE('',*,*,#1654,.T.);
#340=ORIENTED_EDGE('',*,*,#1655,.F.);
#341=ORIENTED_EDGE('',*,*,#1656,.F.);
#342=ORIENTED_EDGE('',*,*,#1657,.T.);
#343=ORIENTED_EDGE('',*,*,#1658,.T.);
#344=ORIENTED_EDGE('',*,*,#1659,.T.);
#345=ORIENTED_EDGE('',*,*,#1660,.T.);
#346=ORIENTED_EDGE('',*,*,#1661,.T.);
#347=ORIENTED_EDGE('',*,*,#1662,.T.);
#348=ORIENTED_EDGE('',*,*,#1643,.T.);
#349=ORIENTED_EDGE('',*,*,#1663,.T.);
#350=ORIENTED_EDGE('',*,*,#1634,.T.);
#351=ORIENTED_EDGE('',*,*,#1664,.T.);
#352=ORIENTED_EDGE('',*,*,#1665,.T.);
#353=ORIENTED_EDGE('',*,*,#1666,.T.);
#354=ORIENTED_EDGE('',*,*,#1667,.T.);
#355=ORIENTED_EDGE('',*,*,#1668,.T.);
#356=ORIENTED_EDGE('',*,*,#1669,.T.);
#357=ORIENTED_EDGE('',*,*,#1670,.T.);
#358=ORIENTED_EDGE('',*,*,#1671,.T.);
#359=ORIENTED_EDGE('',*,*,#1672,.T.);
#360=ORIENTED_EDGE('',*,*,#1673,.T.);
#361=ORIENTED_EDGE('',*,*,#1674,.T.);
#362=ORIENTED_EDGE('',*,*,#1675,.T.);
#363=ORIENTED_EDGE('',*,*,#1676,.T.);
#364=ORIENTED_EDGE('',*,*,#1677,.T.);
#365=ORIENTED_EDGE('',*,*,#1678,.F.);
#366=ORIENTED_EDGE('',*,*,#1679,.T.);
#367=ORIENTED_EDGE('',*,*,#1680,.T.);
#368=ORIENTED_EDGE('',*,*,#1671,.F.);
#369=ORIENTED_EDGE('',*,*,#1681,.F.);
#370=ORIENTED_EDGE('',*,*,#1682,.T.);
#371=ORIENTED_EDGE('',*,*,#1683,.T.);
#372=ORIENTED_EDGE('',*,*,#1678,.T.);
#373=ORIENTED_EDGE('',*,*,#1684,.T.);
#374=ORIENTED_EDGE('',*,*,#1685,.F.);
#375=ORIENTED_EDGE('',*,*,#1686,.T.);
#376=ORIENTED_EDGE('',*,*,#1687,.T.);
#377=ORIENTED_EDGE('',*,*,#1688,.T.);
#378=ORIENTED_EDGE('',*,*,#1669,.F.);
#379=ORIENTED_EDGE('',*,*,#1685,.T.);
#380=ORIENTED_EDGE('',*,*,#1689,.T.);
#381=ORIENTED_EDGE('',*,*,#1690,.F.);
#382=ORIENTED_EDGE('',*,*,#1691,.T.);
#383=ORIENTED_EDGE('',*,*,#1692,.T.);
#384=ORIENTED_EDGE('',*,*,#1676,.F.);
#385=ORIENTED_EDGE('',*,*,#1693,.T.);
#386=ORIENTED_EDGE('',*,*,#1690,.T.);
#387=ORIENTED_EDGE('',*,*,#1683,.F.);
#388=ORIENTED_EDGE('',*,*,#1694,.T.);
#389=ORIENTED_EDGE('',*,*,#1686,.F.);
#390=ORIENTED_EDGE('',*,*,#1691,.F.);
#391=ORIENTED_EDGE('',*,*,#1693,.F.);
#392=ORIENTED_EDGE('',*,*,#1679,.F.);
#393=ORIENTED_EDGE('',*,*,#1695,.T.);
#394=ORIENTED_EDGE('',*,*,#1696,.T.);
#395=ORIENTED_EDGE('',*,*,#1697,.F.);
#396=ORIENTED_EDGE('',*,*,#1698,.T.);
#397=ORIENTED_EDGE('',*,*,#1699,.T.);
#398=ORIENTED_EDGE('',*,*,#1667,.F.);
#399=ORIENTED_EDGE('',*,*,#1700,.F.);
#400=ORIENTED_EDGE('',*,*,#1701,.T.);
#401=ORIENTED_EDGE('',*,*,#1702,.T.);
#402=ORIENTED_EDGE('',*,*,#1697,.T.);
#403=ORIENTED_EDGE('',*,*,#1703,.T.);
#404=ORIENTED_EDGE('',*,*,#1704,.F.);
#405=ORIENTED_EDGE('',*,*,#1705,.T.);
#406=ORIENTED_EDGE('',*,*,#1706,.T.);
#407=ORIENTED_EDGE('',*,*,#1707,.T.);
#408=ORIENTED_EDGE('',*,*,#1665,.F.);
#409=ORIENTED_EDGE('',*,*,#1704,.T.);
#410=ORIENTED_EDGE('',*,*,#1708,.T.);
#411=ORIENTED_EDGE('',*,*,#1709,.F.);
#412=ORIENTED_EDGE('',*,*,#1710,.T.);
#413=ORIENTED_EDGE('',*,*,#1711,.T.);
#414=ORIENTED_EDGE('',*,*,#1695,.F.);
#415=ORIENTED_EDGE('',*,*,#1712,.T.);
#416=ORIENTED_EDGE('',*,*,#1709,.T.);
#417=ORIENTED_EDGE('',*,*,#1702,.F.);
#418=ORIENTED_EDGE('',*,*,#1713,.T.);
#419=ORIENTED_EDGE('',*,*,#1705,.F.);
#420=ORIENTED_EDGE('',*,*,#1710,.F.);
#421=ORIENTED_EDGE('',*,*,#1712,.F.);
#422=ORIENTED_EDGE('',*,*,#1698,.F.);
#423=ORIENTED_EDGE('',*,*,#1714,.T.);
#424=ORIENTED_EDGE('',*,*,#1715,.T.);
#425=ORIENTED_EDGE('',*,*,#1716,.F.);
#426=ORIENTED_EDGE('',*,*,#1717,.T.);
#427=ORIENTED_EDGE('',*,*,#1718,.T.);
#428=ORIENTED_EDGE('',*,*,#1719,.F.);
#429=ORIENTED_EDGE('',*,*,#1720,.T.);
#430=ORIENTED_EDGE('',*,*,#1716,.T.);
#431=ORIENTED_EDGE('',*,*,#1719,.T.);
#432=ORIENTED_EDGE('',*,*,#1721,.T.);
#433=ORIENTED_EDGE('',*,*,#1722,.F.);
#434=ORIENTED_EDGE('',*,*,#1723,.T.);
#435=ORIENTED_EDGE('',*,*,#1724,.T.);
#436=ORIENTED_EDGE('',*,*,#1661,.F.);
#437=ORIENTED_EDGE('',*,*,#1725,.F.);
#438=ORIENTED_EDGE('',*,*,#1726,.T.);
#439=ORIENTED_EDGE('',*,*,#1727,.T.);
#440=ORIENTED_EDGE('',*,*,#1722,.T.);
#441=ORIENTED_EDGE('',*,*,#1728,.T.);
#442=ORIENTED_EDGE('',*,*,#1729,.F.);
#443=ORIENTED_EDGE('',*,*,#1730,.T.);
#444=ORIENTED_EDGE('',*,*,#1731,.T.);
#445=ORIENTED_EDGE('',*,*,#1732,.T.);
#446=ORIENTED_EDGE('',*,*,#1659,.F.);
#447=ORIENTED_EDGE('',*,*,#1729,.T.);
#448=ORIENTED_EDGE('',*,*,#1733,.T.);
#449=ORIENTED_EDGE('',*,*,#1734,.F.);
#450=ORIENTED_EDGE('',*,*,#1735,.T.);
#451=ORIENTED_EDGE('',*,*,#1736,.T.);
#452=ORIENTED_EDGE('',*,*,#1714,.F.);
#453=ORIENTED_EDGE('',*,*,#1737,.T.);
#454=ORIENTED_EDGE('',*,*,#1734,.T.);
#455=ORIENTED_EDGE('',*,*,#1720,.F.);
#456=ORIENTED_EDGE('',*,*,#1723,.F.);
#457=ORIENTED_EDGE('',*,*,#1727,.F.);
#458=ORIENTED_EDGE('',*,*,#1738,.T.);
#459=ORIENTED_EDGE('',*,*,#1730,.F.);
#460=ORIENTED_EDGE('',*,*,#1735,.F.);
#461=ORIENTED_EDGE('',*,*,#1737,.F.);
#462=ORIENTED_EDGE('',*,*,#1717,.F.);
#463=ORIENTED_EDGE('',*,*,#1739,.T.);
#464=ORIENTED_EDGE('',*,*,#1740,.T.);
#465=ORIENTED_EDGE('',*,*,#1741,.F.);
#466=ORIENTED_EDGE('',*,*,#1742,.T.);
#467=ORIENTED_EDGE('',*,*,#1743,.T.);
#468=ORIENTED_EDGE('',*,*,#1675,.F.);
#469=ORIENTED_EDGE('',*,*,#1744,.F.);
#470=ORIENTED_EDGE('',*,*,#1745,.T.);
#471=ORIENTED_EDGE('',*,*,#1746,.T.);
#472=ORIENTED_EDGE('',*,*,#1741,.T.);
#473=ORIENTED_EDGE('',*,*,#1747,.T.);
#474=ORIENTED_EDGE('',*,*,#1748,.F.);
#475=ORIENTED_EDGE('',*,*,#1749,.T.);
#476=ORIENTED_EDGE('',*,*,#1750,.T.);
#477=ORIENTED_EDGE('',*,*,#1751,.T.);
#478=ORIENTED_EDGE('',*,*,#1673,.F.);
#479=ORIENTED_EDGE('',*,*,#1748,.T.);
#480=ORIENTED_EDGE('',*,*,#1752,.T.);
#481=ORIENTED_EDGE('',*,*,#1753,.F.);
#482=ORIENTED_EDGE('',*,*,#1754,.T.);
#483=ORIENTED_EDGE('',*,*,#1755,.T.);
#484=ORIENTED_EDGE('',*,*,#1739,.F.);
#485=ORIENTED_EDGE('',*,*,#1756,.T.);
#486=ORIENTED_EDGE('',*,*,#1753,.T.);
#487=ORIENTED_EDGE('',*,*,#1746,.F.);
#488=ORIENTED_EDGE('',*,*,#1757,.T.);
#489=ORIENTED_EDGE('',*,*,#1749,.F.);
#490=ORIENTED_EDGE('',*,*,#1754,.F.);
#491=ORIENTED_EDGE('',*,*,#1756,.F.);
#492=ORIENTED_EDGE('',*,*,#1742,.F.);
#493=ORIENTED_EDGE('',*,*,#1758,.T.);
#494=ORIENTED_EDGE('',*,*,#1759,.T.);
#495=ORIENTED_EDGE('',*,*,#1760,.F.);
#496=ORIENTED_EDGE('',*,*,#1761,.T.);
#497=ORIENTED_EDGE('',*,*,#1762,.T.);
#498=ORIENTED_EDGE('',*,*,#1763,.F.);
#499=ORIENTED_EDGE('',*,*,#1764,.T.);
#500=ORIENTED_EDGE('',*,*,#1760,.T.);
#501=ORIENTED_EDGE('',*,*,#1763,.T.);
#502=ORIENTED_EDGE('',*,*,#1765,.T.);
#503=ORIENTED_EDGE('',*,*,#1766,.F.);
#504=ORIENTED_EDGE('',*,*,#1767,.T.);
#505=ORIENTED_EDGE('',*,*,#1768,.T.);
#506=ORIENTED_EDGE('',*,*,#1769,.F.);
#507=ORIENTED_EDGE('',*,*,#1770,.T.);
#508=ORIENTED_EDGE('',*,*,#1766,.T.);
#509=ORIENTED_EDGE('',*,*,#1769,.T.);
#510=ORIENTED_EDGE('',*,*,#1771,.T.);
#511=ORIENTED_EDGE('',*,*,#1772,.F.);
#512=ORIENTED_EDGE('',*,*,#1773,.T.);
#513=ORIENTED_EDGE('',*,*,#1774,.T.);
#514=ORIENTED_EDGE('',*,*,#1653,.F.);
#515=ORIENTED_EDGE('',*,*,#1775,.F.);
#516=ORIENTED_EDGE('',*,*,#1776,.T.);
#517=ORIENTED_EDGE('',*,*,#1777,.T.);
#518=ORIENTED_EDGE('',*,*,#1772,.T.);
#519=ORIENTED_EDGE('',*,*,#1778,.T.);
#520=ORIENTED_EDGE('',*,*,#1758,.F.);
#521=ORIENTED_EDGE('',*,*,#1779,.T.);
#522=ORIENTED_EDGE('',*,*,#1780,.T.);
#523=ORIENTED_EDGE('',*,*,#1781,.T.);
#524=ORIENTED_EDGE('',*,*,#1651,.F.);
#525=ORIENTED_EDGE('',*,*,#1764,.F.);
#526=ORIENTED_EDGE('',*,*,#1767,.F.);
#527=ORIENTED_EDGE('',*,*,#1770,.F.);
#528=ORIENTED_EDGE('',*,*,#1773,.F.);
#529=ORIENTED_EDGE('',*,*,#1777,.F.);
#530=ORIENTED_EDGE('',*,*,#1782,.T.);
#531=ORIENTED_EDGE('',*,*,#1779,.F.);
#532=ORIENTED_EDGE('',*,*,#1761,.F.);
#533=ORIENTED_EDGE('',*,*,#1783,.T.);
#534=ORIENTED_EDGE('',*,*,#1784,.T.);
#535=ORIENTED_EDGE('',*,*,#1785,.F.);
#536=ORIENTED_EDGE('',*,*,#1786,.T.);
#537=ORIENTED_EDGE('',*,*,#1787,.T.);
#538=ORIENTED_EDGE('',*,*,#1788,.F.);
#539=ORIENTED_EDGE('',*,*,#1789,.F.);
#540=ORIENTED_EDGE('',*,*,#1790,.T.);
#541=ORIENTED_EDGE('',*,*,#1791,.T.);
#542=ORIENTED_EDGE('',*,*,#1785,.T.);
#543=ORIENTED_EDGE('',*,*,#1792,.T.);
#544=ORIENTED_EDGE('',*,*,#1793,.F.);
#545=ORIENTED_EDGE('',*,*,#1794,.T.);
#546=ORIENTED_EDGE('',*,*,#1795,.T.);
#547=ORIENTED_EDGE('',*,*,#1796,.T.);
#548=ORIENTED_EDGE('',*,*,#1797,.F.);
#549=ORIENTED_EDGE('',*,*,#1793,.T.);
#550=ORIENTED_EDGE('',*,*,#1798,.T.);
#551=ORIENTED_EDGE('',*,*,#1799,.F.);
#552=ORIENTED_EDGE('',*,*,#1800,.T.);
#553=ORIENTED_EDGE('',*,*,#1801,.T.);
#554=ORIENTED_EDGE('',*,*,#1783,.F.);
#555=ORIENTED_EDGE('',*,*,#1802,.T.);
#556=ORIENTED_EDGE('',*,*,#1799,.T.);
#557=ORIENTED_EDGE('',*,*,#1791,.F.);
#558=ORIENTED_EDGE('',*,*,#1803,.T.);
#559=ORIENTED_EDGE('',*,*,#1794,.F.);
#560=ORIENTED_EDGE('',*,*,#1800,.F.);
#561=ORIENTED_EDGE('',*,*,#1802,.F.);
#562=ORIENTED_EDGE('',*,*,#1786,.F.);
#563=ORIENTED_EDGE('',*,*,#1804,.T.);
#564=ORIENTED_EDGE('',*,*,#1805,.T.);
#565=ORIENTED_EDGE('',*,*,#1806,.T.);
#566=ORIENTED_EDGE('',*,*,#1807,.T.);
#567=ORIENTED_EDGE('',*,*,#1808,.T.);
#568=ORIENTED_EDGE('',*,*,#1809,.T.);
#569=ORIENTED_EDGE('',*,*,#1810,.T.);
#570=ORIENTED_EDGE('',*,*,#1811,.T.);
#571=ORIENTED_EDGE('',*,*,#1812,.T.);
#572=ORIENTED_EDGE('',*,*,#1797,.T.);
#573=ORIENTED_EDGE('',*,*,#1813,.T.);
#574=ORIENTED_EDGE('',*,*,#1788,.T.);
#575=ORIENTED_EDGE('',*,*,#1814,.T.);
#576=ORIENTED_EDGE('',*,*,#1815,.T.);
#577=ORIENTED_EDGE('',*,*,#1816,.T.);
#578=ORIENTED_EDGE('',*,*,#1817,.T.);
#579=ORIENTED_EDGE('',*,*,#1818,.T.);
#580=ORIENTED_EDGE('',*,*,#1819,.T.);
#581=ORIENTED_EDGE('',*,*,#1820,.T.);
#582=ORIENTED_EDGE('',*,*,#1821,.T.);
#583=ORIENTED_EDGE('',*,*,#1822,.T.);
#584=ORIENTED_EDGE('',*,*,#1823,.T.);
#585=ORIENTED_EDGE('',*,*,#1824,.T.);
#586=ORIENTED_EDGE('',*,*,#1825,.T.);
#587=ORIENTED_EDGE('',*,*,#1826,.T.);
#588=ORIENTED_EDGE('',*,*,#1827,.F.);
#589=ORIENTED_EDGE('',*,*,#1828,.F.);
#590=ORIENTED_EDGE('',*,*,#1655,.T.);
#591=ORIENTED_EDGE('',*,*,#1829,.T.);
#592=ORIENTED_EDGE('',*,*,#1830,.T.);
#593=ORIENTED_EDGE('',*,*,#1831,.F.);
#594=ORIENTED_EDGE('',*,*,#1832,.T.);
#595=ORIENTED_EDGE('',*,*,#1833,.T.);
#596=ORIENTED_EDGE('',*,*,#1834,.F.);
#597=ORIENTED_EDGE('',*,*,#1835,.T.);
#598=ORIENTED_EDGE('',*,*,#1831,.T.);
#599=ORIENTED_EDGE('',*,*,#1834,.T.);
#600=ORIENTED_EDGE('',*,*,#1836,.T.);
#601=ORIENTED_EDGE('',*,*,#1837,.F.);
#602=ORIENTED_EDGE('',*,*,#1838,.T.);
#603=ORIENTED_EDGE('',*,*,#1839,.T.);
#604=ORIENTED_EDGE('',*,*,#1811,.F.);
#605=ORIENTED_EDGE('',*,*,#1840,.F.);
#606=ORIENTED_EDGE('',*,*,#1841,.T.);
#607=ORIENTED_EDGE('',*,*,#1842,.T.);
#608=ORIENTED_EDGE('',*,*,#1837,.T.);
#609=ORIENTED_EDGE('',*,*,#1843,.T.);
#610=ORIENTED_EDGE('',*,*,#1829,.F.);
#611=ORIENTED_EDGE('',*,*,#1844,.T.);
#612=ORIENTED_EDGE('',*,*,#1845,.T.);
#613=ORIENTED_EDGE('',*,*,#1846,.T.);
#614=ORIENTED_EDGE('',*,*,#1809,.F.);
#615=ORIENTED_EDGE('',*,*,#1835,.F.);
#616=ORIENTED_EDGE('',*,*,#1838,.F.);
#617=ORIENTED_EDGE('',*,*,#1842,.F.);
#618=ORIENTED_EDGE('',*,*,#1847,.T.);
#619=ORIENTED_EDGE('',*,*,#1844,.F.);
#620=ORIENTED_EDGE('',*,*,#1832,.F.);
#621=ORIENTED_EDGE('',*,*,#1848,.T.);
#622=ORIENTED_EDGE('',*,*,#1849,.T.);
#623=ORIENTED_EDGE('',*,*,#1850,.F.);
#624=ORIENTED_EDGE('',*,*,#1851,.T.);
#625=ORIENTED_EDGE('',*,*,#1852,.T.);
#626=ORIENTED_EDGE('',*,*,#1821,.F.);
#627=ORIENTED_EDGE('',*,*,#1853,.F.);
#628=ORIENTED_EDGE('',*,*,#1854,.T.);
#629=ORIENTED_EDGE('',*,*,#1855,.T.);
#630=ORIENTED_EDGE('',*,*,#1850,.T.);
#631=ORIENTED_EDGE('',*,*,#1856,.T.);
#632=ORIENTED_EDGE('',*,*,#1857,.F.);
#633=ORIENTED_EDGE('',*,*,#1858,.T.);
#634=ORIENTED_EDGE('',*,*,#1859,.T.);
#635=ORIENTED_EDGE('',*,*,#1860,.T.);
#636=ORIENTED_EDGE('',*,*,#1819,.F.);
#637=ORIENTED_EDGE('',*,*,#1857,.T.);
#638=ORIENTED_EDGE('',*,*,#1861,.T.);
#639=ORIENTED_EDGE('',*,*,#1862,.F.);
#640=ORIENTED_EDGE('',*,*,#1863,.T.);
#641=ORIENTED_EDGE('',*,*,#1864,.T.);
#642=ORIENTED_EDGE('',*,*,#1848,.F.);
#643=ORIENTED_EDGE('',*,*,#1865,.T.);
#644=ORIENTED_EDGE('',*,*,#1862,.T.);
#645=ORIENTED_EDGE('',*,*,#1855,.F.);
#646=ORIENTED_EDGE('',*,*,#1866,.T.);
#647=ORIENTED_EDGE('',*,*,#1858,.F.);
#648=ORIENTED_EDGE('',*,*,#1863,.F.);
#649=ORIENTED_EDGE('',*,*,#1865,.F.);
#650=ORIENTED_EDGE('',*,*,#1851,.F.);
#651=ORIENTED_EDGE('',*,*,#1867,.T.);
#652=ORIENTED_EDGE('',*,*,#1868,.T.);
#653=ORIENTED_EDGE('',*,*,#1869,.F.);
#654=ORIENTED_EDGE('',*,*,#1870,.T.);
#655=ORIENTED_EDGE('',*,*,#1871,.T.);
#656=ORIENTED_EDGE('',*,*,#1872,.F.);
#657=ORIENTED_EDGE('',*,*,#1873,.T.);
#658=ORIENTED_EDGE('',*,*,#1869,.T.);
#659=ORIENTED_EDGE('',*,*,#1872,.T.);
#660=ORIENTED_EDGE('',*,*,#1874,.T.);
#661=ORIENTED_EDGE('',*,*,#1875,.F.);
#662=ORIENTED_EDGE('',*,*,#1876,.T.);
#663=ORIENTED_EDGE('',*,*,#1877,.T.);
#664=ORIENTED_EDGE('',*,*,#1817,.F.);
#665=ORIENTED_EDGE('',*,*,#1878,.F.);
#666=ORIENTED_EDGE('',*,*,#1879,.T.);
#667=ORIENTED_EDGE('',*,*,#1880,.T.);
#668=ORIENTED_EDGE('',*,*,#1875,.T.);
#669=ORIENTED_EDGE('',*,*,#1881,.T.);
#670=ORIENTED_EDGE('',*,*,#1867,.F.);
#671=ORIENTED_EDGE('',*,*,#1882,.T.);
#672=ORIENTED_EDGE('',*,*,#1883,.T.);
#673=ORIENTED_EDGE('',*,*,#1884,.T.);
#674=ORIENTED_EDGE('',*,*,#1815,.F.);
#675=ORIENTED_EDGE('',*,*,#1873,.F.);
#676=ORIENTED_EDGE('',*,*,#1876,.F.);
#677=ORIENTED_EDGE('',*,*,#1880,.F.);
#678=ORIENTED_EDGE('',*,*,#1885,.T.);
#679=ORIENTED_EDGE('',*,*,#1882,.F.);
#680=ORIENTED_EDGE('',*,*,#1870,.F.);
#681=ORIENTED_EDGE('',*,*,#1886,.T.);
#682=ORIENTED_EDGE('',*,*,#1887,.T.);
#683=ORIENTED_EDGE('',*,*,#1888,.F.);
#684=ORIENTED_EDGE('',*,*,#1889,.T.);
#685=ORIENTED_EDGE('',*,*,#1890,.T.);
#686=ORIENTED_EDGE('',*,*,#1891,.F.);
#687=ORIENTED_EDGE('',*,*,#1892,.T.);
#688=ORIENTED_EDGE('',*,*,#1888,.T.);
#689=ORIENTED_EDGE('',*,*,#1891,.T.);
#690=ORIENTED_EDGE('',*,*,#1893,.T.);
#691=ORIENTED_EDGE('',*,*,#1894,.F.);
#692=ORIENTED_EDGE('',*,*,#1895,.T.);
#693=ORIENTED_EDGE('',*,*,#1896,.T.);
#694=ORIENTED_EDGE('',*,*,#1825,.F.);
#695=ORIENTED_EDGE('',*,*,#1897,.F.);
#696=ORIENTED_EDGE('',*,*,#1898,.T.);
#697=ORIENTED_EDGE('',*,*,#1899,.T.);
#698=ORIENTED_EDGE('',*,*,#1894,.T.);
#699=ORIENTED_EDGE('',*,*,#1900,.T.);
#700=ORIENTED_EDGE('',*,*,#1901,.F.);
#701=ORIENTED_EDGE('',*,*,#1902,.T.);
#702=ORIENTED_EDGE('',*,*,#1903,.T.);
#703=ORIENTED_EDGE('',*,*,#1904,.T.);
#704=ORIENTED_EDGE('',*,*,#1823,.F.);
#705=ORIENTED_EDGE('',*,*,#1901,.T.);
#706=ORIENTED_EDGE('',*,*,#1905,.T.);
#707=ORIENTED_EDGE('',*,*,#1906,.F.);
#708=ORIENTED_EDGE('',*,*,#1907,.T.);
#709=ORIENTED_EDGE('',*,*,#1908,.T.);
#710=ORIENTED_EDGE('',*,*,#1886,.F.);
#711=ORIENTED_EDGE('',*,*,#1909,.T.);
#712=ORIENTED_EDGE('',*,*,#1906,.T.);
#713=ORIENTED_EDGE('',*,*,#1892,.F.);
#714=ORIENTED_EDGE('',*,*,#1895,.F.);
#715=ORIENTED_EDGE('',*,*,#1899,.F.);
#716=ORIENTED_EDGE('',*,*,#1910,.T.);
#717=ORIENTED_EDGE('',*,*,#1902,.F.);
#718=ORIENTED_EDGE('',*,*,#1907,.F.);
#719=ORIENTED_EDGE('',*,*,#1909,.F.);
#720=ORIENTED_EDGE('',*,*,#1889,.F.);
#721=ORIENTED_EDGE('',*,*,#1911,.T.);
#722=ORIENTED_EDGE('',*,*,#1912,.T.);
#723=ORIENTED_EDGE('',*,*,#1913,.F.);
#724=ORIENTED_EDGE('',*,*,#1914,.T.);
#725=ORIENTED_EDGE('',*,*,#1915,.T.);
#726=ORIENTED_EDGE('',*,*,#1916,.F.);
#727=ORIENTED_EDGE('',*,*,#1917,.T.);
#728=ORIENTED_EDGE('',*,*,#1913,.T.);
#729=ORIENTED_EDGE('',*,*,#1916,.T.);
#730=ORIENTED_EDGE('',*,*,#1918,.T.);
#731=ORIENTED_EDGE('',*,*,#1919,.F.);
#732=ORIENTED_EDGE('',*,*,#1920,.T.);
#733=ORIENTED_EDGE('',*,*,#1921,.T.);
#734=ORIENTED_EDGE('',*,*,#1922,.F.);
#735=ORIENTED_EDGE('',*,*,#1923,.T.);
#736=ORIENTED_EDGE('',*,*,#1919,.T.);
#737=ORIENTED_EDGE('',*,*,#1922,.T.);
#738=ORIENTED_EDGE('',*,*,#1924,.T.);
#739=ORIENTED_EDGE('',*,*,#1925,.F.);
#740=ORIENTED_EDGE('',*,*,#1926,.T.);
#741=ORIENTED_EDGE('',*,*,#1927,.T.);
#742=ORIENTED_EDGE('',*,*,#1807,.F.);
#743=ORIENTED_EDGE('',*,*,#1928,.F.);
#744=ORIENTED_EDGE('',*,*,#1929,.T.);
#745=ORIENTED_EDGE('',*,*,#1930,.T.);
#746=ORIENTED_EDGE('',*,*,#1925,.T.);
#747=ORIENTED_EDGE('',*,*,#1931,.T.);
#748=ORIENTED_EDGE('',*,*,#1911,.F.);
#749=ORIENTED_EDGE('',*,*,#1932,.T.);
#750=ORIENTED_EDGE('',*,*,#1933,.T.);
#751=ORIENTED_EDGE('',*,*,#1934,.T.);
#752=ORIENTED_EDGE('',*,*,#1805,.F.);
#753=ORIENTED_EDGE('',*,*,#1917,.F.);
#754=ORIENTED_EDGE('',*,*,#1920,.F.);
#755=ORIENTED_EDGE('',*,*,#1923,.F.);
#756=ORIENTED_EDGE('',*,*,#1926,.F.);
#757=ORIENTED_EDGE('',*,*,#1930,.F.);
#758=ORIENTED_EDGE('',*,*,#1935,.T.);
#759=ORIENTED_EDGE('',*,*,#1932,.F.);
#760=ORIENTED_EDGE('',*,*,#1914,.F.);
#761=ORIENTED_EDGE('',*,*,#1936,.T.);
#762=ORIENTED_EDGE('',*,*,#1937,.T.);
#763=ORIENTED_EDGE('',*,*,#1938,.F.);
#764=ORIENTED_EDGE('',*,*,#1939,.T.);
#765=ORIENTED_EDGE('',*,*,#1940,.T.);
#766=ORIENTED_EDGE('',*,*,#1941,.F.);
#767=ORIENTED_EDGE('',*,*,#1942,.F.);
#768=ORIENTED_EDGE('',*,*,#1943,.T.);
#769=ORIENTED_EDGE('',*,*,#1944,.T.);
#770=ORIENTED_EDGE('',*,*,#1938,.T.);
#771=ORIENTED_EDGE('',*,*,#1945,.T.);
#772=ORIENTED_EDGE('',*,*,#1946,.F.);
#773=ORIENTED_EDGE('',*,*,#1947,.T.);
#774=ORIENTED_EDGE('',*,*,#1948,.T.);
#775=ORIENTED_EDGE('',*,*,#1949,.T.);
#776=ORIENTED_EDGE('',*,*,#1950,.F.);
#777=ORIENTED_EDGE('',*,*,#1946,.T.);
#778=ORIENTED_EDGE('',*,*,#1951,.T.);
#779=ORIENTED_EDGE('',*,*,#1952,.F.);
#780=ORIENTED_EDGE('',*,*,#1953,.T.);
#781=ORIENTED_EDGE('',*,*,#1954,.T.);
#782=ORIENTED_EDGE('',*,*,#1936,.F.);
#783=ORIENTED_EDGE('',*,*,#1955,.T.);
#784=ORIENTED_EDGE('',*,*,#1952,.T.);
#785=ORIENTED_EDGE('',*,*,#1944,.F.);
#786=ORIENTED_EDGE('',*,*,#1956,.T.);
#787=ORIENTED_EDGE('',*,*,#1947,.F.);
#788=ORIENTED_EDGE('',*,*,#1953,.F.);
#789=ORIENTED_EDGE('',*,*,#1955,.F.);
#790=ORIENTED_EDGE('',*,*,#1939,.F.);
#791=ORIENTED_EDGE('',*,*,#1957,.T.);
#792=ORIENTED_EDGE('',*,*,#1958,.T.);
#793=ORIENTED_EDGE('',*,*,#1959,.T.);
#794=ORIENTED_EDGE('',*,*,#1960,.T.);
#795=ORIENTED_EDGE('',*,*,#1961,.T.);
#796=ORIENTED_EDGE('',*,*,#1962,.T.);
#797=ORIENTED_EDGE('',*,*,#1963,.T.);
#798=ORIENTED_EDGE('',*,*,#1964,.T.);
#799=ORIENTED_EDGE('',*,*,#1965,.T.);
#800=ORIENTED_EDGE('',*,*,#1966,.F.);
#801=ORIENTED_EDGE('',*,*,#1967,.F.);
#802=ORIENTED_EDGE('',*,*,#1827,.T.);
#803=ORIENTED_EDGE('',*,*,#1968,.T.);
#804=ORIENTED_EDGE('',*,*,#1969,.T.);
#805=ORIENTED_EDGE('',*,*,#1970,.T.);
#806=ORIENTED_EDGE('',*,*,#1971,.T.);
#807=ORIENTED_EDGE('',*,*,#1972,.T.);
#808=ORIENTED_EDGE('',*,*,#1950,.T.);
#809=ORIENTED_EDGE('',*,*,#1973,.T.);
#810=ORIENTED_EDGE('',*,*,#1941,.T.);
#811=ORIENTED_EDGE('',*,*,#1974,.T.);
#812=ORIENTED_EDGE('',*,*,#1975,.T.);
#813=ORIENTED_EDGE('',*,*,#1976,.T.);
#814=ORIENTED_EDGE('',*,*,#1977,.T.);
#815=ORIENTED_EDGE('',*,*,#1978,.T.);
#816=ORIENTED_EDGE('',*,*,#1979,.T.);
#817=ORIENTED_EDGE('',*,*,#1980,.T.);
#818=ORIENTED_EDGE('',*,*,#1981,.T.);
#819=ORIENTED_EDGE('',*,*,#1982,.T.);
#820=ORIENTED_EDGE('',*,*,#1983,.T.);
#821=ORIENTED_EDGE('',*,*,#1984,.F.);
#822=ORIENTED_EDGE('',*,*,#1985,.T.);
#823=ORIENTED_EDGE('',*,*,#1986,.T.);
#824=ORIENTED_EDGE('',*,*,#1981,.F.);
#825=ORIENTED_EDGE('',*,*,#1987,.F.);
#826=ORIENTED_EDGE('',*,*,#1988,.T.);
#827=ORIENTED_EDGE('',*,*,#1989,.T.);
#828=ORIENTED_EDGE('',*,*,#1984,.T.);
#829=ORIENTED_EDGE('',*,*,#1990,.T.);
#830=ORIENTED_EDGE('',*,*,#1991,.F.);
#831=ORIENTED_EDGE('',*,*,#1992,.T.);
#832=ORIENTED_EDGE('',*,*,#1993,.T.);
#833=ORIENTED_EDGE('',*,*,#1994,.T.);
#834=ORIENTED_EDGE('',*,*,#1979,.F.);
#835=ORIENTED_EDGE('',*,*,#1991,.T.);
#836=ORIENTED_EDGE('',*,*,#1995,.T.);
#837=ORIENTED_EDGE('',*,*,#1996,.F.);
#838=ORIENTED_EDGE('',*,*,#1997,.T.);
#839=ORIENTED_EDGE('',*,*,#1998,.T.);
#840=ORIENTED_EDGE('',*,*,#1982,.F.);
#841=ORIENTED_EDGE('',*,*,#1999,.T.);
#842=ORIENTED_EDGE('',*,*,#1996,.T.);
#843=ORIENTED_EDGE('',*,*,#1989,.F.);
#844=ORIENTED_EDGE('',*,*,#2000,.T.);
#845=ORIENTED_EDGE('',*,*,#1992,.F.);
#846=ORIENTED_EDGE('',*,*,#1997,.F.);
#847=ORIENTED_EDGE('',*,*,#1999,.F.);
#848=ORIENTED_EDGE('',*,*,#1985,.F.);
#849=ORIENTED_EDGE('',*,*,#2001,.T.);
#850=ORIENTED_EDGE('',*,*,#2002,.T.);
#851=ORIENTED_EDGE('',*,*,#2003,.F.);
#852=ORIENTED_EDGE('',*,*,#2004,.T.);
#853=ORIENTED_EDGE('',*,*,#2005,.T.);
#854=ORIENTED_EDGE('',*,*,#2006,.F.);
#855=ORIENTED_EDGE('',*,*,#2007,.T.);
#856=ORIENTED_EDGE('',*,*,#2003,.T.);
#857=ORIENTED_EDGE('',*,*,#2006,.T.);
#858=ORIENTED_EDGE('',*,*,#2008,.T.);
#859=ORIENTED_EDGE('',*,*,#2009,.F.);
#860=ORIENTED_EDGE('',*,*,#2010,.T.);
#861=ORIENTED_EDGE('',*,*,#2011,.T.);
#862=ORIENTED_EDGE('',*,*,#1977,.F.);
#863=ORIENTED_EDGE('',*,*,#2012,.F.);
#864=ORIENTED_EDGE('',*,*,#2013,.T.);
#865=ORIENTED_EDGE('',*,*,#2014,.T.);
#866=ORIENTED_EDGE('',*,*,#2009,.T.);
#867=ORIENTED_EDGE('',*,*,#2015,.T.);
#868=ORIENTED_EDGE('',*,*,#2001,.F.);
#869=ORIENTED_EDGE('',*,*,#2016,.T.);
#870=ORIENTED_EDGE('',*,*,#2017,.T.);
#871=ORIENTED_EDGE('',*,*,#2018,.T.);
#872=ORIENTED_EDGE('',*,*,#1975,.F.);
#873=ORIENTED_EDGE('',*,*,#2007,.F.);
#874=ORIENTED_EDGE('',*,*,#2010,.F.);
#875=ORIENTED_EDGE('',*,*,#2014,.F.);
#876=ORIENTED_EDGE('',*,*,#2019,.T.);
#877=ORIENTED_EDGE('',*,*,#2016,.F.);
#878=ORIENTED_EDGE('',*,*,#2004,.F.);
#879=ORIENTED_EDGE('',*,*,#2020,.T.);
#880=ORIENTED_EDGE('',*,*,#2021,.T.);
#881=ORIENTED_EDGE('',*,*,#2022,.F.);
#882=ORIENTED_EDGE('',*,*,#2023,.T.);
#883=ORIENTED_EDGE('',*,*,#2024,.T.);
#884=ORIENTED_EDGE('',*,*,#2025,.F.);
#885=ORIENTED_EDGE('',*,*,#2026,.T.);
#886=ORIENTED_EDGE('',*,*,#2022,.T.);
#887=ORIENTED_EDGE('',*,*,#2025,.T.);
#888=ORIENTED_EDGE('',*,*,#2027,.T.);
#889=ORIENTED_EDGE('',*,*,#2028,.F.);
#890=ORIENTED_EDGE('',*,*,#2029,.T.);
#891=ORIENTED_EDGE('',*,*,#2030,.T.);
#892=ORIENTED_EDGE('',*,*,#1960,.F.);
#893=ORIENTED_EDGE('',*,*,#2031,.F.);
#894=ORIENTED_EDGE('',*,*,#2032,.T.);
#895=ORIENTED_EDGE('',*,*,#2033,.T.);
#896=ORIENTED_EDGE('',*,*,#2028,.T.);
#897=ORIENTED_EDGE('',*,*,#2034,.T.);
#898=ORIENTED_EDGE('',*,*,#2020,.F.);
#899=ORIENTED_EDGE('',*,*,#2035,.T.);
#900=ORIENTED_EDGE('',*,*,#2036,.T.);
#901=ORIENTED_EDGE('',*,*,#2037,.T.);
#902=ORIENTED_EDGE('',*,*,#1958,.F.);
#903=ORIENTED_EDGE('',*,*,#2026,.F.);
#904=ORIENTED_EDGE('',*,*,#2029,.F.);
#905=ORIENTED_EDGE('',*,*,#2033,.F.);
#906=ORIENTED_EDGE('',*,*,#2038,.T.);
#907=ORIENTED_EDGE('',*,*,#2035,.F.);
#908=ORIENTED_EDGE('',*,*,#2023,.F.);
#909=ORIENTED_EDGE('',*,*,#2039,.T.);
#910=ORIENTED_EDGE('',*,*,#2040,.T.);
#911=ORIENTED_EDGE('',*,*,#2041,.F.);
#912=ORIENTED_EDGE('',*,*,#2042,.T.);
#913=ORIENTED_EDGE('',*,*,#2043,.T.);
#914=ORIENTED_EDGE('',*,*,#2044,.F.);
#915=ORIENTED_EDGE('',*,*,#2045,.F.);
#916=ORIENTED_EDGE('',*,*,#2046,.T.);
#917=ORIENTED_EDGE('',*,*,#2047,.T.);
#918=ORIENTED_EDGE('',*,*,#2041,.T.);
#919=ORIENTED_EDGE('',*,*,#2048,.T.);
#920=ORIENTED_EDGE('',*,*,#2049,.F.);
#921=ORIENTED_EDGE('',*,*,#2050,.T.);
#922=ORIENTED_EDGE('',*,*,#2051,.T.);
#923=ORIENTED_EDGE('',*,*,#2052,.T.);
#924=ORIENTED_EDGE('',*,*,#2053,.F.);
#925=ORIENTED_EDGE('',*,*,#2049,.T.);
#926=ORIENTED_EDGE('',*,*,#2054,.T.);
#927=ORIENTED_EDGE('',*,*,#2055,.F.);
#928=ORIENTED_EDGE('',*,*,#2056,.T.);
#929=ORIENTED_EDGE('',*,*,#2057,.T.);
#930=ORIENTED_EDGE('',*,*,#2039,.F.);
#931=ORIENTED_EDGE('',*,*,#2058,.T.);
#932=ORIENTED_EDGE('',*,*,#2055,.T.);
#933=ORIENTED_EDGE('',*,*,#2047,.F.);
#934=ORIENTED_EDGE('',*,*,#2059,.T.);
#935=ORIENTED_EDGE('',*,*,#2050,.F.);
#936=ORIENTED_EDGE('',*,*,#2056,.F.);
#937=ORIENTED_EDGE('',*,*,#2058,.F.);
#938=ORIENTED_EDGE('',*,*,#2042,.F.);
#939=ORIENTED_EDGE('',*,*,#2060,.T.);
#940=ORIENTED_EDGE('',*,*,#2061,.T.);
#941=ORIENTED_EDGE('',*,*,#2062,.T.);
#942=ORIENTED_EDGE('',*,*,#2063,.T.);
#943=ORIENTED_EDGE('',*,*,#2064,.T.);
#944=ORIENTED_EDGE('',*,*,#1657,.F.);
#945=ORIENTED_EDGE('',*,*,#2065,.F.);
#946=ORIENTED_EDGE('',*,*,#1966,.T.);
#947=ORIENTED_EDGE('',*,*,#2066,.T.);
#948=ORIENTED_EDGE('',*,*,#2067,.T.);
#949=ORIENTED_EDGE('',*,*,#2068,.T.);
#950=ORIENTED_EDGE('',*,*,#2069,.T.);
#951=ORIENTED_EDGE('',*,*,#2070,.T.);
#952=ORIENTED_EDGE('',*,*,#2053,.T.);
#953=ORIENTED_EDGE('',*,*,#2071,.T.);
#954=ORIENTED_EDGE('',*,*,#2044,.T.);
#955=ORIENTED_EDGE('',*,*,#2072,.T.);
#956=ORIENTED_EDGE('',*,*,#2073,.T.);
#957=ORIENTED_EDGE('',*,*,#2074,.T.);
#958=ORIENTED_EDGE('',*,*,#2075,.T.);
#959=ORIENTED_EDGE('',*,*,#2076,.T.);
#960=ORIENTED_EDGE('',*,*,#2077,.T.);
#961=ORIENTED_EDGE('',*,*,#2078,.T.);
#962=ORIENTED_EDGE('',*,*,#2079,.T.);
#963=ORIENTED_EDGE('',*,*,#2080,.T.);
#964=ORIENTED_EDGE('',*,*,#2081,.T.);
#965=ORIENTED_EDGE('',*,*,#2082,.T.);
#966=ORIENTED_EDGE('',*,*,#2083,.T.);
#967=ORIENTED_EDGE('',*,*,#2084,.T.);
#968=ORIENTED_EDGE('',*,*,#2085,.T.);
#969=ORIENTED_EDGE('',*,*,#2086,.F.);
#970=ORIENTED_EDGE('',*,*,#2087,.T.);
#971=ORIENTED_EDGE('',*,*,#2088,.T.);
#972=ORIENTED_EDGE('',*,*,#2089,.F.);
#973=ORIENTED_EDGE('',*,*,#2090,.T.);
#974=ORIENTED_EDGE('',*,*,#2086,.T.);
#975=ORIENTED_EDGE('',*,*,#2089,.T.);
#976=ORIENTED_EDGE('',*,*,#2091,.T.);
#977=ORIENTED_EDGE('',*,*,#2092,.F.);
#978=ORIENTED_EDGE('',*,*,#2093,.T.);
#979=ORIENTED_EDGE('',*,*,#2094,.T.);
#980=ORIENTED_EDGE('',*,*,#2095,.F.);
#981=ORIENTED_EDGE('',*,*,#2096,.T.);
#982=ORIENTED_EDGE('',*,*,#2092,.T.);
#983=ORIENTED_EDGE('',*,*,#2095,.T.);
#984=ORIENTED_EDGE('',*,*,#2097,.T.);
#985=ORIENTED_EDGE('',*,*,#2098,.F.);
#986=ORIENTED_EDGE('',*,*,#2099,.T.);
#987=ORIENTED_EDGE('',*,*,#2100,.T.);
#988=ORIENTED_EDGE('',*,*,#1971,.F.);
#989=ORIENTED_EDGE('',*,*,#2101,.F.);
#990=ORIENTED_EDGE('',*,*,#2102,.T.);
#991=ORIENTED_EDGE('',*,*,#2103,.T.);
#992=ORIENTED_EDGE('',*,*,#2098,.T.);
#993=ORIENTED_EDGE('',*,*,#2104,.T.);
#994=ORIENTED_EDGE('',*,*,#2084,.F.);
#995=ORIENTED_EDGE('',*,*,#2105,.T.);
#996=ORIENTED_EDGE('',*,*,#2106,.T.);
#997=ORIENTED_EDGE('',*,*,#2107,.T.);
#998=ORIENTED_EDGE('',*,*,#1969,.F.);
#999=ORIENTED_EDGE('',*,*,#2090,.F.);
#1000=ORIENTED_EDGE('',*,*,#2093,.F.);
#1001=ORIENTED_EDGE('',*,*,#2096,.F.);
#1002=ORIENTED_EDGE('',*,*,#2099,.F.);
#1003=ORIENTED_EDGE('',*,*,#2103,.F.);
#1004=ORIENTED_EDGE('',*,*,#2108,.T.);
#1005=ORIENTED_EDGE('',*,*,#2105,.F.);
#1006=ORIENTED_EDGE('',*,*,#2087,.F.);
#1007=ORIENTED_EDGE('',*,*,#2109,.T.);
#1008=ORIENTED_EDGE('',*,*,#2110,.T.);
#1009=ORIENTED_EDGE('',*,*,#2111,.F.);
#1010=ORIENTED_EDGE('',*,*,#2112,.T.);
#1011=ORIENTED_EDGE('',*,*,#2113,.T.);
#1012=ORIENTED_EDGE('',*,*,#2079,.F.);
#1013=ORIENTED_EDGE('',*,*,#2114,.F.);
#1014=ORIENTED_EDGE('',*,*,#2115,.T.);
#1015=ORIENTED_EDGE('',*,*,#2116,.T.);
#1016=ORIENTED_EDGE('',*,*,#2111,.T.);
#1017=ORIENTED_EDGE('',*,*,#2117,.T.);
#1018=ORIENTED_EDGE('',*,*,#2118,.F.);
#1019=ORIENTED_EDGE('',*,*,#2119,.T.);
#1020=ORIENTED_EDGE('',*,*,#2120,.T.);
#1021=ORIENTED_EDGE('',*,*,#2121,.T.);
#1022=ORIENTED_EDGE('',*,*,#2077,.F.);
#1023=ORIENTED_EDGE('',*,*,#2118,.T.);
#1024=ORIENTED_EDGE('',*,*,#2122,.T.);
#1025=ORIENTED_EDGE('',*,*,#2123,.F.);
#1026=ORIENTED_EDGE('',*,*,#2124,.T.);
#1027=ORIENTED_EDGE('',*,*,#2125,.T.);
#1028=ORIENTED_EDGE('',*,*,#2109,.F.);
#1029=ORIENTED_EDGE('',*,*,#2126,.T.);
#1030=ORIENTED_EDGE('',*,*,#2123,.T.);
#1031=ORIENTED_EDGE('',*,*,#2116,.F.);
#1032=ORIENTED_EDGE('',*,*,#2127,.T.);
#1033=ORIENTED_EDGE('',*,*,#2119,.F.);
#1034=ORIENTED_EDGE('',*,*,#2124,.F.);
#1035=ORIENTED_EDGE('',*,*,#2126,.F.);
#1036=ORIENTED_EDGE('',*,*,#2112,.F.);
#1037=ORIENTED_EDGE('',*,*,#2128,.T.);
#1038=ORIENTED_EDGE('',*,*,#2129,.T.);
#1039=ORIENTED_EDGE('',*,*,#2130,.F.);
#1040=ORIENTED_EDGE('',*,*,#2131,.T.);
#1041=ORIENTED_EDGE('',*,*,#2132,.T.);
#1042=ORIENTED_EDGE('',*,*,#1964,.F.);
#1043=ORIENTED_EDGE('',*,*,#2133,.F.);
#1044=ORIENTED_EDGE('',*,*,#2134,.T.);
#1045=ORIENTED_EDGE('',*,*,#2135,.T.);
#1046=ORIENTED_EDGE('',*,*,#2130,.T.);
#1047=ORIENTED_EDGE('',*,*,#2136,.T.);
#1048=ORIENTED_EDGE('',*,*,#2137,.F.);
#1049=ORIENTED_EDGE('',*,*,#2138,.T.);
#1050=ORIENTED_EDGE('',*,*,#2139,.T.);
#1051=ORIENTED_EDGE('',*,*,#2140,.T.);
#1052=ORIENTED_EDGE('',*,*,#1962,.F.);
#1053=ORIENTED_EDGE('',*,*,#2137,.T.);
#1054=ORIENTED_EDGE('',*,*,#2141,.T.);
#1055=ORIENTED_EDGE('',*,*,#2142,.F.);
#1056=ORIENTED_EDGE('',*,*,#2143,.T.);
#1057=ORIENTED_EDGE('',*,*,#2144,.T.);
#1058=ORIENTED_EDGE('',*,*,#2145,.F.);
#1059=ORIENTED_EDGE('',*,*,#2146,.T.);
#1060=ORIENTED_EDGE('',*,*,#2142,.T.);
#1061=ORIENTED_EDGE('',*,*,#2145,.T.);
#1062=ORIENTED_EDGE('',*,*,#2147,.T.);
#1063=ORIENTED_EDGE('',*,*,#2148,.F.);
#1064=ORIENTED_EDGE('',*,*,#2149,.T.);
#1065=ORIENTED_EDGE('',*,*,#2150,.T.);
#1066=ORIENTED_EDGE('',*,*,#2128,.F.);
#1067=ORIENTED_EDGE('',*,*,#2151,.T.);
#1068=ORIENTED_EDGE('',*,*,#2148,.T.);
#1069=ORIENTED_EDGE('',*,*,#2135,.F.);
#1070=ORIENTED_EDGE('',*,*,#2152,.T.);
#1071=ORIENTED_EDGE('',*,*,#2138,.F.);
#1072=ORIENTED_EDGE('',*,*,#2143,.F.);
#1073=ORIENTED_EDGE('',*,*,#2146,.F.);
#1074=ORIENTED_EDGE('',*,*,#2149,.F.);
#1075=ORIENTED_EDGE('',*,*,#2151,.F.);
#1076=ORIENTED_EDGE('',*,*,#2131,.F.);
#1077=ORIENTED_EDGE('',*,*,#2153,.T.);
#1078=ORIENTED_EDGE('',*,*,#2154,.T.);
#1079=ORIENTED_EDGE('',*,*,#2155,.F.);
#1080=ORIENTED_EDGE('',*,*,#2156,.T.);
#1081=ORIENTED_EDGE('',*,*,#2157,.T.);
#1082=ORIENTED_EDGE('',*,*,#2075,.F.);
#1083=ORIENTED_EDGE('',*,*,#2158,.F.);
#1084=ORIENTED_EDGE('',*,*,#2159,.T.);
#1085=ORIENTED_EDGE('',*,*,#2160,.T.);
#1086=ORIENTED_EDGE('',*,*,#2155,.T.);
#1087=ORIENTED_EDGE('',*,*,#2161,.T.);
#1088=ORIENTED_EDGE('',*,*,#2162,.F.);
#1089=ORIENTED_EDGE('',*,*,#2163,.T.);
#1090=ORIENTED_EDGE('',*,*,#2164,.T.);
#1091=ORIENTED_EDGE('',*,*,#2165,.T.);
#1092=ORIENTED_EDGE('',*,*,#2073,.F.);
#1093=ORIENTED_EDGE('',*,*,#2162,.T.);
#1094=ORIENTED_EDGE('',*,*,#2166,.T.);
#1095=ORIENTED_EDGE('',*,*,#2167,.F.);
#1096=ORIENTED_EDGE('',*,*,#2168,.T.);
#1097=ORIENTED_EDGE('',*,*,#2169,.T.);
#1098=ORIENTED_EDGE('',*,*,#2153,.F.);
#1099=ORIENTED_EDGE('',*,*,#2170,.T.);
#1100=ORIENTED_EDGE('',*,*,#2167,.T.);
#1101=ORIENTED_EDGE('',*,*,#2160,.F.);
#1102=ORIENTED_EDGE('',*,*,#2171,.T.);
#1103=ORIENTED_EDGE('',*,*,#2163,.F.);
#1104=ORIENTED_EDGE('',*,*,#2168,.F.);
#1105=ORIENTED_EDGE('',*,*,#2170,.F.);
#1106=ORIENTED_EDGE('',*,*,#2156,.F.);
#1107=ORIENTED_EDGE('',*,*,#2172,.T.);
#1108=ORIENTED_EDGE('',*,*,#2173,.T.);
#1109=ORIENTED_EDGE('',*,*,#2174,.F.);
#1110=ORIENTED_EDGE('',*,*,#2175,.T.);
#1111=ORIENTED_EDGE('',*,*,#2176,.T.);
#1112=ORIENTED_EDGE('',*,*,#2083,.F.);
#1113=ORIENTED_EDGE('',*,*,#2177,.F.);
#1114=ORIENTED_EDGE('',*,*,#2178,.T.);
#1115=ORIENTED_EDGE('',*,*,#2179,.T.);
#1116=ORIENTED_EDGE('',*,*,#2174,.T.);
#1117=ORIENTED_EDGE('',*,*,#2180,.T.);
#1118=ORIENTED_EDGE('',*,*,#2181,.F.);
#1119=ORIENTED_EDGE('',*,*,#2182,.T.);
#1120=ORIENTED_EDGE('',*,*,#2183,.T.);
#1121=ORIENTED_EDGE('',*,*,#2184,.T.);
#1122=ORIENTED_EDGE('',*,*,#2081,.F.);
#1123=ORIENTED_EDGE('',*,*,#2181,.T.);
#1124=ORIENTED_EDGE('',*,*,#2185,.T.);
#1125=ORIENTED_EDGE('',*,*,#2186,.F.);
#1126=ORIENTED_EDGE('',*,*,#2187,.T.);
#1127=ORIENTED_EDGE('',*,*,#2188,.T.);
#1128=ORIENTED_EDGE('',*,*,#2172,.F.);
#1129=ORIENTED_EDGE('',*,*,#2189,.T.);
#1130=ORIENTED_EDGE('',*,*,#2186,.T.);
#1131=ORIENTED_EDGE('',*,*,#2179,.F.);
#1132=ORIENTED_EDGE('',*,*,#2190,.T.);
#1133=ORIENTED_EDGE('',*,*,#2182,.F.);
#1134=ORIENTED_EDGE('',*,*,#2187,.F.);
#1135=ORIENTED_EDGE('',*,*,#2189,.F.);
#1136=ORIENTED_EDGE('',*,*,#2175,.F.);
#1137=ORIENTED_EDGE('',*,*,#2191,.T.);
#1138=ORIENTED_EDGE('',*,*,#2192,.T.);
#1139=ORIENTED_EDGE('',*,*,#2193,.F.);
#1140=ORIENTED_EDGE('',*,*,#2194,.T.);
#1141=ORIENTED_EDGE('',*,*,#2195,.T.);
#1142=ORIENTED_EDGE('',*,*,#2063,.F.);
#1143=ORIENTED_EDGE('',*,*,#2196,.F.);
#1144=ORIENTED_EDGE('',*,*,#2197,.T.);
#1145=ORIENTED_EDGE('',*,*,#2198,.T.);
#1146=ORIENTED_EDGE('',*,*,#2193,.T.);
#1147=ORIENTED_EDGE('',*,*,#2199,.T.);
#1148=ORIENTED_EDGE('',*,*,#2200,.F.);
#1149=ORIENTED_EDGE('',*,*,#2201,.T.);
#1150=ORIENTED_EDGE('',*,*,#2202,.T.);
#1151=ORIENTED_EDGE('',*,*,#2203,.T.);
#1152=ORIENTED_EDGE('',*,*,#2061,.F.);
#1153=ORIENTED_EDGE('',*,*,#2200,.T.);
#1154=ORIENTED_EDGE('',*,*,#2204,.T.);
#1155=ORIENTED_EDGE('',*,*,#2205,.F.);
#1156=ORIENTED_EDGE('',*,*,#2206,.T.);
#1157=ORIENTED_EDGE('',*,*,#2207,.T.);
#1158=ORIENTED_EDGE('',*,*,#2208,.F.);
#1159=ORIENTED_EDGE('',*,*,#2209,.T.);
#1160=ORIENTED_EDGE('',*,*,#2205,.T.);
#1161=ORIENTED_EDGE('',*,*,#2208,.T.);
#1162=ORIENTED_EDGE('',*,*,#2210,.T.);
#1163=ORIENTED_EDGE('',*,*,#2211,.F.);
#1164=ORIENTED_EDGE('',*,*,#2212,.T.);
#1165=ORIENTED_EDGE('',*,*,#2213,.T.);
#1166=ORIENTED_EDGE('',*,*,#2191,.F.);
#1167=ORIENTED_EDGE('',*,*,#2214,.T.);
#1168=ORIENTED_EDGE('',*,*,#2211,.T.);
#1169=ORIENTED_EDGE('',*,*,#2198,.F.);
#1170=ORIENTED_EDGE('',*,*,#2215,.T.);
#1171=ORIENTED_EDGE('',*,*,#2201,.F.);
#1172=ORIENTED_EDGE('',*,*,#2206,.F.);
#1173=ORIENTED_EDGE('',*,*,#2209,.F.);
#1174=ORIENTED_EDGE('',*,*,#2212,.F.);
#1175=ORIENTED_EDGE('',*,*,#2214,.F.);
#1176=ORIENTED_EDGE('',*,*,#2194,.F.);
#1177=ORIENTED_EDGE('',*,*,#2216,.T.);
#1178=ORIENTED_EDGE('',*,*,#2217,.T.);
#1179=ORIENTED_EDGE('',*,*,#2218,.F.);
#1180=ORIENTED_EDGE('',*,*,#2219,.T.);
#1181=ORIENTED_EDGE('',*,*,#2220,.T.);
#1182=ORIENTED_EDGE('',*,*,#2221,.F.);
#1183=ORIENTED_EDGE('',*,*,#2222,.T.);
#1184=ORIENTED_EDGE('',*,*,#2218,.T.);
#1185=ORIENTED_EDGE('',*,*,#2221,.T.);
#1186=ORIENTED_EDGE('',*,*,#2223,.T.);
#1187=ORIENTED_EDGE('',*,*,#2224,.F.);
#1188=ORIENTED_EDGE('',*,*,#2225,.T.);
#1189=ORIENTED_EDGE('',*,*,#2226,.T.);
#1190=ORIENTED_EDGE('',*,*,#2227,.F.);
#1191=ORIENTED_EDGE('',*,*,#2228,.T.);
#1192=ORIENTED_EDGE('',*,*,#2224,.T.);
#1193=ORIENTED_EDGE('',*,*,#2227,.T.);
#1194=ORIENTED_EDGE('',*,*,#2229,.T.);
#1195=ORIENTED_EDGE('',*,*,#2230,.F.);
#1196=ORIENTED_EDGE('',*,*,#2231,.T.);
#1197=ORIENTED_EDGE('',*,*,#2232,.T.);
#1198=ORIENTED_EDGE('',*,*,#2069,.F.);
#1199=ORIENTED_EDGE('',*,*,#2233,.F.);
#1200=ORIENTED_EDGE('',*,*,#2234,.T.);
#1201=ORIENTED_EDGE('',*,*,#2235,.T.);
#1202=ORIENTED_EDGE('',*,*,#2230,.T.);
#1203=ORIENTED_EDGE('',*,*,#2236,.T.);
#1204=ORIENTED_EDGE('',*,*,#2216,.F.);
#1205=ORIENTED_EDGE('',*,*,#2237,.T.);
#1206=ORIENTED_EDGE('',*,*,#2238,.T.);
#1207=ORIENTED_EDGE('',*,*,#2239,.T.);
#1208=ORIENTED_EDGE('',*,*,#2067,.F.);
#1209=ORIENTED_EDGE('',*,*,#2222,.F.);
#1210=ORIENTED_EDGE('',*,*,#2225,.F.);
#1211=ORIENTED_EDGE('',*,*,#2228,.F.);
#1212=ORIENTED_EDGE('',*,*,#2231,.F.);
#1213=ORIENTED_EDGE('',*,*,#2235,.F.);
#1214=ORIENTED_EDGE('',*,*,#2240,.T.);
#1215=ORIENTED_EDGE('',*,*,#2237,.F.);
#1216=ORIENTED_EDGE('',*,*,#2219,.F.);
#1217=ORIENTED_EDGE('',*,*,#2241,.T.);
#1218=ORIENTED_EDGE('',*,*,#2242,.T.);
#1219=ORIENTED_EDGE('',*,*,#2241,.F.);
#1220=ORIENTED_EDGE('',*,*,#1995,.F.);
#1221=ORIENTED_EDGE('',*,*,#1990,.F.);
#1222=ORIENTED_EDGE('',*,*,#1978,.F.);
#1223=ORIENTED_EDGE('',*,*,#2011,.F.);
#1224=ORIENTED_EDGE('',*,*,#2008,.F.);
#1225=ORIENTED_EDGE('',*,*,#2005,.F.);
#1226=ORIENTED_EDGE('',*,*,#2002,.F.);
#1227=ORIENTED_EDGE('',*,*,#2015,.F.);
#1228=ORIENTED_EDGE('',*,*,#1974,.F.);
#1229=ORIENTED_EDGE('',*,*,#1940,.F.);
#1230=ORIENTED_EDGE('',*,*,#1937,.F.);
#1231=ORIENTED_EDGE('',*,*,#1954,.F.);
#1232=ORIENTED_EDGE('',*,*,#1951,.F.);
#1233=ORIENTED_EDGE('',*,*,#1945,.F.);
#1234=ORIENTED_EDGE('',*,*,#1972,.F.);
#1235=ORIENTED_EDGE('',*,*,#2100,.F.);
#1236=ORIENTED_EDGE('',*,*,#2097,.F.);
#1237=ORIENTED_EDGE('',*,*,#2094,.F.);
#1238=ORIENTED_EDGE('',*,*,#2091,.F.);
#1239=ORIENTED_EDGE('',*,*,#2088,.F.);
#1240=ORIENTED_EDGE('',*,*,#2085,.F.);
#1241=ORIENTED_EDGE('',*,*,#2104,.F.);
#1242=ORIENTED_EDGE('',*,*,#1968,.F.);
#1243=ORIENTED_EDGE('',*,*,#1826,.F.);
#1244=ORIENTED_EDGE('',*,*,#1896,.F.);
#1245=ORIENTED_EDGE('',*,*,#1893,.F.);
#1246=ORIENTED_EDGE('',*,*,#1890,.F.);
#1247=ORIENTED_EDGE('',*,*,#1887,.F.);
#1248=ORIENTED_EDGE('',*,*,#1908,.F.);
#1249=ORIENTED_EDGE('',*,*,#1905,.F.);
#1250=ORIENTED_EDGE('',*,*,#1900,.F.);
#1251=ORIENTED_EDGE('',*,*,#1822,.F.);
#1252=ORIENTED_EDGE('',*,*,#1852,.F.);
#1253=ORIENTED_EDGE('',*,*,#1849,.F.);
#1254=ORIENTED_EDGE('',*,*,#1864,.F.);
#1255=ORIENTED_EDGE('',*,*,#1861,.F.);
#1256=ORIENTED_EDGE('',*,*,#1856,.F.);
#1257=ORIENTED_EDGE('',*,*,#1818,.F.);
#1258=ORIENTED_EDGE('',*,*,#1877,.F.);
#1259=ORIENTED_EDGE('',*,*,#1874,.F.);
#1260=ORIENTED_EDGE('',*,*,#1871,.F.);
#1261=ORIENTED_EDGE('',*,*,#1868,.F.);
#1262=ORIENTED_EDGE('',*,*,#1881,.F.);
#1263=ORIENTED_EDGE('',*,*,#1814,.F.);
#1264=ORIENTED_EDGE('',*,*,#1787,.F.);
#1265=ORIENTED_EDGE('',*,*,#1784,.F.);
#1266=ORIENTED_EDGE('',*,*,#1801,.F.);
#1267=ORIENTED_EDGE('',*,*,#1798,.F.);
#1268=ORIENTED_EDGE('',*,*,#1792,.F.);
#1269=ORIENTED_EDGE('',*,*,#1812,.F.);
#1270=ORIENTED_EDGE('',*,*,#1839,.F.);
#1271=ORIENTED_EDGE('',*,*,#1836,.F.);
#1272=ORIENTED_EDGE('',*,*,#1833,.F.);
#1273=ORIENTED_EDGE('',*,*,#1830,.F.);
#1274=ORIENTED_EDGE('',*,*,#1843,.F.);
#1275=ORIENTED_EDGE('',*,*,#1808,.F.);
#1276=ORIENTED_EDGE('',*,*,#1927,.F.);
#1277=ORIENTED_EDGE('',*,*,#1924,.F.);
#1278=ORIENTED_EDGE('',*,*,#1921,.F.);
#1279=ORIENTED_EDGE('',*,*,#1918,.F.);
#1280=ORIENTED_EDGE('',*,*,#1915,.F.);
#1281=ORIENTED_EDGE('',*,*,#1912,.F.);
#1282=ORIENTED_EDGE('',*,*,#1931,.F.);
#1283=ORIENTED_EDGE('',*,*,#1804,.F.);
#1284=ORIENTED_EDGE('',*,*,#1654,.F.);
#1285=ORIENTED_EDGE('',*,*,#1774,.F.);
#1286=ORIENTED_EDGE('',*,*,#1771,.F.);
#1287=ORIENTED_EDGE('',*,*,#1768,.F.);
#1288=ORIENTED_EDGE('',*,*,#1765,.F.);
#1289=ORIENTED_EDGE('',*,*,#1762,.F.);
#1290=ORIENTED_EDGE('',*,*,#1759,.F.);
#1291=ORIENTED_EDGE('',*,*,#1778,.F.);
#1292=ORIENTED_EDGE('',*,*,#1650,.F.);
#1293=ORIENTED_EDGE('',*,*,#1743,.F.);
#1294=ORIENTED_EDGE('',*,*,#1740,.F.);
#1295=ORIENTED_EDGE('',*,*,#1755,.F.);
#1296=ORIENTED_EDGE('',*,*,#1752,.F.);
#1297=ORIENTED_EDGE('',*,*,#1747,.F.);
#1298=ORIENTED_EDGE('',*,*,#1672,.F.);
#1299=ORIENTED_EDGE('',*,*,#1680,.F.);
#1300=ORIENTED_EDGE('',*,*,#1677,.F.);
#1301=ORIENTED_EDGE('',*,*,#1692,.F.);
#1302=ORIENTED_EDGE('',*,*,#1689,.F.);
#1303=ORIENTED_EDGE('',*,*,#1684,.F.);
#1304=ORIENTED_EDGE('',*,*,#1668,.F.);
#1305=ORIENTED_EDGE('',*,*,#1699,.F.);
#1306=ORIENTED_EDGE('',*,*,#1696,.F.);
#1307=ORIENTED_EDGE('',*,*,#1711,.F.);
#1308=ORIENTED_EDGE('',*,*,#1708,.F.);
#1309=ORIENTED_EDGE('',*,*,#1703,.F.);
#1310=ORIENTED_EDGE('',*,*,#1664,.F.);
#1311=ORIENTED_EDGE('',*,*,#1633,.F.);
#1312=ORIENTED_EDGE('',*,*,#1630,.F.);
#1313=ORIENTED_EDGE('',*,*,#1647,.F.);
#1314=ORIENTED_EDGE('',*,*,#1644,.F.);
#1315=ORIENTED_EDGE('',*,*,#1638,.F.);
#1316=ORIENTED_EDGE('',*,*,#1662,.F.);
#1317=ORIENTED_EDGE('',*,*,#1724,.F.);
#1318=ORIENTED_EDGE('',*,*,#1721,.F.);
#1319=ORIENTED_EDGE('',*,*,#1718,.F.);
#1320=ORIENTED_EDGE('',*,*,#1715,.F.);
#1321=ORIENTED_EDGE('',*,*,#1736,.F.);
#1322=ORIENTED_EDGE('',*,*,#1733,.F.);
#1323=ORIENTED_EDGE('',*,*,#1728,.F.);
#1324=ORIENTED_EDGE('',*,*,#1658,.F.);
#1325=ORIENTED_EDGE('',*,*,#2064,.F.);
#1326=ORIENTED_EDGE('',*,*,#2195,.F.);
#1327=ORIENTED_EDGE('',*,*,#2192,.F.);
#1328=ORIENTED_EDGE('',*,*,#2213,.F.);
#1329=ORIENTED_EDGE('',*,*,#2210,.F.);
#1330=ORIENTED_EDGE('',*,*,#2207,.F.);
#1331=ORIENTED_EDGE('',*,*,#2204,.F.);
#1332=ORIENTED_EDGE('',*,*,#2199,.F.);
#1333=ORIENTED_EDGE('',*,*,#2060,.F.);
#1334=ORIENTED_EDGE('',*,*,#2176,.F.);
#1335=ORIENTED_EDGE('',*,*,#2173,.F.);
#1336=ORIENTED_EDGE('',*,*,#2188,.F.);
#1337=ORIENTED_EDGE('',*,*,#2185,.F.);
#1338=ORIENTED_EDGE('',*,*,#2180,.F.);
#1339=ORIENTED_EDGE('',*,*,#2080,.F.);
#1340=ORIENTED_EDGE('',*,*,#2113,.F.);
#1341=ORIENTED_EDGE('',*,*,#2110,.F.);
#1342=ORIENTED_EDGE('',*,*,#2125,.F.);
#1343=ORIENTED_EDGE('',*,*,#2122,.F.);
#1344=ORIENTED_EDGE('',*,*,#2117,.F.);
#1345=ORIENTED_EDGE('',*,*,#2076,.F.);
#1346=ORIENTED_EDGE('',*,*,#2157,.F.);
#1347=ORIENTED_EDGE('',*,*,#2154,.F.);
#1348=ORIENTED_EDGE('',*,*,#2169,.F.);
#1349=ORIENTED_EDGE('',*,*,#2166,.F.);
#1350=ORIENTED_EDGE('',*,*,#2161,.F.);
#1351=ORIENTED_EDGE('',*,*,#2072,.F.);
#1352=ORIENTED_EDGE('',*,*,#2043,.F.);
#1353=ORIENTED_EDGE('',*,*,#2040,.F.);
#1354=ORIENTED_EDGE('',*,*,#2057,.F.);
#1355=ORIENTED_EDGE('',*,*,#2054,.F.);
#1356=ORIENTED_EDGE('',*,*,#2048,.F.);
#1357=ORIENTED_EDGE('',*,*,#2070,.F.);
#1358=ORIENTED_EDGE('',*,*,#2232,.F.);
#1359=ORIENTED_EDGE('',*,*,#2229,.F.);
#1360=ORIENTED_EDGE('',*,*,#2226,.F.);
#1361=ORIENTED_EDGE('',*,*,#2223,.F.);
#1362=ORIENTED_EDGE('',*,*,#2220,.F.);
#1363=ORIENTED_EDGE('',*,*,#2217,.F.);
#1364=ORIENTED_EDGE('',*,*,#2236,.F.);
#1365=ORIENTED_EDGE('',*,*,#2066,.F.);
#1366=ORIENTED_EDGE('',*,*,#1965,.F.);
#1367=ORIENTED_EDGE('',*,*,#2132,.F.);
#1368=ORIENTED_EDGE('',*,*,#2129,.F.);
#1369=ORIENTED_EDGE('',*,*,#2150,.F.);
#1370=ORIENTED_EDGE('',*,*,#2147,.F.);
#1371=ORIENTED_EDGE('',*,*,#2144,.F.);
#1372=ORIENTED_EDGE('',*,*,#2141,.F.);
#1373=ORIENTED_EDGE('',*,*,#2136,.F.);
#1374=ORIENTED_EDGE('',*,*,#1961,.F.);
#1375=ORIENTED_EDGE('',*,*,#2030,.F.);
#1376=ORIENTED_EDGE('',*,*,#2027,.F.);
#1377=ORIENTED_EDGE('',*,*,#2024,.F.);
#1378=ORIENTED_EDGE('',*,*,#2021,.F.);
#1379=ORIENTED_EDGE('',*,*,#2034,.F.);
#1380=ORIENTED_EDGE('',*,*,#1957,.F.);
#1381=ORIENTED_EDGE('',*,*,#1986,.F.);
#1382=ORIENTED_EDGE('',*,*,#1983,.F.);
#1383=ORIENTED_EDGE('',*,*,#1998,.F.);
#1384=ORIENTED_EDGE('',*,*,#2243,.F.);
#1385=ORIENTED_EDGE('',*,*,#2244,.F.);
#1386=ORIENTED_EDGE('',*,*,#2245,.F.);
#1387=ORIENTED_EDGE('',*,*,#2246,.F.);
#1388=ORIENTED_EDGE('',*,*,#2247,.F.);
#1389=ORIENTED_EDGE('',*,*,#2248,.F.);
#1390=ORIENTED_EDGE('',*,*,#2249,.F.);
#1391=ORIENTED_EDGE('',*,*,#2250,.F.);
#1392=ORIENTED_EDGE('',*,*,#2065,.T.);
#1393=ORIENTED_EDGE('',*,*,#1656,.T.);
#1394=ORIENTED_EDGE('',*,*,#1828,.T.);
#1395=ORIENTED_EDGE('',*,*,#1967,.T.);
#1396=ORIENTED_EDGE('',*,*,#2242,.F.);
#1397=ORIENTED_EDGE('',*,*,#2243,.T.);
#1398=ORIENTED_EDGE('',*,*,#2251,.F.);
#1399=ORIENTED_EDGE('',*,*,#2252,.T.);
#1400=ORIENTED_EDGE('',*,*,#2253,.T.);
#1401=ORIENTED_EDGE('',*,*,#2250,.T.);
#1402=ORIENTED_EDGE('',*,*,#2254,.F.);
#1403=ORIENTED_EDGE('',*,*,#2255,.T.);
#1404=ORIENTED_EDGE('',*,*,#2251,.T.);
#1405=ORIENTED_EDGE('',*,*,#2249,.T.);
#1406=ORIENTED_EDGE('',*,*,#2256,.F.);
#1407=ORIENTED_EDGE('',*,*,#2257,.T.);
#1408=ORIENTED_EDGE('',*,*,#2254,.T.);
#1409=ORIENTED_EDGE('',*,*,#2256,.T.);
#1410=ORIENTED_EDGE('',*,*,#2248,.T.);
#1411=ORIENTED_EDGE('',*,*,#2258,.F.);
#1412=ORIENTED_EDGE('',*,*,#2259,.T.);
#1413=ORIENTED_EDGE('',*,*,#2247,.T.);
#1414=ORIENTED_EDGE('',*,*,#2260,.F.);
#1415=ORIENTED_EDGE('',*,*,#2261,.T.);
#1416=ORIENTED_EDGE('',*,*,#2258,.T.);
#1417=ORIENTED_EDGE('',*,*,#2260,.T.);
#1418=ORIENTED_EDGE('',*,*,#2246,.T.);
#1419=ORIENTED_EDGE('',*,*,#2262,.F.);
#1420=ORIENTED_EDGE('',*,*,#2263,.T.);
#1421=ORIENTED_EDGE('',*,*,#2245,.T.);
#1422=ORIENTED_EDGE('',*,*,#2264,.F.);
#1423=ORIENTED_EDGE('',*,*,#2265,.T.);
#1424=ORIENTED_EDGE('',*,*,#2262,.T.);
#1425=ORIENTED_EDGE('',*,*,#2264,.T.);
#1426=ORIENTED_EDGE('',*,*,#2244,.T.);
#1427=ORIENTED_EDGE('',*,*,#2253,.F.);
#1428=ORIENTED_EDGE('',*,*,#2266,.T.);
#1429=ORIENTED_EDGE('',*,*,#2255,.F.);
#1430=ORIENTED_EDGE('',*,*,#2257,.F.);
#1431=ORIENTED_EDGE('',*,*,#2259,.F.);
#1432=ORIENTED_EDGE('',*,*,#2261,.F.);
#1433=ORIENTED_EDGE('',*,*,#2263,.F.);
#1434=ORIENTED_EDGE('',*,*,#2265,.F.);
#1435=ORIENTED_EDGE('',*,*,#2266,.F.);
#1436=ORIENTED_EDGE('',*,*,#2252,.F.);
#1437=ORIENTED_EDGE('',*,*,#2000,.F.);
#1438=ORIENTED_EDGE('',*,*,#1988,.F.);
#1439=ORIENTED_EDGE('',*,*,#2267,.F.);
#1440=ORIENTED_EDGE('',*,*,#1993,.F.);
#1441=ORIENTED_EDGE('',*,*,#1980,.F.);
#1442=ORIENTED_EDGE('',*,*,#1994,.F.);
#1443=ORIENTED_EDGE('',*,*,#2267,.T.);
#1444=ORIENTED_EDGE('',*,*,#1987,.T.);
#1445=ORIENTED_EDGE('',*,*,#2108,.F.);
#1446=ORIENTED_EDGE('',*,*,#2102,.F.);
#1447=ORIENTED_EDGE('',*,*,#2268,.F.);
#1448=ORIENTED_EDGE('',*,*,#2106,.F.);
#1449=ORIENTED_EDGE('',*,*,#1970,.F.);
#1450=ORIENTED_EDGE('',*,*,#2107,.F.);
#1451=ORIENTED_EDGE('',*,*,#2268,.T.);
#1452=ORIENTED_EDGE('',*,*,#2101,.T.);
#1453=ORIENTED_EDGE('',*,*,#1956,.F.);
#1454=ORIENTED_EDGE('',*,*,#1943,.F.);
#1455=ORIENTED_EDGE('',*,*,#2269,.F.);
#1456=ORIENTED_EDGE('',*,*,#1948,.F.);
#1457=ORIENTED_EDGE('',*,*,#1973,.F.);
#1458=ORIENTED_EDGE('',*,*,#1949,.F.);
#1459=ORIENTED_EDGE('',*,*,#2269,.T.);
#1460=ORIENTED_EDGE('',*,*,#1942,.T.);
#1461=ORIENTED_EDGE('',*,*,#2019,.F.);
#1462=ORIENTED_EDGE('',*,*,#2013,.F.);
#1463=ORIENTED_EDGE('',*,*,#2270,.F.);
#1464=ORIENTED_EDGE('',*,*,#2017,.F.);
#1465=ORIENTED_EDGE('',*,*,#1976,.F.);
#1466=ORIENTED_EDGE('',*,*,#2018,.F.);
#1467=ORIENTED_EDGE('',*,*,#2270,.T.);
#1468=ORIENTED_EDGE('',*,*,#2012,.T.);
#1469=ORIENTED_EDGE('',*,*,#2152,.F.);
#1470=ORIENTED_EDGE('',*,*,#2134,.F.);
#1471=ORIENTED_EDGE('',*,*,#2271,.F.);
#1472=ORIENTED_EDGE('',*,*,#2139,.F.);
#1473=ORIENTED_EDGE('',*,*,#1963,.F.);
#1474=ORIENTED_EDGE('',*,*,#2140,.F.);
#1475=ORIENTED_EDGE('',*,*,#2271,.T.);
#1476=ORIENTED_EDGE('',*,*,#2133,.T.);
#1477=ORIENTED_EDGE('',*,*,#2038,.F.);
#1478=ORIENTED_EDGE('',*,*,#2032,.F.);
#1479=ORIENTED_EDGE('',*,*,#2272,.F.);
#1480=ORIENTED_EDGE('',*,*,#2036,.F.);
#1481=ORIENTED_EDGE('',*,*,#1959,.F.);
#1482=ORIENTED_EDGE('',*,*,#2037,.F.);
#1483=ORIENTED_EDGE('',*,*,#2272,.T.);
#1484=ORIENTED_EDGE('',*,*,#2031,.T.);
#1485=ORIENTED_EDGE('',*,*,#1910,.F.);
#1486=ORIENTED_EDGE('',*,*,#1898,.F.);
#1487=ORIENTED_EDGE('',*,*,#2273,.F.);
#1488=ORIENTED_EDGE('',*,*,#1903,.F.);
#1489=ORIENTED_EDGE('',*,*,#1824,.F.);
#1490=ORIENTED_EDGE('',*,*,#1904,.F.);
#1491=ORIENTED_EDGE('',*,*,#2273,.T.);
#1492=ORIENTED_EDGE('',*,*,#1897,.T.);
#1493=ORIENTED_EDGE('',*,*,#1866,.F.);
#1494=ORIENTED_EDGE('',*,*,#1854,.F.);
#1495=ORIENTED_EDGE('',*,*,#2274,.F.);
#1496=ORIENTED_EDGE('',*,*,#1859,.F.);
#1497=ORIENTED_EDGE('',*,*,#1820,.F.);
#1498=ORIENTED_EDGE('',*,*,#1860,.F.);
#1499=ORIENTED_EDGE('',*,*,#2274,.T.);
#1500=ORIENTED_EDGE('',*,*,#1853,.T.);
#1501=ORIENTED_EDGE('',*,*,#1885,.F.);
#1502=ORIENTED_EDGE('',*,*,#1879,.F.);
#1503=ORIENTED_EDGE('',*,*,#2275,.F.);
#1504=ORIENTED_EDGE('',*,*,#1883,.F.);
#1505=ORIENTED_EDGE('',*,*,#1816,.F.);
#1506=ORIENTED_EDGE('',*,*,#1884,.F.);
#1507=ORIENTED_EDGE('',*,*,#2275,.T.);
#1508=ORIENTED_EDGE('',*,*,#1878,.T.);
#1509=ORIENTED_EDGE('',*,*,#1803,.F.);
#1510=ORIENTED_EDGE('',*,*,#1790,.F.);
#1511=ORIENTED_EDGE('',*,*,#2276,.F.);
#1512=ORIENTED_EDGE('',*,*,#1795,.F.);
#1513=ORIENTED_EDGE('',*,*,#1813,.F.);
#1514=ORIENTED_EDGE('',*,*,#1796,.F.);
#1515=ORIENTED_EDGE('',*,*,#2276,.T.);
#1516=ORIENTED_EDGE('',*,*,#1789,.T.);
#1517=ORIENTED_EDGE('',*,*,#1847,.F.);
#1518=ORIENTED_EDGE('',*,*,#1841,.F.);
#1519=ORIENTED_EDGE('',*,*,#2277,.F.);
#1520=ORIENTED_EDGE('',*,*,#1845,.F.);
#1521=ORIENTED_EDGE('',*,*,#1810,.F.);
#1522=ORIENTED_EDGE('',*,*,#1846,.F.);
#1523=ORIENTED_EDGE('',*,*,#2277,.T.);
#1524=ORIENTED_EDGE('',*,*,#1840,.T.);
#1525=ORIENTED_EDGE('',*,*,#1935,.F.);
#1526=ORIENTED_EDGE('',*,*,#1929,.F.);
#1527=ORIENTED_EDGE('',*,*,#2278,.F.);
#1528=ORIENTED_EDGE('',*,*,#1933,.F.);
#1529=ORIENTED_EDGE('',*,*,#1806,.F.);
#1530=ORIENTED_EDGE('',*,*,#1934,.F.);
#1531=ORIENTED_EDGE('',*,*,#2278,.T.);
#1532=ORIENTED_EDGE('',*,*,#1928,.T.);
#1533=ORIENTED_EDGE('',*,*,#2240,.F.);
#1534=ORIENTED_EDGE('',*,*,#2234,.F.);
#1535=ORIENTED_EDGE('',*,*,#2279,.F.);
#1536=ORIENTED_EDGE('',*,*,#2238,.F.);
#1537=ORIENTED_EDGE('',*,*,#2068,.F.);
#1538=ORIENTED_EDGE('',*,*,#2239,.F.);
#1539=ORIENTED_EDGE('',*,*,#2279,.T.);
#1540=ORIENTED_EDGE('',*,*,#2233,.T.);
#1541=ORIENTED_EDGE('',*,*,#2059,.F.);
#1542=ORIENTED_EDGE('',*,*,#2046,.F.);
#1543=ORIENTED_EDGE('',*,*,#2280,.F.);
#1544=ORIENTED_EDGE('',*,*,#2051,.F.);
#1545=ORIENTED_EDGE('',*,*,#2071,.F.);
#1546=ORIENTED_EDGE('',*,*,#2052,.F.);
#1547=ORIENTED_EDGE('',*,*,#2280,.T.);
#1548=ORIENTED_EDGE('',*,*,#2045,.T.);
#1549=ORIENTED_EDGE('',*,*,#2171,.F.);
#1550=ORIENTED_EDGE('',*,*,#2159,.F.);
#1551=ORIENTED_EDGE('',*,*,#2281,.F.);
#1552=ORIENTED_EDGE('',*,*,#2164,.F.);
#1553=ORIENTED_EDGE('',*,*,#2074,.F.);
#1554=ORIENTED_EDGE('',*,*,#2165,.F.);
#1555=ORIENTED_EDGE('',*,*,#2281,.T.);
#1556=ORIENTED_EDGE('',*,*,#2158,.T.);
#1557=ORIENTED_EDGE('',*,*,#2127,.F.);
#1558=ORIENTED_EDGE('',*,*,#2115,.F.);
#1559=ORIENTED_EDGE('',*,*,#2282,.F.);
#1560=ORIENTED_EDGE('',*,*,#2120,.F.);
#1561=ORIENTED_EDGE('',*,*,#2078,.F.);
#1562=ORIENTED_EDGE('',*,*,#2121,.F.);
#1563=ORIENTED_EDGE('',*,*,#2282,.T.);
#1564=ORIENTED_EDGE('',*,*,#2114,.T.);
#1565=ORIENTED_EDGE('',*,*,#2190,.F.);
#1566=ORIENTED_EDGE('',*,*,#2178,.F.);
#1567=ORIENTED_EDGE('',*,*,#2283,.F.);
#1568=ORIENTED_EDGE('',*,*,#2183,.F.);
#1569=ORIENTED_EDGE('',*,*,#2082,.F.);
#1570=ORIENTED_EDGE('',*,*,#2184,.F.);
#1571=ORIENTED_EDGE('',*,*,#2283,.T.);
#1572=ORIENTED_EDGE('',*,*,#2177,.T.);
#1573=ORIENTED_EDGE('',*,*,#2215,.F.);
#1574=ORIENTED_EDGE('',*,*,#2197,.F.);
#1575=ORIENTED_EDGE('',*,*,#2284,.F.);
#1576=ORIENTED_EDGE('',*,*,#2202,.F.);
#1577=ORIENTED_EDGE('',*,*,#2062,.F.);
#1578=ORIENTED_EDGE('',*,*,#2203,.F.);
#1579=ORIENTED_EDGE('',*,*,#2284,.T.);
#1580=ORIENTED_EDGE('',*,*,#2196,.T.);
#1581=ORIENTED_EDGE('',*,*,#1738,.F.);
#1582=ORIENTED_EDGE('',*,*,#1726,.F.);
#1583=ORIENTED_EDGE('',*,*,#2285,.F.);
#1584=ORIENTED_EDGE('',*,*,#1731,.F.);
#1585=ORIENTED_EDGE('',*,*,#1660,.F.);
#1586=ORIENTED_EDGE('',*,*,#1732,.F.);
#1587=ORIENTED_EDGE('',*,*,#2285,.T.);
#1588=ORIENTED_EDGE('',*,*,#1725,.T.);
#1589=ORIENTED_EDGE('',*,*,#1649,.F.);
#1590=ORIENTED_EDGE('',*,*,#1636,.F.);
#1591=ORIENTED_EDGE('',*,*,#2286,.F.);
#1592=ORIENTED_EDGE('',*,*,#1641,.F.);
#1593=ORIENTED_EDGE('',*,*,#1663,.F.);
#1594=ORIENTED_EDGE('',*,*,#1642,.F.);
#1595=ORIENTED_EDGE('',*,*,#2286,.T.);
#1596=ORIENTED_EDGE('',*,*,#1635,.T.);
#1597=ORIENTED_EDGE('',*,*,#1713,.F.);
#1598=ORIENTED_EDGE('',*,*,#1701,.F.);
#1599=ORIENTED_EDGE('',*,*,#2287,.F.);
#1600=ORIENTED_EDGE('',*,*,#1706,.F.);
#1601=ORIENTED_EDGE('',*,*,#1666,.F.);
#1602=ORIENTED_EDGE('',*,*,#1707,.F.);
#1603=ORIENTED_EDGE('',*,*,#2287,.T.);
#1604=ORIENTED_EDGE('',*,*,#1700,.T.);
#1605=ORIENTED_EDGE('',*,*,#1694,.F.);
#1606=ORIENTED_EDGE('',*,*,#1682,.F.);
#1607=ORIENTED_EDGE('',*,*,#2288,.F.);
#1608=ORIENTED_EDGE('',*,*,#1687,.F.);
#1609=ORIENTED_EDGE('',*,*,#1670,.F.);
#1610=ORIENTED_EDGE('',*,*,#1688,.F.);
#1611=ORIENTED_EDGE('',*,*,#2288,.T.);
#1612=ORIENTED_EDGE('',*,*,#1681,.T.);
#1613=ORIENTED_EDGE('',*,*,#1757,.F.);
#1614=ORIENTED_EDGE('',*,*,#1745,.F.);
#1615=ORIENTED_EDGE('',*,*,#2289,.F.);
#1616=ORIENTED_EDGE('',*,*,#1750,.F.);
#1617=ORIENTED_EDGE('',*,*,#1674,.F.);
#1618=ORIENTED_EDGE('',*,*,#1751,.F.);
#1619=ORIENTED_EDGE('',*,*,#2289,.T.);
#1620=ORIENTED_EDGE('',*,*,#1744,.T.);
#1621=ORIENTED_EDGE('',*,*,#1782,.F.);
#1622=ORIENTED_EDGE('',*,*,#1776,.F.);
#1623=ORIENTED_EDGE('',*,*,#2290,.F.);
#1624=ORIENTED_EDGE('',*,*,#1780,.F.);
#1625=ORIENTED_EDGE('',*,*,#1652,.F.);
#1626=ORIENTED_EDGE('',*,*,#1781,.F.);
#1627=ORIENTED_EDGE('',*,*,#2290,.T.);
#1628=ORIENTED_EDGE('',*,*,#1775,.T.);
#1629=EDGE_CURVE('',#2291,#2292,#2733,.T.);
#1630=EDGE_CURVE('',#2292,#2293,#185,.T.);
#1631=EDGE_CURVE('',#2294,#2293,#2734,.T.);
#1632=EDGE_CURVE('',#2294,#2291,#186,.T.);
#1633=EDGE_CURVE('',#2293,#2295,#2735,.T.);
#1634=EDGE_CURVE('',#2296,#2295,#2736,.T.);
#1635=EDGE_CURVE('',#2297,#2296,#2737,.T.);
#1636=EDGE_CURVE('',#2297,#2298,#2738,.T.);
#1637=EDGE_CURVE('',#2298,#2294,#2739,.T.);
#1638=EDGE_CURVE('',#2299,#2300,#2740,.T.);
#1639=EDGE_CURVE('',#2301,#2300,#2741,.T.);
#1640=EDGE_CURVE('',#2301,#2302,#2742,.T.);
#1641=EDGE_CURVE('',#2302,#2303,#2743,.T.);
#1642=EDGE_CURVE('',#2303,#2304,#2744,.T.);
#1643=EDGE_CURVE('',#2299,#2304,#2745,.T.);
#1644=EDGE_CURVE('',#2300,#2305,#187,.T.);
#1645=EDGE_CURVE('',#2306,#2305,#2746,.T.);
#1646=EDGE_CURVE('',#2306,#2301,#188,.T.);
#1647=EDGE_CURVE('',#2305,#2292,#2747,.T.);
#1648=EDGE_CURVE('',#2291,#2306,#2748,.T.);
#1649=EDGE_CURVE('',#2298,#2302,#2749,.T.);
#1650=EDGE_CURVE('',#2307,#2308,#2750,.T.);
#1651=EDGE_CURVE('',#2308,#2309,#2751,.T.);
#1652=EDGE_CURVE('',#2309,#2310,#2752,.T.);
#1653=EDGE_CURVE('',#2310,#2311,#2753,.T.);
#1654=EDGE_CURVE('',#2311,#2312,#2754,.T.);
#1655=EDGE_CURVE('',#2313,#2312,#2755,.T.);
#1656=EDGE_CURVE('',#2314,#2313,#2756,.T.);
#1657=EDGE_CURVE('',#2314,#2315,#2757,.T.);
#1658=EDGE_CURVE('',#2315,#2316,#2758,.T.);
#1659=EDGE_CURVE('',#2316,#2317,#2759,.T.);
#1660=EDGE_CURVE('',#2317,#2318,#2760,.T.);
#1661=EDGE_CURVE('',#2318,#2319,#2761,.T.);
#1662=EDGE_CURVE('',#2319,#2299,#2762,.T.);
#1663=EDGE_CURVE('',#2304,#2296,#2763,.T.);
#1664=EDGE_CURVE('',#2295,#2320,#2764,.T.);
#1665=EDGE_CURVE('',#2320,#2321,#2765,.T.);
#1666=EDGE_CURVE('',#2321,#2322,#2766,.T.);
#1667=EDGE_CURVE('',#2322,#2323,#2767,.T.);
#1668=EDGE_CURVE('',#2323,#2324,#2768,.T.);
#1669=EDGE_CURVE('',#2324,#2325,#2769,.T.);
#1670=EDGE_CURVE('',#2325,#2326,#2770,.T.);
#1671=EDGE_CURVE('',#2326,#2327,#2771,.T.);
#1672=EDGE_CURVE('',#2327,#2328,#2772,.T.);
#1673=EDGE_CURVE('',#2328,#2329,#2773,.T.);
#1674=EDGE_CURVE('',#2329,#2330,#2774,.T.);
#1675=EDGE_CURVE('',#2330,#2307,#2775,.T.);
#1676=EDGE_CURVE('',#2331,#2332,#2776,.T.);
#1677=EDGE_CURVE('',#2332,#2333,#189,.T.);
#1678=EDGE_CURVE('',#2334,#2333,#2777,.T.);
#1679=EDGE_CURVE('',#2334,#2331,#190,.T.);
#1680=EDGE_CURVE('',#2333,#2327,#2778,.T.);
#1681=EDGE_CURVE('',#2335,#2326,#2779,.T.);
#1682=EDGE_CURVE('',#2335,#2336,#2780,.T.);
#1683=EDGE_CURVE('',#2336,#2334,#2781,.T.);
#1684=EDGE_CURVE('',#2324,#2337,#2782,.T.);
#1685=EDGE_CURVE('',#2338,#2337,#2783,.T.);
#1686=EDGE_CURVE('',#2338,#2339,#2784,.T.);
#1687=EDGE_CURVE('',#2339,#2340,#2785,.T.);
#1688=EDGE_CURVE('',#2340,#2325,#2786,.T.);
#1689=EDGE_CURVE('',#2337,#2341,#191,.T.);
#1690=EDGE_CURVE('',#2342,#2341,#2787,.T.);
#1691=EDGE_CURVE('',#2342,#2338,#192,.T.);
#1692=EDGE_CURVE('',#2341,#2332,#2788,.T.);
#1693=EDGE_CURVE('',#2331,#2342,#2789,.T.);
#1694=EDGE_CURVE('',#2336,#2339,#2790,.T.);
#1695=EDGE_CURVE('',#2343,#2344,#2791,.T.);
#1696=EDGE_CURVE('',#2344,#2345,#193,.T.);
#1697=EDGE_CURVE('',#2346,#2345,#2792,.T.);
#1698=EDGE_CURVE('',#2346,#2343,#194,.T.);
#1699=EDGE_CURVE('',#2345,#2323,#2793,.T.);
#1700=EDGE_CURVE('',#2347,#2322,#2794,.T.);
#1701=EDGE_CURVE('',#2347,#2348,#2795,.T.);
#1702=EDGE_CURVE('',#2348,#2346,#2796,.T.);
#1703=EDGE_CURVE('',#2320,#2349,#2797,.T.);
#1704=EDGE_CURVE('',#2350,#2349,#2798,.T.);
#1705=EDGE_CURVE('',#2350,#2351,#2799,.T.);
#1706=EDGE_CURVE('',#2351,#2352,#2800,.T.);
#1707=EDGE_CURVE('',#2352,#2321,#2801,.T.);
#1708=EDGE_CURVE('',#2349,#2353,#195,.T.);
#1709=EDGE_CURVE('',#2354,#2353,#2802,.T.);
#1710=EDGE_CURVE('',#2354,#2350,#196,.T.);
#1711=EDGE_CURVE('',#2353,#2344,#2803,.T.);
#1712=EDGE_CURVE('',#2343,#2354,#2804,.T.);
#1713=EDGE_CURVE('',#2348,#2351,#2805,.T.);
#1714=EDGE_CURVE('',#2355,#2356,#2806,.T.);
#1715=EDGE_CURVE('',#2356,#2357,#197,.T.);
#1716=EDGE_CURVE('',#2358,#2357,#2807,.T.);
#1717=EDGE_CURVE('',#2358,#2355,#198,.T.);
#1718=EDGE_CURVE('',#2357,#2359,#2808,.T.);
#1719=EDGE_CURVE('',#2360,#2359,#2809,.T.);
#1720=EDGE_CURVE('',#2360,#2358,#2810,.T.);
#1721=EDGE_CURVE('',#2359,#2361,#199,.T.);
#1722=EDGE_CURVE('',#2362,#2361,#2811,.T.);
#1723=EDGE_CURVE('',#2362,#2360,#200,.T.);
#1724=EDGE_CURVE('',#2361,#2319,#2812,.T.);
#1725=EDGE_CURVE('',#2363,#2318,#2813,.T.);
#1726=EDGE_CURVE('',#2363,#2364,#2814,.T.);
#1727=EDGE_CURVE('',#2364,#2362,#2815,.T.);
#1728=EDGE_CURVE('',#2316,#2365,#2816,.T.);
#1729=EDGE_CURVE('',#2366,#2365,#2817,.T.);
#1730=EDGE_CURVE('',#2366,#2367,#2818,.T.);
#1731=EDGE_CURVE('',#2367,#2368,#2819,.T.);
#1732=EDGE_CURVE('',#2368,#2317,#2820,.T.);
#1733=EDGE_CURVE('',#2365,#2369,#201,.T.);
#1734=EDGE_CURVE('',#2370,#2369,#2821,.T.);
#1735=EDGE_CURVE('',#2370,#2366,#202,.T.);
#1736=EDGE_CURVE('',#2369,#2356,#2822,.T.);
#1737=EDGE_CURVE('',#2355,#2370,#2823,.T.);
#1738=EDGE_CURVE('',#2364,#2367,#2824,.T.);
#1739=EDGE_CURVE('',#2371,#2372,#2825,.T.);
#1740=EDGE_CURVE('',#2372,#2373,#203,.T.);
#1741=EDGE_CURVE('',#2374,#2373,#2826,.T.);
#1742=EDGE_CURVE('',#2374,#2371,#204,.T.);
#1743=EDGE_CURVE('',#2373,#2307,#2827,.T.);
#1744=EDGE_CURVE('',#2375,#2330,#2828,.T.);
#1745=EDGE_CURVE('',#2375,#2376,#2829,.T.);
#1746=EDGE_CURVE('',#2376,#2374,#2830,.T.);
#1747=EDGE_CURVE('',#2328,#2377,#2831,.T.);
#1748=EDGE_CURVE('',#2378,#2377,#2832,.T.);
#1749=EDGE_CURVE('',#2378,#2379,#2833,.T.);
#1750=EDGE_CURVE('',#2379,#2380,#2834,.T.);
#1751=EDGE_CURVE('',#2380,#2329,#2835,.T.);
#1752=EDGE_CURVE('',#2377,#2381,#205,.T.);
#1753=EDGE_CURVE('',#2382,#2381,#2836,.T.);
#1754=EDGE_CURVE('',#2382,#2378,#206,.T.);
#1755=EDGE_CURVE('',#2381,#2372,#2837,.T.);
#1756=EDGE_CURVE('',#2371,#2382,#2838,.T.);
#1757=EDGE_CURVE('',#2376,#2379,#2839,.T.);
#1758=EDGE_CURVE('',#2383,#2384,#2840,.T.);
#1759=EDGE_CURVE('',#2384,#2385,#207,.T.);
#1760=EDGE_CURVE('',#2386,#2385,#2841,.T.);
#1761=EDGE_CURVE('',#2386,#2383,#208,.T.);
#1762=EDGE_CURVE('',#2385,#2387,#2842,.T.);
#1763=EDGE_CURVE('',#2388,#2387,#2843,.T.);
#1764=EDGE_CURVE('',#2388,#2386,#2844,.T.);
#1765=EDGE_CURVE('',#2387,#2389,#209,.T.);
#1766=EDGE_CURVE('',#2390,#2389,#2845,.T.);
#1767=EDGE_CURVE('',#2390,#2388,#210,.T.);
#1768=EDGE_CURVE('',#2389,#2391,#2846,.T.);
#1769=EDGE_CURVE('',#2392,#2391,#2847,.T.);
#1770=EDGE_CURVE('',#2392,#2390,#2848,.T.);
#1771=EDGE_CURVE('',#2391,#2393,#211,.T.);
#1772=EDGE_CURVE('',#2394,#2393,#2849,.T.);
#1773=EDGE_CURVE('',#2394,#2392,#212,.T.);
#1774=EDGE_CURVE('',#2393,#2311,#2850,.T.);
#1775=EDGE_CURVE('',#2395,#2310,#2851,.T.);
#1776=EDGE_CURVE('',#2395,#2396,#2852,.T.);
#1777=EDGE_CURVE('',#2396,#2394,#2853,.T.);
#1778=EDGE_CURVE('',#2308,#2384,#2854,.T.);
#1779=EDGE_CURVE('',#2383,#2397,#2855,.T.);
#1780=EDGE_CURVE('',#2397,#2398,#2856,.T.);
#1781=EDGE_CURVE('',#2398,#2309,#2857,.T.);
#1782=EDGE_CURVE('',#2396,#2397,#2858,.T.);
#1783=EDGE_CURVE('',#2399,#2400,#2859,.T.);
#1784=EDGE_CURVE('',#2400,#2401,#213,.T.);
#1785=EDGE_CURVE('',#2402,#2401,#2860,.T.);
#1786=EDGE_CURVE('',#2402,#2399,#214,.T.);
#1787=EDGE_CURVE('',#2401,#2403,#2861,.T.);
#1788=EDGE_CURVE('',#2404,#2403,#2862,.T.);
#1789=EDGE_CURVE('',#2405,#2404,#2863,.T.);
#1790=EDGE_CURVE('',#2405,#2406,#2864,.T.);
#1791=EDGE_CURVE('',#2406,#2402,#2865,.T.);
#1792=EDGE_CURVE('',#2407,#2408,#2866,.T.);
#1793=EDGE_CURVE('',#2409,#2408,#2867,.T.);
#1794=EDGE_CURVE('',#2409,#2410,#2868,.T.);
#1795=EDGE_CURVE('',#2410,#2411,#2869,.T.);
#1796=EDGE_CURVE('',#2411,#2412,#2870,.T.);
#1797=EDGE_CURVE('',#2407,#2412,#2871,.T.);
#1798=EDGE_CURVE('',#2408,#2413,#215,.T.);
#1799=EDGE_CURVE('',#2414,#2413,#2872,.T.);
#1800=EDGE_CURVE('',#2414,#2409,#216,.T.);
#1801=EDGE_CURVE('',#2413,#2400,#2873,.T.);
#1802=EDGE_CURVE('',#2399,#2414,#2874,.T.);
#1803=EDGE_CURVE('',#2406,#2410,#2875,.T.);
#1804=EDGE_CURVE('',#2312,#2415,#2876,.T.);
#1805=EDGE_CURVE('',#2415,#2416,#2877,.T.);
#1806=EDGE_CURVE('',#2416,#2417,#2878,.T.);
#1807=EDGE_CURVE('',#2417,#2418,#2879,.T.);
#1808=EDGE_CURVE('',#2418,#2419,#2880,.T.);
#1809=EDGE_CURVE('',#2419,#2420,#2881,.T.);
#1810=EDGE_CURVE('',#2420,#2421,#2882,.T.);
#1811=EDGE_CURVE('',#2421,#2422,#2883,.T.);
#1812=EDGE_CURVE('',#2422,#2407,#2884,.T.);
#1813=EDGE_CURVE('',#2412,#2404,#2885,.T.);
#1814=EDGE_CURVE('',#2403,#2423,#2886,.T.);
#1815=EDGE_CURVE('',#2423,#2424,#2887,.T.);
#1816=EDGE_CURVE('',#2424,#2425,#2888,.T.);
#1817=EDGE_CURVE('',#2425,#2426,#2889,.T.);
#1818=EDGE_CURVE('',#2426,#2427,#2890,.T.);
#1819=EDGE_CURVE('',#2427,#2428,#2891,.T.);
#1820=EDGE_CURVE('',#2428,#2429,#2892,.T.);
#1821=EDGE_CURVE('',#2429,#2430,#2893,.T.);
#1822=EDGE_CURVE('',#2430,#2431,#2894,.T.);
#1823=EDGE_CURVE('',#2431,#2432,#2895,.T.);
#1824=EDGE_CURVE('',#2432,#2433,#2896,.T.);
#1825=EDGE_CURVE('',#2433,#2434,#2897,.T.);
#1826=EDGE_CURVE('',#2434,#2435,#2898,.T.);
#1827=EDGE_CURVE('',#2436,#2435,#2899,.T.);
#1828=EDGE_CURVE('',#2313,#2436,#2900,.T.);
#1829=EDGE_CURVE('',#2437,#2438,#2901,.T.);
#1830=EDGE_CURVE('',#2438,#2439,#217,.T.);
#1831=EDGE_CURVE('',#2440,#2439,#2902,.T.);
#1832=EDGE_CURVE('',#2440,#2437,#218,.T.);
#1833=EDGE_CURVE('',#2439,#2441,#2903,.T.);
#1834=EDGE_CURVE('',#2442,#2441,#2904,.T.);
#1835=EDGE_CURVE('',#2442,#2440,#2905,.T.);
#1836=EDGE_CURVE('',#2441,#2443,#219,.T.);
#1837=EDGE_CURVE('',#2444,#2443,#2906,.T.);
#1838=EDGE_CURVE('',#2444,#2442,#220,.T.);
#1839=EDGE_CURVE('',#2443,#2422,#2907,.T.);
#1840=EDGE_CURVE('',#2445,#2421,#2908,.T.);
#1841=EDGE_CURVE('',#2445,#2446,#2909,.T.);
#1842=EDGE_CURVE('',#2446,#2444,#2910,.T.);
#1843=EDGE_CURVE('',#2419,#2438,#2911,.T.);
#1844=EDGE_CURVE('',#2437,#2447,#2912,.T.);
#1845=EDGE_CURVE('',#2447,#2448,#2913,.T.);
#1846=EDGE_CURVE('',#2448,#2420,#2914,.T.);
#1847=EDGE_CURVE('',#2446,#2447,#2915,.T.);
#1848=EDGE_CURVE('',#2449,#2450,#2916,.T.);
#1849=EDGE_CURVE('',#2450,#2451,#221,.T.);
#1850=EDGE_CURVE('',#2452,#2451,#2917,.T.);
#1851=EDGE_CURVE('',#2452,#2449,#222,.T.);
#1852=EDGE_CURVE('',#2451,#2430,#2918,.T.);
#1853=EDGE_CURVE('',#2453,#2429,#2919,.T.);
#1854=EDGE_CURVE('',#2453,#2454,#2920,.T.);
#1855=EDGE_CURVE('',#2454,#2452,#2921,.T.);
#1856=EDGE_CURVE('',#2427,#2455,#2922,.T.);
#1857=EDGE_CURVE('',#2456,#2455,#2923,.T.);
#1858=EDGE_CURVE('',#2456,#2457,#2924,.T.);
#1859=EDGE_CURVE('',#2457,#2458,#2925,.T.);
#1860=EDGE_CURVE('',#2458,#2428,#2926,.T.);
#1861=EDGE_CURVE('',#2455,#2459,#223,.T.);
#1862=EDGE_CURVE('',#2460,#2459,#2927,.T.);
#1863=EDGE_CURVE('',#2460,#2456,#224,.T.);
#1864=EDGE_CURVE('',#2459,#2450,#2928,.T.);
#1865=EDGE_CURVE('',#2449,#2460,#2929,.T.);
#1866=EDGE_CURVE('',#2454,#2457,#2930,.T.);
#1867=EDGE_CURVE('',#2461,#2462,#2931,.T.);
#1868=EDGE_CURVE('',#2462,#2463,#225,.T.);
#1869=EDGE_CURVE('',#2464,#2463,#2932,.T.);
#1870=EDGE_CURVE('',#2464,#2461,#226,.T.);
#1871=EDGE_CURVE('',#2463,#2465,#2933,.T.);
#1872=EDGE_CURVE('',#2466,#2465,#2934,.T.);
#1873=EDGE_CURVE('',#2466,#2464,#2935,.T.);
#1874=EDGE_CURVE('',#2465,#2467,#227,.T.);
#1875=EDGE_CURVE('',#2468,#2467,#2936,.T.);
#1876=EDGE_CURVE('',#2468,#2466,#228,.T.);
#1877=EDGE_CURVE('',#2467,#2426,#2937,.T.);
#1878=EDGE_CURVE('',#2469,#2425,#2938,.T.);
#1879=EDGE_CURVE('',#2469,#2470,#2939,.T.);
#1880=EDGE_CURVE('',#2470,#2468,#2940,.T.);
#1881=EDGE_CURVE('',#2423,#2462,#2941,.T.);
#1882=EDGE_CURVE('',#2461,#2471,#2942,.T.);
#1883=EDGE_CURVE('',#2471,#2472,#2943,.T.);
#1884=EDGE_CURVE('',#2472,#2424,#2944,.T.);
#1885=EDGE_CURVE('',#2470,#2471,#2945,.T.);
#1886=EDGE_CURVE('',#2473,#2474,#2946,.T.);
#1887=EDGE_CURVE('',#2474,#2475,#229,.T.);
#1888=EDGE_CURVE('',#2476,#2475,#2947,.T.);
#1889=EDGE_CURVE('',#2476,#2473,#230,.T.);
#1890=EDGE_CURVE('',#2475,#2477,#2948,.T.);
#1891=EDGE_CURVE('',#2478,#2477,#2949,.T.);
#1892=EDGE_CURVE('',#2478,#2476,#2950,.T.);
#1893=EDGE_CURVE('',#2477,#2479,#231,.T.);
#1894=EDGE_CURVE('',#2480,#2479,#2951,.T.);
#1895=EDGE_CURVE('',#2480,#2478,#232,.T.);
#1896=EDGE_CURVE('',#2479,#2434,#2952,.T.);
#1897=EDGE_CURVE('',#2481,#2433,#2953,.T.);
#1898=EDGE_CURVE('',#2481,#2482,#2954,.T.);
#1899=EDGE_CURVE('',#2482,#2480,#2955,.T.);
#1900=EDGE_CURVE('',#2431,#2483,#2956,.T.);
#1901=EDGE_CURVE('',#2484,#2483,#2957,.T.);
#1902=EDGE_CURVE('',#2484,#2485,#2958,.T.);
#1903=EDGE_CURVE('',#2485,#2486,#2959,.T.);
#1904=EDGE_CURVE('',#2486,#2432,#2960,.T.);
#1905=EDGE_CURVE('',#2483,#2487,#233,.T.);
#1906=EDGE_CURVE('',#2488,#2487,#2961,.T.);
#1907=EDGE_CURVE('',#2488,#2484,#234,.T.);
#1908=EDGE_CURVE('',#2487,#2474,#2962,.T.);
#1909=EDGE_CURVE('',#2473,#2488,#2963,.T.);
#1910=EDGE_CURVE('',#2482,#2485,#2964,.T.);
#1911=EDGE_CURVE('',#2489,#2490,#2965,.T.);
#1912=EDGE_CURVE('',#2490,#2491,#235,.T.);
#1913=EDGE_CURVE('',#2492,#2491,#2966,.T.);
#1914=EDGE_CURVE('',#2492,#2489,#236,.T.);
#1915=EDGE_CURVE('',#2491,#2493,#2967,.T.);
#1916=EDGE_CURVE('',#2494,#2493,#2968,.T.);
#1917=EDGE_CURVE('',#2494,#2492,#2969,.T.);
#1918=EDGE_CURVE('',#2493,#2495,#237,.T.);
#1919=EDGE_CURVE('',#2496,#2495,#2970,.T.);
#1920=EDGE_CURVE('',#2496,#2494,#238,.T.);
#1921=EDGE_CURVE('',#2495,#2497,#2971,.T.);
#1922=EDGE_CURVE('',#2498,#2497,#2972,.T.);
#1923=EDGE_CURVE('',#2498,#2496,#2973,.T.);
#1924=EDGE_CURVE('',#2497,#2499,#239,.T.);
#1925=EDGE_CURVE('',#2500,#2499,#2974,.T.);
#1926=EDGE_CURVE('',#2500,#2498,#240,.T.);
#1927=EDGE_CURVE('',#2499,#2418,#2975,.T.);
#1928=EDGE_CURVE('',#2501,#2417,#2976,.T.);
#1929=EDGE_CURVE('',#2501,#2502,#2977,.T.);
#1930=EDGE_CURVE('',#2502,#2500,#2978,.T.);
#1931=EDGE_CURVE('',#2415,#2490,#2979,.T.);
#1932=EDGE_CURVE('',#2489,#2503,#2980,.T.);
#1933=EDGE_CURVE('',#2503,#2504,#2981,.T.);
#1934=EDGE_CURVE('',#2504,#2416,#2982,.T.);
#1935=EDGE_CURVE('',#2502,#2503,#2983,.T.);
#1936=EDGE_CURVE('',#2505,#2506,#2984,.T.);
#1937=EDGE_CURVE('',#2506,#2507,#241,.T.);
#1938=EDGE_CURVE('',#2508,#2507,#2985,.T.);
#1939=EDGE_CURVE('',#2508,#2505,#242,.T.);
#1940=EDGE_CURVE('',#2507,#2509,#2986,.T.);
#1941=EDGE_CURVE('',#2510,#2509,#2987,.T.);
#1942=EDGE_CURVE('',#2511,#2510,#2988,.T.);
#1943=EDGE_CURVE('',#2511,#2512,#2989,.T.);
#1944=EDGE_CURVE('',#2512,#2508,#2990,.T.);
#1945=EDGE_CURVE('',#2513,#2514,#2991,.T.);
#1946=EDGE_CURVE('',#2515,#2514,#2992,.T.);
#1947=EDGE_CURVE('',#2515,#2516,#2993,.T.);
#1948=EDGE_CURVE('',#2516,#2517,#2994,.T.);
#1949=EDGE_CURVE('',#2517,#2518,#2995,.T.);
#1950=EDGE_CURVE('',#2513,#2518,#2996,.T.);
#1951=EDGE_CURVE('',#2514,#2519,#243,.T.);
#1952=EDGE_CURVE('',#2520,#2519,#2997,.T.);
#1953=EDGE_CURVE('',#2520,#2515,#244,.T.);
#1954=EDGE_CURVE('',#2519,#2506,#2998,.T.);
#1955=EDGE_CURVE('',#2505,#2520,#2999,.T.);
#1956=EDGE_CURVE('',#2512,#2516,#3000,.T.);
#1957=EDGE_CURVE('',#2521,#2522,#3001,.T.);
#1958=EDGE_CURVE('',#2522,#2523,#3002,.T.);
#1959=EDGE_CURVE('',#2523,#2524,#3003,.T.);
#1960=EDGE_CURVE('',#2524,#2525,#3004,.T.);
#1961=EDGE_CURVE('',#2525,#2526,#3005,.T.);
#1962=EDGE_CURVE('',#2526,#2527,#3006,.T.);
#1963=EDGE_CURVE('',#2527,#2528,#3007,.T.);
#1964=EDGE_CURVE('',#2528,#2529,#3008,.T.);
#1965=EDGE_CURVE('',#2529,#2530,#3009,.T.);
#1966=EDGE_CURVE('',#2531,#2530,#3010,.T.);
#1967=EDGE_CURVE('',#2436,#2531,#3011,.T.);
#1968=EDGE_CURVE('',#2435,#2532,#3012,.T.);
#1969=EDGE_CURVE('',#2532,#2533,#3013,.T.);
#1970=EDGE_CURVE('',#2533,#2534,#3014,.T.);
#1971=EDGE_CURVE('',#2534,#2535,#3015,.T.);
#1972=EDGE_CURVE('',#2535,#2513,#3016,.T.);
#1973=EDGE_CURVE('',#2518,#2510,#3017,.T.);
#1974=EDGE_CURVE('',#2509,#2536,#3018,.T.);
#1975=EDGE_CURVE('',#2536,#2537,#3019,.T.);
#1976=EDGE_CURVE('',#2537,#2538,#3020,.T.);
#1977=EDGE_CURVE('',#2538,#2539,#3021,.T.);
#1978=EDGE_CURVE('',#2539,#2540,#3022,.T.);
#1979=EDGE_CURVE('',#2540,#2541,#3023,.T.);
#1980=EDGE_CURVE('',#2541,#2542,#3024,.T.);
#1981=EDGE_CURVE('',#2542,#2521,#3025,.T.);
#1982=EDGE_CURVE('',#2543,#2544,#3026,.T.);
#1983=EDGE_CURVE('',#2544,#2545,#245,.T.);
#1984=EDGE_CURVE('',#2546,#2545,#3027,.T.);
#1985=EDGE_CURVE('',#2546,#2543,#246,.T.);
#1986=EDGE_CURVE('',#2545,#2521,#3028,.T.);
#1987=EDGE_CURVE('',#2547,#2542,#3029,.T.);
#1988=EDGE_CURVE('',#2547,#2548,#3030,.T.);
#1989=EDGE_CURVE('',#2548,#2546,#3031,.T.);
#1990=EDGE_CURVE('',#2540,#2549,#3032,.T.);
#1991=EDGE_CURVE('',#2550,#2549,#3033,.T.);
#1992=EDGE_CURVE('',#2550,#2551,#3034,.T.);
#1993=EDGE_CURVE('',#2551,#2552,#3035,.T.);
#1994=EDGE_CURVE('',#2552,#2541,#3036,.T.);
#1995=EDGE_CURVE('',#2549,#2553,#247,.T.);
#1996=EDGE_CURVE('',#2554,#2553,#3037,.T.);
#1997=EDGE_CURVE('',#2554,#2550,#248,.T.);
#1998=EDGE_CURVE('',#2553,#2544,#3038,.T.);
#1999=EDGE_CURVE('',#2543,#2554,#3039,.T.);
#2000=EDGE_CURVE('',#2548,#2551,#3040,.T.);
#2001=EDGE_CURVE('',#2555,#2556,#3041,.T.);
#2002=EDGE_CURVE('',#2556,#2557,#249,.T.);
#2003=EDGE_CURVE('',#2558,#2557,#3042,.T.);
#2004=EDGE_CURVE('',#2558,#2555,#250,.T.);
#2005=EDGE_CURVE('',#2557,#2559,#3043,.T.);
#2006=EDGE_CURVE('',#2560,#2559,#3044,.T.);
#2007=EDGE_CURVE('',#2560,#2558,#3045,.T.);
#2008=EDGE_CURVE('',#2559,#2561,#251,.T.);
#2009=EDGE_CURVE('',#2562,#2561,#3046,.T.);
#2010=EDGE_CURVE('',#2562,#2560,#252,.T.);
#2011=EDGE_CURVE('',#2561,#2539,#3047,.T.);
#2012=EDGE_CURVE('',#2563,#2538,#3048,.T.);
#2013=EDGE_CURVE('',#2563,#2564,#3049,.T.);
#2014=EDGE_CURVE('',#2564,#2562,#3050,.T.);
#2015=EDGE_CURVE('',#2536,#2556,#3051,.T.);
#2016=EDGE_CURVE('',#2555,#2565,#3052,.T.);
#2017=EDGE_CURVE('',#2565,#2566,#3053,.T.);
#2018=EDGE_CURVE('',#2566,#2537,#3054,.T.);
#2019=EDGE_CURVE('',#2564,#2565,#3055,.T.);
#2020=EDGE_CURVE('',#2567,#2568,#3056,.T.);
#2021=EDGE_CURVE('',#2568,#2569,#253,.T.);
#2022=EDGE_CURVE('',#2570,#2569,#3057,.T.);
#2023=EDGE_CURVE('',#2570,#2567,#254,.T.);
#2024=EDGE_CURVE('',#2569,#2571,#3058,.T.);
#2025=EDGE_CURVE('',#2572,#2571,#3059,.T.);
#2026=EDGE_CURVE('',#2572,#2570,#3060,.T.);
#2027=EDGE_CURVE('',#2571,#2573,#255,.T.);
#2028=EDGE_CURVE('',#2574,#2573,#3061,.T.);
#2029=EDGE_CURVE('',#2574,#2572,#256,.T.);
#2030=EDGE_CURVE('',#2573,#2525,#3062,.T.);
#2031=EDGE_CURVE('',#2575,#2524,#3063,.T.);
#2032=EDGE_CURVE('',#2575,#2576,#3064,.T.);
#2033=EDGE_CURVE('',#2576,#2574,#3065,.T.);
#2034=EDGE_CURVE('',#2522,#2568,#3066,.T.);
#2035=EDGE_CURVE('',#2567,#2577,#3067,.T.);
#2036=EDGE_CURVE('',#2577,#2578,#3068,.T.);
#2037=EDGE_CURVE('',#2578,#2523,#3069,.T.);
#2038=EDGE_CURVE('',#2576,#2577,#3070,.T.);
#2039=EDGE_CURVE('',#2579,#2580,#3071,.T.);
#2040=EDGE_CURVE('',#2580,#2581,#257,.T.);
#2041=EDGE_CURVE('',#2582,#2581,#3072,.T.);
#2042=EDGE_CURVE('',#2582,#2579,#258,.T.);
#2043=EDGE_CURVE('',#2581,#2583,#3073,.T.);
#2044=EDGE_CURVE('',#2584,#2583,#3074,.T.);
#2045=EDGE_CURVE('',#2585,#2584,#3075,.T.);
#2046=EDGE_CURVE('',#2585,#2586,#3076,.T.);
#2047=EDGE_CURVE('',#2586,#2582,#3077,.T.);
#2048=EDGE_CURVE('',#2587,#2588,#3078,.T.);
#2049=EDGE_CURVE('',#2589,#2588,#3079,.T.);
#2050=EDGE_CURVE('',#2589,#2590,#3080,.T.);
#2051=EDGE_CURVE('',#2590,#2591,#3081,.T.);
#2052=EDGE_CURVE('',#2591,#2592,#3082,.T.);
#2053=EDGE_CURVE('',#2587,#2592,#3083,.T.);
#2054=EDGE_CURVE('',#2588,#2593,#259,.T.);
#2055=EDGE_CURVE('',#2594,#2593,#3084,.T.);
#2056=EDGE_CURVE('',#2594,#2589,#260,.T.);
#2057=EDGE_CURVE('',#2593,#2580,#3085,.T.);
#2058=EDGE_CURVE('',#2579,#2594,#3086,.T.);
#2059=EDGE_CURVE('',#2586,#2590,#3087,.T.);
#2060=EDGE_CURVE('',#2595,#2596,#3088,.T.);
#2061=EDGE_CURVE('',#2596,#2597,#3089,.T.);
#2062=EDGE_CURVE('',#2597,#2598,#3090,.T.);
#2063=EDGE_CURVE('',#2598,#2599,#3091,.T.);
#2064=EDGE_CURVE('',#2599,#2315,#3092,.T.);
#2065=EDGE_CURVE('',#2531,#2314,#3093,.T.);
#2066=EDGE_CURVE('',#2530,#2600,#3094,.T.);
#2067=EDGE_CURVE('',#2600,#2601,#3095,.T.);
#2068=EDGE_CURVE('',#2601,#2602,#3096,.T.);
#2069=EDGE_CURVE('',#2602,#2603,#3097,.T.);
#2070=EDGE_CURVE('',#2603,#2587,#3098,.T.);
#2071=EDGE_CURVE('',#2592,#2584,#3099,.T.);
#2072=EDGE_CURVE('',#2583,#2604,#3100,.T.);
#2073=EDGE_CURVE('',#2604,#2605,#3101,.T.);
#2074=EDGE_CURVE('',#2605,#2606,#3102,.T.);
#2075=EDGE_CURVE('',#2606,#2607,#3103,.T.);
#2076=EDGE_CURVE('',#2607,#2608,#3104,.T.);
#2077=EDGE_CURVE('',#2608,#2609,#3105,.T.);
#2078=EDGE_CURVE('',#2609,#2610,#3106,.T.);
#2079=EDGE_CURVE('',#2610,#2611,#3107,.T.);
#2080=EDGE_CURVE('',#2611,#2612,#3108,.T.);
#2081=EDGE_CURVE('',#2612,#2613,#3109,.T.);
#2082=EDGE_CURVE('',#2613,#2614,#3110,.T.);
#2083=EDGE_CURVE('',#2614,#2595,#3111,.T.);
#2084=EDGE_CURVE('',#2615,#2616,#3112,.T.);
#2085=EDGE_CURVE('',#2616,#2617,#261,.T.);
#2086=EDGE_CURVE('',#2618,#2617,#3113,.T.);
#2087=EDGE_CURVE('',#2618,#2615,#262,.T.);
#2088=EDGE_CURVE('',#2617,#2619,#3114,.T.);
#2089=EDGE_CURVE('',#2620,#2619,#3115,.T.);
#2090=EDGE_CURVE('',#2620,#2618,#3116,.T.);
#2091=EDGE_CURVE('',#2619,#2621,#263,.T.);
#2092=EDGE_CURVE('',#2622,#2621,#3117,.T.);
#2093=EDGE_CURVE('',#2622,#2620,#264,.T.);
#2094=EDGE_CURVE('',#2621,#2623,#3118,.T.);
#2095=EDGE_CURVE('',#2624,#2623,#3119,.T.);
#2096=EDGE_CURVE('',#2624,#2622,#3120,.T.);
#2097=EDGE_CURVE('',#2623,#2625,#265,.T.);
#2098=EDGE_CURVE('',#2626,#2625,#3121,.T.);
#2099=EDGE_CURVE('',#2626,#2624,#266,.T.);
#2100=EDGE_CURVE('',#2625,#2535,#3122,.T.);
#2101=EDGE_CURVE('',#2627,#2534,#3123,.T.);
#2102=EDGE_CURVE('',#2627,#2628,#3124,.T.);
#2103=EDGE_CURVE('',#2628,#2626,#3125,.T.);
#2104=EDGE_CURVE('',#2532,#2616,#3126,.T.);
#2105=EDGE_CURVE('',#2615,#2629,#3127,.T.);
#2106=EDGE_CURVE('',#2629,#2630,#3128,.T.);
#2107=EDGE_CURVE('',#2630,#2533,#3129,.T.);
#2108=EDGE_CURVE('',#2628,#2629,#3130,.T.);
#2109=EDGE_CURVE('',#2631,#2632,#3131,.T.);
#2110=EDGE_CURVE('',#2632,#2633,#267,.T.);
#2111=EDGE_CURVE('',#2634,#2633,#3132,.T.);
#2112=EDGE_CURVE('',#2634,#2631,#268,.T.);
#2113=EDGE_CURVE('',#2633,#2611,#3133,.T.);
#2114=EDGE_CURVE('',#2635,#2610,#3134,.T.);
#2115=EDGE_CURVE('',#2635,#2636,#3135,.T.);
#2116=EDGE_CURVE('',#2636,#2634,#3136,.T.);
#2117=EDGE_CURVE('',#2608,#2637,#3137,.T.);
#2118=EDGE_CURVE('',#2638,#2637,#3138,.T.);
#2119=EDGE_CURVE('',#2638,#2639,#3139,.T.);
#2120=EDGE_CURVE('',#2639,#2640,#3140,.T.);
#2121=EDGE_CURVE('',#2640,#2609,#3141,.T.);
#2122=EDGE_CURVE('',#2637,#2641,#269,.T.);
#2123=EDGE_CURVE('',#2642,#2641,#3142,.T.);
#2124=EDGE_CURVE('',#2642,#2638,#270,.T.);
#2125=EDGE_CURVE('',#2641,#2632,#3143,.T.);
#2126=EDGE_CURVE('',#2631,#2642,#3144,.T.);
#2127=EDGE_CURVE('',#2636,#2639,#3145,.T.);
#2128=EDGE_CURVE('',#2643,#2644,#3146,.T.);
#2129=EDGE_CURVE('',#2644,#2645,#271,.T.);
#2130=EDGE_CURVE('',#2646,#2645,#3147,.T.);
#2131=EDGE_CURVE('',#2646,#2643,#272,.T.);
#2132=EDGE_CURVE('',#2645,#2529,#3148,.T.);
#2133=EDGE_CURVE('',#2647,#2528,#3149,.T.);
#2134=EDGE_CURVE('',#2647,#2648,#3150,.T.);
#2135=EDGE_CURVE('',#2648,#2646,#3151,.T.);
#2136=EDGE_CURVE('',#2526,#2649,#3152,.T.);
#2137=EDGE_CURVE('',#2650,#2649,#3153,.T.);
#2138=EDGE_CURVE('',#2650,#2651,#3154,.T.);
#2139=EDGE_CURVE('',#2651,#2652,#3155,.T.);
#2140=EDGE_CURVE('',#2652,#2527,#3156,.T.);
#2141=EDGE_CURVE('',#2649,#2653,#273,.T.);
#2142=EDGE_CURVE('',#2654,#2653,#3157,.T.);
#2143=EDGE_CURVE('',#2654,#2650,#274,.T.);
#2144=EDGE_CURVE('',#2653,#2655,#3158,.T.);
#2145=EDGE_CURVE('',#2656,#2655,#3159,.T.);
#2146=EDGE_CURVE('',#2656,#2654,#3160,.T.);
#2147=EDGE_CURVE('',#2655,#2657,#275,.T.);
#2148=EDGE_CURVE('',#2658,#2657,#3161,.T.);
#2149=EDGE_CURVE('',#2658,#2656,#276,.T.);
#2150=EDGE_CURVE('',#2657,#2644,#3162,.T.);
#2151=EDGE_CURVE('',#2643,#2658,#3163,.T.);
#2152=EDGE_CURVE('',#2648,#2651,#3164,.T.);
#2153=EDGE_CURVE('',#2659,#2660,#3165,.T.);
#2154=EDGE_CURVE('',#2660,#2661,#277,.T.);
#2155=EDGE_CURVE('',#2662,#2661,#3166,.T.);
#2156=EDGE_CURVE('',#2662,#2659,#278,.T.);
#2157=EDGE_CURVE('',#2661,#2607,#3167,.T.);
#2158=EDGE_CURVE('',#2663,#2606,#3168,.T.);
#2159=EDGE_CURVE('',#2663,#2664,#3169,.T.);
#2160=EDGE_CURVE('',#2664,#2662,#3170,.T.);
#2161=EDGE_CURVE('',#2604,#2665,#3171,.T.);
#2162=EDGE_CURVE('',#2666,#2665,#3172,.T.);
#2163=EDGE_CURVE('',#2666,#2667,#3173,.T.);
#2164=EDGE_CURVE('',#2667,#2668,#3174,.T.);
#2165=EDGE_CURVE('',#2668,#2605,#3175,.T.);
#2166=EDGE_CURVE('',#2665,#2669,#279,.T.);
#2167=EDGE_CURVE('',#2670,#2669,#3176,.T.);
#2168=EDGE_CURVE('',#2670,#2666,#280,.T.);
#2169=EDGE_CURVE('',#2669,#2660,#3177,.T.);
#2170=EDGE_CURVE('',#2659,#2670,#3178,.T.);
#2171=EDGE_CURVE('',#2664,#2667,#3179,.T.);
#2172=EDGE_CURVE('',#2671,#2672,#3180,.T.);
#2173=EDGE_CURVE('',#2672,#2673,#281,.T.);
#2174=EDGE_CURVE('',#2674,#2673,#3181,.T.);
#2175=EDGE_CURVE('',#2674,#2671,#282,.T.);
#2176=EDGE_CURVE('',#2673,#2595,#3182,.T.);
#2177=EDGE_CURVE('',#2675,#2614,#3183,.T.);
#2178=EDGE_CURVE('',#2675,#2676,#3184,.T.);
#2179=EDGE_CURVE('',#2676,#2674,#3185,.T.);
#2180=EDGE_CURVE('',#2612,#2677,#3186,.T.);
#2181=EDGE_CURVE('',#2678,#2677,#3187,.T.);
#2182=EDGE_CURVE('',#2678,#2679,#3188,.T.);
#2183=EDGE_CURVE('',#2679,#2680,#3189,.T.);
#2184=EDGE_CURVE('',#2680,#2613,#3190,.T.);
#2185=EDGE_CURVE('',#2677,#2681,#283,.T.);
#2186=EDGE_CURVE('',#2682,#2681,#3191,.T.);
#2187=EDGE_CURVE('',#2682,#2678,#284,.T.);
#2188=EDGE_CURVE('',#2681,#2672,#3192,.T.);
#2189=EDGE_CURVE('',#2671,#2682,#3193,.T.);
#2190=EDGE_CURVE('',#2676,#2679,#3194,.T.);
#2191=EDGE_CURVE('',#2683,#2684,#3195,.T.);
#2192=EDGE_CURVE('',#2684,#2685,#285,.T.);
#2193=EDGE_CURVE('',#2686,#2685,#3196,.T.);
#2194=EDGE_CURVE('',#2686,#2683,#286,.T.);
#2195=EDGE_CURVE('',#2685,#2599,#3197,.T.);
#2196=EDGE_CURVE('',#2687,#2598,#3198,.T.);
#2197=EDGE_CURVE('',#2687,#2688,#3199,.T.);
#2198=EDGE_CURVE('',#2688,#2686,#3200,.T.);
#2199=EDGE_CURVE('',#2596,#2689,#3201,.T.);
#2200=EDGE_CURVE('',#2690,#2689,#3202,.T.);
#2201=EDGE_CURVE('',#2690,#2691,#3203,.T.);
#2202=EDGE_CURVE('',#2691,#2692,#3204,.T.);
#2203=EDGE_CURVE('',#2692,#2597,#3205,.T.);
#2204=EDGE_CURVE('',#2689,#2693,#287,.T.);
#2205=EDGE_CURVE('',#2694,#2693,#3206,.T.);
#2206=EDGE_CURVE('',#2694,#2690,#288,.T.);
#2207=EDGE_CURVE('',#2693,#2695,#3207,.T.);
#2208=EDGE_CURVE('',#2696,#2695,#3208,.T.);
#2209=EDGE_CURVE('',#2696,#2694,#3209,.T.);
#2210=EDGE_CURVE('',#2695,#2697,#289,.T.);
#2211=EDGE_CURVE('',#2698,#2697,#3210,.T.);
#2212=EDGE_CURVE('',#2698,#2696,#290,.T.);
#2213=EDGE_CURVE('',#2697,#2684,#3211,.T.);
#2214=EDGE_CURVE('',#2683,#2698,#3212,.T.);
#2215=EDGE_CURVE('',#2688,#2691,#3213,.T.);
#2216=EDGE_CURVE('',#2699,#2700,#3214,.T.);
#2217=EDGE_CURVE('',#2700,#2701,#291,.T.);
#2218=EDGE_CURVE('',#2702,#2701,#3215,.T.);
#2219=EDGE_CURVE('',#2702,#2699,#292,.T.);
#2220=EDGE_CURVE('',#2701,#2703,#3216,.T.);
#2221=EDGE_CURVE('',#2704,#2703,#3217,.T.);
#2222=EDGE_CURVE('',#2704,#2702,#3218,.T.);
#2223=EDGE_CURVE('',#2703,#2705,#293,.T.);
#2224=EDGE_CURVE('',#2706,#2705,#3219,.T.);
#2225=EDGE_CURVE('',#2706,#2704,#294,.T.);
#2226=EDGE_CURVE('',#2705,#2707,#3220,.T.);
#2227=EDGE_CURVE('',#2708,#2707,#3221,.T.);
#2228=EDGE_CURVE('',#2708,#2706,#3222,.T.);
#2229=EDGE_CURVE('',#2707,#2709,#295,.T.);
#2230=EDGE_CURVE('',#2710,#2709,#3223,.T.);
#2231=EDGE_CURVE('',#2710,#2708,#296,.T.);
#2232=EDGE_CURVE('',#2709,#2603,#3224,.T.);
#2233=EDGE_CURVE('',#2711,#2602,#3225,.T.);
#2234=EDGE_CURVE('',#2711,#2712,#3226,.T.);
#2235=EDGE_CURVE('',#2712,#2710,#3227,.T.);
#2236=EDGE_CURVE('',#2600,#2700,#3228,.T.);
#2237=EDGE_CURVE('',#2699,#2713,#3229,.T.);
#2238=EDGE_CURVE('',#2713,#2714,#3230,.T.);
#2239=EDGE_CURVE('',#2714,#2601,#3231,.T.);
#2240=EDGE_CURVE('',#2712,#2713,#3232,.T.);
#2241=EDGE_CURVE('',#2715,#2715,#297,.T.);
#2242=EDGE_CURVE('',#2716,#2716,#298,.T.);
#2243=EDGE_CURVE('',#2717,#2718,#3233,.T.);
#2244=EDGE_CURVE('',#2719,#2717,#299,.T.);
#2245=EDGE_CURVE('',#2720,#2719,#3234,.T.);
#2246=EDGE_CURVE('',#2721,#2720,#300,.T.);
#2247=EDGE_CURVE('',#2722,#2721,#3235,.T.);
#2248=EDGE_CURVE('',#2723,#2722,#301,.T.);
#2249=EDGE_CURVE('',#2724,#2723,#3236,.T.);
#2250=EDGE_CURVE('',#2718,#2724,#3237,.T.);
#2251=EDGE_CURVE('',#2725,#2718,#3238,.T.);
#2252=EDGE_CURVE('',#2725,#2726,#3239,.T.);
#2253=EDGE_CURVE('',#2726,#2717,#3240,.T.);
#2254=EDGE_CURVE('',#2727,#2724,#3241,.T.);
#2255=EDGE_CURVE('',#2727,#2725,#3242,.T.);
#2256=EDGE_CURVE('',#2728,#2723,#3243,.T.);
#2257=EDGE_CURVE('',#2728,#2727,#3244,.T.);
#2258=EDGE_CURVE('',#2729,#2722,#3245,.T.);
#2259=EDGE_CURVE('',#2729,#2728,#302,.T.);
#2260=EDGE_CURVE('',#2730,#2721,#3246,.T.);
#2261=EDGE_CURVE('',#2730,#2729,#3247,.T.);
#2262=EDGE_CURVE('',#2731,#2720,#3248,.T.);
#2263=EDGE_CURVE('',#2731,#2730,#303,.T.);
#2264=EDGE_CURVE('',#2732,#2719,#3249,.T.);
#2265=EDGE_CURVE('',#2732,#2731,#3250,.T.);
#2266=EDGE_CURVE('',#2726,#2732,#304,.T.);
#2267=EDGE_CURVE('',#2552,#2547,#3251,.T.);
#2268=EDGE_CURVE('',#2630,#2627,#3252,.T.);
#2269=EDGE_CURVE('',#2517,#2511,#3253,.T.);
#2270=EDGE_CURVE('',#2566,#2563,#3254,.T.);
#2271=EDGE_CURVE('',#2652,#2647,#3255,.T.);
#2272=EDGE_CURVE('',#2578,#2575,#3256,.T.);
#2273=EDGE_CURVE('',#2486,#2481,#3257,.T.);
#2274=EDGE_CURVE('',#2458,#2453,#3258,.T.);
#2275=EDGE_CURVE('',#2472,#2469,#3259,.T.);
#2276=EDGE_CURVE('',#2411,#2405,#3260,.T.);
#2277=EDGE_CURVE('',#2448,#2445,#3261,.T.);
#2278=EDGE_CURVE('',#2504,#2501,#3262,.T.);
#2279=EDGE_CURVE('',#2714,#2711,#3263,.T.);
#2280=EDGE_CURVE('',#2591,#2585,#3264,.T.);
#2281=EDGE_CURVE('',#2668,#2663,#3265,.T.);
#2282=EDGE_CURVE('',#2640,#2635,#3266,.T.);
#2283=EDGE_CURVE('',#2680,#2675,#3267,.T.);
#2284=EDGE_CURVE('',#2692,#2687,#3268,.T.);
#2285=EDGE_CURVE('',#2368,#2363,#3269,.T.);
#2286=EDGE_CURVE('',#2303,#2297,#3270,.T.);
#2287=EDGE_CURVE('',#2352,#2347,#3271,.T.);
#2288=EDGE_CURVE('',#2340,#2335,#3272,.T.);
#2289=EDGE_CURVE('',#2380,#2375,#3273,.T.);
#2290=EDGE_CURVE('',#2398,#2395,#3274,.T.);
#2291=VERTEX_POINT('',#7724);
#2292=VERTEX_POINT('',#7725);
#2293=VERTEX_POINT('',#7727);
#2294=VERTEX_POINT('',#7729);
#2295=VERTEX_POINT('',#7733);
#2296=VERTEX_POINT('',#7735);
#2297=VERTEX_POINT('',#7737);
#2298=VERTEX_POINT('',#7739);
#2299=VERTEX_POINT('',#7743);
#2300=VERTEX_POINT('',#7744);
#2301=VERTEX_POINT('',#7746);
#2302=VERTEX_POINT('',#7748);
#2303=VERTEX_POINT('',#7750);
#2304=VERTEX_POINT('',#7752);
#2305=VERTEX_POINT('',#7756);
#2306=VERTEX_POINT('',#7758);
#2307=VERTEX_POINT('',#7767);
#2308=VERTEX_POINT('',#7768);
#2309=VERTEX_POINT('',#7770);
#2310=VERTEX_POINT('',#7772);
#2311=VERTEX_POINT('',#7774);
#2312=VERTEX_POINT('',#7776);
#2313=VERTEX_POINT('',#7778);
#2314=VERTEX_POINT('',#7780);
#2315=VERTEX_POINT('',#7782);
#2316=VERTEX_POINT('',#7784);
#2317=VERTEX_POINT('',#7786);
#2318=VERTEX_POINT('',#7788);
#2319=VERTEX_POINT('',#7790);
#2320=VERTEX_POINT('',#7794);
#2321=VERTEX_POINT('',#7796);
#2322=VERTEX_POINT('',#7798);
#2323=VERTEX_POINT('',#7800);
#2324=VERTEX_POINT('',#7802);
#2325=VERTEX_POINT('',#7804);
#2326=VERTEX_POINT('',#7806);
#2327=VERTEX_POINT('',#7808);
#2328=VERTEX_POINT('',#7810);
#2329=VERTEX_POINT('',#7812);
#2330=VERTEX_POINT('',#7814);
#2331=VERTEX_POINT('',#7818);
#2332=VERTEX_POINT('',#7819);
#2333=VERTEX_POINT('',#7821);
#2334=VERTEX_POINT('',#7823);
#2335=VERTEX_POINT('',#7828);
#2336=VERTEX_POINT('',#7830);
#2337=VERTEX_POINT('',#7834);
#2338=VERTEX_POINT('',#7836);
#2339=VERTEX_POINT('',#7838);
#2340=VERTEX_POINT('',#7840);
#2341=VERTEX_POINT('',#7844);
#2342=VERTEX_POINT('',#7846);
#2343=VERTEX_POINT('',#7855);
#2344=VERTEX_POINT('',#7856);
#2345=VERTEX_POINT('',#7858);
#2346=VERTEX_POINT('',#7860);
#2347=VERTEX_POINT('',#7865);
#2348=VERTEX_POINT('',#7867);
#2349=VERTEX_POINT('',#7871);
#2350=VERTEX_POINT('',#7873);
#2351=VERTEX_POINT('',#7875);
#2352=VERTEX_POINT('',#7877);
#2353=VERTEX_POINT('',#7881);
#2354=VERTEX_POINT('',#7883);
#2355=VERTEX_POINT('',#7892);
#2356=VERTEX_POINT('',#7893);
#2357=VERTEX_POINT('',#7895);
#2358=VERTEX_POINT('',#7897);
#2359=VERTEX_POINT('',#7901);
#2360=VERTEX_POINT('',#7903);
#2361=VERTEX_POINT('',#7907);
#2362=VERTEX_POINT('',#7909);
#2363=VERTEX_POINT('',#7914);
#2364=VERTEX_POINT('',#7916);
#2365=VERTEX_POINT('',#7920);
#2366=VERTEX_POINT('',#7922);
#2367=VERTEX_POINT('',#7924);
#2368=VERTEX_POINT('',#7926);
#2369=VERTEX_POINT('',#7930);
#2370=VERTEX_POINT('',#7932);
#2371=VERTEX_POINT('',#7941);
#2372=VERTEX_POINT('',#7942);
#2373=VERTEX_POINT('',#7944);
#2374=VERTEX_POINT('',#7946);
#2375=VERTEX_POINT('',#7951);
#2376=VERTEX_POINT('',#7953);
#2377=VERTEX_POINT('',#7957);
#2378=VERTEX_POINT('',#7959);
#2379=VERTEX_POINT('',#7961);
#2380=VERTEX_POINT('',#7963);
#2381=VERTEX_POINT('',#7967);
#2382=VERTEX_POINT('',#7969);
#2383=VERTEX_POINT('',#7978);
#2384=VERTEX_POINT('',#7979);
#2385=VERTEX_POINT('',#7981);
#2386=VERTEX_POINT('',#7983);
#2387=VERTEX_POINT('',#7987);
#2388=VERTEX_POINT('',#7989);
#2389=VERTEX_POINT('',#7993);
#2390=VERTEX_POINT('',#7995);
#2391=VERTEX_POINT('',#7999);
#2392=VERTEX_POINT('',#8001);
#2393=VERTEX_POINT('',#8005);
#2394=VERTEX_POINT('',#8007);
#2395=VERTEX_POINT('',#8012);
#2396=VERTEX_POINT('',#8014);
#2397=VERTEX_POINT('',#8019);
#2398=VERTEX_POINT('',#8021);
#2399=VERTEX_POINT('',#8027);
#2400=VERTEX_POINT('',#8028);
#2401=VERTEX_POINT('',#8030);
#2402=VERTEX_POINT('',#8032);
#2403=VERTEX_POINT('',#8036);
#2404=VERTEX_POINT('',#8038);
#2405=VERTEX_POINT('',#8040);
#2406=VERTEX_POINT('',#8042);
#2407=VERTEX_POINT('',#8046);
#2408=VERTEX_POINT('',#8047);
#2409=VERTEX_POINT('',#8049);
#2410=VERTEX_POINT('',#8051);
#2411=VERTEX_POINT('',#8053);
#2412=VERTEX_POINT('',#8055);
#2413=VERTEX_POINT('',#8059);
#2414=VERTEX_POINT('',#8061);
#2415=VERTEX_POINT('',#8070);
#2416=VERTEX_POINT('',#8072);
#2417=VERTEX_POINT('',#8074);
#2418=VERTEX_POINT('',#8076);
#2419=VERTEX_POINT('',#8078);
#2420=VERTEX_POINT('',#8080);
#2421=VERTEX_POINT('',#8082);
#2422=VERTEX_POINT('',#8084);
#2423=VERTEX_POINT('',#8088);
#2424=VERTEX_POINT('',#8090);
#2425=VERTEX_POINT('',#8092);
#2426=VERTEX_POINT('',#8094);
#2427=VERTEX_POINT('',#8096);
#2428=VERTEX_POINT('',#8098);
#2429=VERTEX_POINT('',#8100);
#2430=VERTEX_POINT('',#8102);
#2431=VERTEX_POINT('',#8104);
#2432=VERTEX_POINT('',#8106);
#2433=VERTEX_POINT('',#8108);
#2434=VERTEX_POINT('',#8110);
#2435=VERTEX_POINT('',#8112);
#2436=VERTEX_POINT('',#8114);
#2437=VERTEX_POINT('',#8118);
#2438=VERTEX_POINT('',#8119);
#2439=VERTEX_POINT('',#8121);
#2440=VERTEX_POINT('',#8123);
#2441=VERTEX_POINT('',#8127);
#2442=VERTEX_POINT('',#8129);
#2443=VERTEX_POINT('',#8133);
#2444=VERTEX_POINT('',#8135);
#2445=VERTEX_POINT('',#8140);
#2446=VERTEX_POINT('',#8142);
#2447=VERTEX_POINT('',#8147);
#2448=VERTEX_POINT('',#8149);
#2449=VERTEX_POINT('',#8155);
#2450=VERTEX_POINT('',#8156);
#2451=VERTEX_POINT('',#8158);
#2452=VERTEX_POINT('',#8160);
#2453=VERTEX_POINT('',#8165);
#2454=VERTEX_POINT('',#8167);
#2455=VERTEX_POINT('',#8171);
#2456=VERTEX_POINT('',#8173);
#2457=VERTEX_POINT('',#8175);
#2458=VERTEX_POINT('',#8177);
#2459=VERTEX_POINT('',#8181);
#2460=VERTEX_POINT('',#8183);
#2461=VERTEX_POINT('',#8192);
#2462=VERTEX_POINT('',#8193);
#2463=VERTEX_POINT('',#8195);
#2464=VERTEX_POINT('',#8197);
#2465=VERTEX_POINT('',#8201);
#2466=VERTEX_POINT('',#8203);
#2467=VERTEX_POINT('',#8207);
#2468=VERTEX_POINT('',#8209);
#2469=VERTEX_POINT('',#8214);
#2470=VERTEX_POINT('',#8216);
#2471=VERTEX_POINT('',#8221);
#2472=VERTEX_POINT('',#8223);
#2473=VERTEX_POINT('',#8229);
#2474=VERTEX_POINT('',#8230);
#2475=VERTEX_POINT('',#8232);
#2476=VERTEX_POINT('',#8234);
#2477=VERTEX_POINT('',#8238);
#2478=VERTEX_POINT('',#8240);
#2479=VERTEX_POINT('',#8244);
#2480=VERTEX_POINT('',#8246);
#2481=VERTEX_POINT('',#8251);
#2482=VERTEX_POINT('',#8253);
#2483=VERTEX_POINT('',#8257);
#2484=VERTEX_POINT('',#8259);
#2485=VERTEX_POINT('',#8261);
#2486=VERTEX_POINT('',#8263);
#2487=VERTEX_POINT('',#8267);
#2488=VERTEX_POINT('',#8269);
#2489=VERTEX_POINT('',#8278);
#2490=VERTEX_POINT('',#8279);
#2491=VERTEX_POINT('',#8281);
#2492=VERTEX_POINT('',#8283);
#2493=VERTEX_POINT('',#8287);
#2494=VERTEX_POINT('',#8289);
#2495=VERTEX_POINT('',#8293);
#2496=VERTEX_POINT('',#8295);
#2497=VERTEX_POINT('',#8299);
#2498=VERTEX_POINT('',#8301);
#2499=VERTEX_POINT('',#8305);
#2500=VERTEX_POINT('',#8307);
#2501=VERTEX_POINT('',#8312);
#2502=VERTEX_POINT('',#8314);
#2503=VERTEX_POINT('',#8319);
#2504=VERTEX_POINT('',#8321);
#2505=VERTEX_POINT('',#8327);
#2506=VERTEX_POINT('',#8328);
#2507=VERTEX_POINT('',#8330);
#2508=VERTEX_POINT('',#8332);
#2509=VERTEX_POINT('',#8336);
#2510=VERTEX_POINT('',#8338);
#2511=VERTEX_POINT('',#8340);
#2512=VERTEX_POINT('',#8342);
#2513=VERTEX_POINT('',#8346);
#2514=VERTEX_POINT('',#8347);
#2515=VERTEX_POINT('',#8349);
#2516=VERTEX_POINT('',#8351);
#2517=VERTEX_POINT('',#8353);
#2518=VERTEX_POINT('',#8355);
#2519=VERTEX_POINT('',#8359);
#2520=VERTEX_POINT('',#8361);
#2521=VERTEX_POINT('',#8370);
#2522=VERTEX_POINT('',#8371);
#2523=VERTEX_POINT('',#8373);
#2524=VERTEX_POINT('',#8375);
#2525=VERTEX_POINT('',#8377);
#2526=VERTEX_POINT('',#8379);
#2527=VERTEX_POINT('',#8381);
#2528=VERTEX_POINT('',#8383);
#2529=VERTEX_POINT('',#8385);
#2530=VERTEX_POINT('',#8387);
#2531=VERTEX_POINT('',#8389);
#2532=VERTEX_POINT('',#8392);
#2533=VERTEX_POINT('',#8394);
#2534=VERTEX_POINT('',#8396);
#2535=VERTEX_POINT('',#8398);
#2536=VERTEX_POINT('',#8402);
#2537=VERTEX_POINT('',#8404);
#2538=VERTEX_POINT('',#8406);
#2539=VERTEX_POINT('',#8408);
#2540=VERTEX_POINT('',#8410);
#2541=VERTEX_POINT('',#8412);
#2542=VERTEX_POINT('',#8414);
#2543=VERTEX_POINT('',#8418);
#2544=VERTEX_POINT('',#8419);
#2545=VERTEX_POINT('',#8421);
#2546=VERTEX_POINT('',#8423);
#2547=VERTEX_POINT('',#8428);
#2548=VERTEX_POINT('',#8430);
#2549=VERTEX_POINT('',#8434);
#2550=VERTEX_POINT('',#8436);
#2551=VERTEX_POINT('',#8438);
#2552=VERTEX_POINT('',#8440);
#2553=VERTEX_POINT('',#8444);
#2554=VERTEX_POINT('',#8446);
#2555=VERTEX_POINT('',#8455);
#2556=VERTEX_POINT('',#8456);
#2557=VERTEX_POINT('',#8458);
#2558=VERTEX_POINT('',#8460);
#2559=VERTEX_POINT('',#8464);
#2560=VERTEX_POINT('',#8466);
#2561=VERTEX_POINT('',#8470);
#2562=VERTEX_POINT('',#8472);
#2563=VERTEX_POINT('',#8477);
#2564=VERTEX_POINT('',#8479);
#2565=VERTEX_POINT('',#8484);
#2566=VERTEX_POINT('',#8486);
#2567=VERTEX_POINT('',#8492);
#2568=VERTEX_POINT('',#8493);
#2569=VERTEX_POINT('',#8495);
#2570=VERTEX_POINT('',#8497);
#2571=VERTEX_POINT('',#8501);
#2572=VERTEX_POINT('',#8503);
#2573=VERTEX_POINT('',#8507);
#2574=VERTEX_POINT('',#8509);
#2575=VERTEX_POINT('',#8514);
#2576=VERTEX_POINT('',#8516);
#2577=VERTEX_POINT('',#8521);
#2578=VERTEX_POINT('',#8523);
#2579=VERTEX_POINT('',#8529);
#2580=VERTEX_POINT('',#8530);
#2581=VERTEX_POINT('',#8532);
#2582=VERTEX_POINT('',#8534);
#2583=VERTEX_POINT('',#8538);
#2584=VERTEX_POINT('',#8540);
#2585=VERTEX_POINT('',#8542);
#2586=VERTEX_POINT('',#8544);
#2587=VERTEX_POINT('',#8548);
#2588=VERTEX_POINT('',#8549);
#2589=VERTEX_POINT('',#8551);
#2590=VERTEX_POINT('',#8553);
#2591=VERTEX_POINT('',#8555);
#2592=VERTEX_POINT('',#8557);
#2593=VERTEX_POINT('',#8561);
#2594=VERTEX_POINT('',#8563);
#2595=VERTEX_POINT('',#8572);
#2596=VERTEX_POINT('',#8573);
#2597=VERTEX_POINT('',#8575);
#2598=VERTEX_POINT('',#8577);
#2599=VERTEX_POINT('',#8579);
#2600=VERTEX_POINT('',#8583);
#2601=VERTEX_POINT('',#8585);
#2602=VERTEX_POINT('',#8587);
#2603=VERTEX_POINT('',#8589);
#2604=VERTEX_POINT('',#8593);
#2605=VERTEX_POINT('',#8595);
#2606=VERTEX_POINT('',#8597);
#2607=VERTEX_POINT('',#8599);
#2608=VERTEX_POINT('',#8601);
#2609=VERTEX_POINT('',#8603);
#2610=VERTEX_POINT('',#8605);
#2611=VERTEX_POINT('',#8607);
#2612=VERTEX_POINT('',#8609);
#2613=VERTEX_POINT('',#8611);
#2614=VERTEX_POINT('',#8613);
#2615=VERTEX_POINT('',#8617);
#2616=VERTEX_POINT('',#8618);
#2617=VERTEX_POINT('',#8620);
#2618=VERTEX_POINT('',#8622);
#2619=VERTEX_POINT('',#8626);
#2620=VERTEX_POINT('',#8628);
#2621=VERTEX_POINT('',#8632);
#2622=VERTEX_POINT('',#8634);
#2623=VERTEX_POINT('',#8638);
#2624=VERTEX_POINT('',#8640);
#2625=VERTEX_POINT('',#8644);
#2626=VERTEX_POINT('',#8646);
#2627=VERTEX_POINT('',#8651);
#2628=VERTEX_POINT('',#8653);
#2629=VERTEX_POINT('',#8658);
#2630=VERTEX_POINT('',#8660);
#2631=VERTEX_POINT('',#8666);
#2632=VERTEX_POINT('',#8667);
#2633=VERTEX_POINT('',#8669);
#2634=VERTEX_POINT('',#8671);
#2635=VERTEX_POINT('',#8676);
#2636=VERTEX_POINT('',#8678);
#2637=VERTEX_POINT('',#8682);
#2638=VERTEX_POINT('',#8684);
#2639=VERTEX_POINT('',#8686);
#2640=VERTEX_POINT('',#8688);
#2641=VERTEX_POINT('',#8692);
#2642=VERTEX_POINT('',#8694);
#2643=VERTEX_POINT('',#8703);
#2644=VERTEX_POINT('',#8704);
#2645=VERTEX_POINT('',#8706);
#2646=VERTEX_POINT('',#8708);
#2647=VERTEX_POINT('',#8713);
#2648=VERTEX_POINT('',#8715);
#2649=VERTEX_POINT('',#8719);
#2650=VERTEX_POINT('',#8721);
#2651=VERTEX_POINT('',#8723);
#2652=VERTEX_POINT('',#8725);
#2653=VERTEX_POINT('',#8729);
#2654=VERTEX_POINT('',#8731);
#2655=VERTEX_POINT('',#8735);
#2656=VERTEX_POINT('',#8737);
#2657=VERTEX_POINT('',#8741);
#2658=VERTEX_POINT('',#8743);
#2659=VERTEX_POINT('',#8752);
#2660=VERTEX_POINT('',#8753);
#2661=VERTEX_POINT('',#8755);
#2662=VERTEX_POINT('',#8757);
#2663=VERTEX_POINT('',#8762);
#2664=VERTEX_POINT('',#8764);
#2665=VERTEX_POINT('',#8768);
#2666=VERTEX_POINT('',#8770);
#2667=VERTEX_POINT('',#8772);
#2668=VERTEX_POINT('',#8774);
#2669=VERTEX_POINT('',#8778);
#2670=VERTEX_POINT('',#8780);
#2671=VERTEX_POINT('',#8789);
#2672=VERTEX_POINT('',#8790);
#2673=VERTEX_POINT('',#8792);
#2674=VERTEX_POINT('',#8794);
#2675=VERTEX_POINT('',#8799);
#2676=VERTEX_POINT('',#8801);
#2677=VERTEX_POINT('',#8805);
#2678=VERTEX_POINT('',#8807);
#2679=VERTEX_POINT('',#8809);
#2680=VERTEX_POINT('',#8811);
#2681=VERTEX_POINT('',#8815);
#2682=VERTEX_POINT('',#8817);
#2683=VERTEX_POINT('',#8826);
#2684=VERTEX_POINT('',#8827);
#2685=VERTEX_POINT('',#8829);
#2686=VERTEX_POINT('',#8831);
#2687=VERTEX_POINT('',#8836);
#2688=VERTEX_POINT('',#8838);
#2689=VERTEX_POINT('',#8842);
#2690=VERTEX_POINT('',#8844);
#2691=VERTEX_POINT('',#8846);
#2692=VERTEX_POINT('',#8848);
#2693=VERTEX_POINT('',#8852);
#2694=VERTEX_POINT('',#8854);
#2695=VERTEX_POINT('',#8858);
#2696=VERTEX_POINT('',#8860);
#2697=VERTEX_POINT('',#8864);
#2698=VERTEX_POINT('',#8866);
#2699=VERTEX_POINT('',#8875);
#2700=VERTEX_POINT('',#8876);
#2701=VERTEX_POINT('',#8878);
#2702=VERTEX_POINT('',#8880);
#2703=VERTEX_POINT('',#8884);
#2704=VERTEX_POINT('',#8886);
#2705=VERTEX_POINT('',#8890);
#2706=VERTEX_POINT('',#8892);
#2707=VERTEX_POINT('',#8896);
#2708=VERTEX_POINT('',#8898);
#2709=VERTEX_POINT('',#8902);
#2710=VERTEX_POINT('',#8904);
#2711=VERTEX_POINT('',#8909);
#2712=VERTEX_POINT('',#8911);
#2713=VERTEX_POINT('',#8916);
#2714=VERTEX_POINT('',#8918);
#2715=VERTEX_POINT('',#8924);
#2716=VERTEX_POINT('',#8927);
#2717=VERTEX_POINT('',#8930);
#2718=VERTEX_POINT('',#8931);
#2719=VERTEX_POINT('',#8933);
#2720=VERTEX_POINT('',#8935);
#2721=VERTEX_POINT('',#8937);
#2722=VERTEX_POINT('',#8939);
#2723=VERTEX_POINT('',#8941);
#2724=VERTEX_POINT('',#8943);
#2725=VERTEX_POINT('',#8948);
#2726=VERTEX_POINT('',#8950);
#2727=VERTEX_POINT('',#8954);
#2728=VERTEX_POINT('',#8958);
#2729=VERTEX_POINT('',#8962);
#2730=VERTEX_POINT('',#8966);
#2731=VERTEX_POINT('',#8970);
#2732=VERTEX_POINT('',#8974);
#2733=LINE('',#7723,#3275);
#2734=LINE('',#7728,#3276);
#2735=LINE('',#7732,#3277);
#2736=LINE('',#7734,#3278);
#2737=LINE('',#7736,#3279);
#2738=LINE('',#7738,#3280);
#2739=LINE('',#7740,#3281);
#2740=LINE('',#7742,#3282);
#2741=LINE('',#7745,#3283);
#2742=LINE('',#7747,#3284);
#2743=LINE('',#7749,#3285);
#2744=LINE('',#7751,#3286);
#2745=LINE('',#7753,#3287);
#2746=LINE('',#7757,#3288);
#2747=LINE('',#7761,#3289);
#2748=LINE('',#7762,#3290);
#2749=LINE('',#7764,#3291);
#2750=LINE('',#7766,#3292);
#2751=LINE('',#7769,#3293);
#2752=LINE('',#7771,#3294);
#2753=LINE('',#7773,#3295);
#2754=LINE('',#7775,#3296);
#2755=LINE('',#7777,#3297);
#2756=LINE('',#7779,#3298);
#2757=LINE('',#7781,#3299);
#2758=LINE('',#7783,#3300);
#2759=LINE('',#7785,#3301);
#2760=LINE('',#7787,#3302);
#2761=LINE('',#7789,#3303);
#2762=LINE('',#7791,#3304);
#2763=LINE('',#7792,#3305);
#2764=LINE('',#7793,#3306);
#2765=LINE('',#7795,#3307);
#2766=LINE('',#7797,#3308);
#2767=LINE('',#7799,#3309);
#2768=LINE('',#7801,#3310);
#2769=LINE('',#7803,#3311);
#2770=LINE('',#7805,#3312);
#2771=LINE('',#7807,#3313);
#2772=LINE('',#7809,#3314);
#2773=LINE('',#7811,#3315);
#2774=LINE('',#7813,#3316);
#2775=LINE('',#7815,#3317);
#2776=LINE('',#7817,#3318);
#2777=LINE('',#7822,#3319);
#2778=LINE('',#7826,#3320);
#2779=LINE('',#7827,#3321);
#2780=LINE('',#7829,#3322);
#2781=LINE('',#7831,#3323);
#2782=LINE('',#7833,#3324);
#2783=LINE('',#7835,#3325);
#2784=LINE('',#7837,#3326);
#2785=LINE('',#7839,#3327);
#2786=LINE('',#7841,#3328);
#2787=LINE('',#7845,#3329);
#2788=LINE('',#7849,#3330);
#2789=LINE('',#7850,#3331);
#2790=LINE('',#7852,#3332);
#2791=LINE('',#7854,#3333);
#2792=LINE('',#7859,#3334);
#2793=LINE('',#7863,#3335);
#2794=LINE('',#7864,#3336);
#2795=LINE('',#7866,#3337);
#2796=LINE('',#7868,#3338);
#2797=LINE('',#7870,#3339);
#2798=LINE('',#7872,#3340);
#2799=LINE('',#7874,#3341);
#2800=LINE('',#7876,#3342);
#2801=LINE('',#7878,#3343);
#2802=LINE('',#7882,#3344);
#2803=LINE('',#7886,#3345);
#2804=LINE('',#7887,#3346);
#2805=LINE('',#7889,#3347);
#2806=LINE('',#7891,#3348);
#2807=LINE('',#7896,#3349);
#2808=LINE('',#7900,#3350);
#2809=LINE('',#7902,#3351);
#2810=LINE('',#7904,#3352);
#2811=LINE('',#7908,#3353);
#2812=LINE('',#7912,#3354);
#2813=LINE('',#7913,#3355);
#2814=LINE('',#7915,#3356);
#2815=LINE('',#7917,#3357);
#2816=LINE('',#7919,#3358);
#2817=LINE('',#7921,#3359);
#2818=LINE('',#7923,#3360);
#2819=LINE('',#7925,#3361);
#2820=LINE('',#7927,#3362);
#2821=LINE('',#7931,#3363);
#2822=LINE('',#7935,#3364);
#2823=LINE('',#7936,#3365);
#2824=LINE('',#7938,#3366);
#2825=LINE('',#7940,#3367);
#2826=LINE('',#7945,#3368);
#2827=LINE('',#7949,#3369);
#2828=LINE('',#7950,#3370);
#2829=LINE('',#7952,#3371);
#2830=LINE('',#7954,#3372);
#2831=LINE('',#7956,#3373);
#2832=LINE('',#7958,#3374);
#2833=LINE('',#7960,#3375);
#2834=LINE('',#7962,#3376);
#2835=LINE('',#7964,#3377);
#2836=LINE('',#7968,#3378);
#2837=LINE('',#7972,#3379);
#2838=LINE('',#7973,#3380);
#2839=LINE('',#7975,#3381);
#2840=LINE('',#7977,#3382);
#2841=LINE('',#7982,#3383);
#2842=LINE('',#7986,#3384);
#2843=LINE('',#7988,#3385);
#2844=LINE('',#7990,#3386);
#2845=LINE('',#7994,#3387);
#2846=LINE('',#7998,#3388);
#2847=LINE('',#8000,#3389);
#2848=LINE('',#8002,#3390);
#2849=LINE('',#8006,#3391);
#2850=LINE('',#8010,#3392);
#2851=LINE('',#8011,#3393);
#2852=LINE('',#8013,#3394);
#2853=LINE('',#8015,#3395);
#2854=LINE('',#8017,#3396);
#2855=LINE('',#8018,#3397);
#2856=LINE('',#8020,#3398);
#2857=LINE('',#8022,#3399);
#2858=LINE('',#8024,#3400);
#2859=LINE('',#8026,#3401);
#2860=LINE('',#8031,#3402);
#2861=LINE('',#8035,#3403);
#2862=LINE('',#8037,#3404);
#2863=LINE('',#8039,#3405);
#2864=LINE('',#8041,#3406);
#2865=LINE('',#8043,#3407);
#2866=LINE('',#8045,#3408);
#2867=LINE('',#8048,#3409);
#2868=LINE('',#8050,#3410);
#2869=LINE('',#8052,#3411);
#2870=LINE('',#8054,#3412);
#2871=LINE('',#8056,#3413);
#2872=LINE('',#8060,#3414);
#2873=LINE('',#8064,#3415);
#2874=LINE('',#8065,#3416);
#2875=LINE('',#8067,#3417);
#2876=LINE('',#8069,#3418);
#2877=LINE('',#8071,#3419);
#2878=LINE('',#8073,#3420);
#2879=LINE('',#8075,#3421);
#2880=LINE('',#8077,#3422);
#2881=LINE('',#8079,#3423);
#2882=LINE('',#8081,#3424);
#2883=LINE('',#8083,#3425);
#2884=LINE('',#8085,#3426);
#2885=LINE('',#8086,#3427);
#2886=LINE('',#8087,#3428);
#2887=LINE('',#8089,#3429);
#2888=LINE('',#8091,#3430);
#2889=LINE('',#8093,#3431);
#2890=LINE('',#8095,#3432);
#2891=LINE('',#8097,#3433);
#2892=LINE('',#8099,#3434);
#2893=LINE('',#8101,#3435);
#2894=LINE('',#8103,#3436);
#2895=LINE('',#8105,#3437);
#2896=LINE('',#8107,#3438);
#2897=LINE('',#8109,#3439);
#2898=LINE('',#8111,#3440);
#2899=LINE('',#8113,#3441);
#2900=LINE('',#8115,#3442);
#2901=LINE('',#8117,#3443);
#2902=LINE('',#8122,#3444);
#2903=LINE('',#8126,#3445);
#2904=LINE('',#8128,#3446);
#2905=LINE('',#8130,#3447);
#2906=LINE('',#8134,#3448);
#2907=LINE('',#8138,#3449);
#2908=LINE('',#8139,#3450);
#2909=LINE('',#8141,#3451);
#2910=LINE('',#8143,#3452);
#2911=LINE('',#8145,#3453);
#2912=LINE('',#8146,#3454);
#2913=LINE('',#8148,#3455);
#2914=LINE('',#8150,#3456);
#2915=LINE('',#8152,#3457);
#2916=LINE('',#8154,#3458);
#2917=LINE('',#8159,#3459);
#2918=LINE('',#8163,#3460);
#2919=LINE('',#8164,#3461);
#2920=LINE('',#8166,#3462);
#2921=LINE('',#8168,#3463);
#2922=LINE('',#8170,#3464);
#2923=LINE('',#8172,#3465);
#2924=LINE('',#8174,#3466);
#2925=LINE('',#8176,#3467);
#2926=LINE('',#8178,#3468);
#2927=LINE('',#8182,#3469);
#2928=LINE('',#8186,#3470);
#2929=LINE('',#8187,#3471);
#2930=LINE('',#8189,#3472);
#2931=LINE('',#8191,#3473);
#2932=LINE('',#8196,#3474);
#2933=LINE('',#8200,#3475);
#2934=LINE('',#8202,#3476);
#2935=LINE('',#8204,#3477);
#2936=LINE('',#8208,#3478);
#2937=LINE('',#8212,#3479);
#2938=LINE('',#8213,#3480);
#2939=LINE('',#8215,#3481);
#2940=LINE('',#8217,#3482);
#2941=LINE('',#8219,#3483);
#2942=LINE('',#8220,#3484);
#2943=LINE('',#8222,#3485);
#2944=LINE('',#8224,#3486);
#2945=LINE('',#8226,#3487);
#2946=LINE('',#8228,#3488);
#2947=LINE('',#8233,#3489);
#2948=LINE('',#8237,#3490);
#2949=LINE('',#8239,#3491);
#2950=LINE('',#8241,#3492);
#2951=LINE('',#8245,#3493);
#2952=LINE('',#8249,#3494);
#2953=LINE('',#8250,#3495);
#2954=LINE('',#8252,#3496);
#2955=LINE('',#8254,#3497);
#2956=LINE('',#8256,#3498);
#2957=LINE('',#8258,#3499);
#2958=LINE('',#8260,#3500);
#2959=LINE('',#8262,#3501);
#2960=LINE('',#8264,#3502);
#2961=LINE('',#8268,#3503);
#2962=LINE('',#8272,#3504);
#2963=LINE('',#8273,#3505);
#2964=LINE('',#8275,#3506);
#2965=LINE('',#8277,#3507);
#2966=LINE('',#8282,#3508);
#2967=LINE('',#8286,#3509);
#2968=LINE('',#8288,#3510);
#2969=LINE('',#8290,#3511);
#2970=LINE('',#8294,#3512);
#2971=LINE('',#8298,#3513);
#2972=LINE('',#8300,#3514);
#2973=LINE('',#8302,#3515);
#2974=LINE('',#8306,#3516);
#2975=LINE('',#8310,#3517);
#2976=LINE('',#8311,#3518);
#2977=LINE('',#8313,#3519);
#2978=LINE('',#8315,#3520);
#2979=LINE('',#8317,#3521);
#2980=LINE('',#8318,#3522);
#2981=LINE('',#8320,#3523);
#2982=LINE('',#8322,#3524);
#2983=LINE('',#8324,#3525);
#2984=LINE('',#8326,#3526);
#2985=LINE('',#8331,#3527);
#2986=LINE('',#8335,#3528);
#2987=LINE('',#8337,#3529);
#2988=LINE('',#8339,#3530);
#2989=LINE('',#8341,#3531);
#2990=LINE('',#8343,#3532);
#2991=LINE('',#8345,#3533);
#2992=LINE('',#8348,#3534);
#2993=LINE('',#8350,#3535);
#2994=LINE('',#8352,#3536);
#2995=LINE('',#8354,#3537);
#2996=LINE('',#8356,#3538);
#2997=LINE('',#8360,#3539);
#2998=LINE('',#8364,#3540);
#2999=LINE('',#8365,#3541);
#3000=LINE('',#8367,#3542);
#3001=LINE('',#8369,#3543);
#3002=LINE('',#8372,#3544);
#3003=LINE('',#8374,#3545);
#3004=LINE('',#8376,#3546);
#3005=LINE('',#8378,#3547);
#3006=LINE('',#8380,#3548);
#3007=LINE('',#8382,#3549);
#3008=LINE('',#8384,#3550);
#3009=LINE('',#8386,#3551);
#3010=LINE('',#8388,#3552);
#3011=LINE('',#8390,#3553);
#3012=LINE('',#8391,#3554);
#3013=LINE('',#8393,#3555);
#3014=LINE('',#8395,#3556);
#3015=LINE('',#8397,#3557);
#3016=LINE('',#8399,#3558);
#3017=LINE('',#8400,#3559);
#3018=LINE('',#8401,#3560);
#3019=LINE('',#8403,#3561);
#3020=LINE('',#8405,#3562);
#3021=LINE('',#8407,#3563);
#3022=LINE('',#8409,#3564);
#3023=LINE('',#8411,#3565);
#3024=LINE('',#8413,#3566);
#3025=LINE('',#8415,#3567);
#3026=LINE('',#8417,#3568);
#3027=LINE('',#8422,#3569);
#3028=LINE('',#8426,#3570);
#3029=LINE('',#8427,#3571);
#3030=LINE('',#8429,#3572);
#3031=LINE('',#8431,#3573);
#3032=LINE('',#8433,#3574);
#3033=LINE('',#8435,#3575);
#3034=LINE('',#8437,#3576);
#3035=LINE('',#8439,#3577);
#3036=LINE('',#8441,#3578);
#3037=LINE('',#8445,#3579);
#3038=LINE('',#8449,#3580);
#3039=LINE('',#8450,#3581);
#3040=LINE('',#8452,#3582);
#3041=LINE('',#8454,#3583);
#3042=LINE('',#8459,#3584);
#3043=LINE('',#8463,#3585);
#3044=LINE('',#8465,#3586);
#3045=LINE('',#8467,#3587);
#3046=LINE('',#8471,#3588);
#3047=LINE('',#8475,#3589);
#3048=LINE('',#8476,#3590);
#3049=LINE('',#8478,#3591);
#3050=LINE('',#8480,#3592);
#3051=LINE('',#8482,#3593);
#3052=LINE('',#8483,#3594);
#3053=LINE('',#8485,#3595);
#3054=LINE('',#8487,#3596);
#3055=LINE('',#8489,#3597);
#3056=LINE('',#8491,#3598);
#3057=LINE('',#8496,#3599);
#3058=LINE('',#8500,#3600);
#3059=LINE('',#8502,#3601);
#3060=LINE('',#8504,#3602);
#3061=LINE('',#8508,#3603);
#3062=LINE('',#8512,#3604);
#3063=LINE('',#8513,#3605);
#3064=LINE('',#8515,#3606);
#3065=LINE('',#8517,#3607);
#3066=LINE('',#8519,#3608);
#3067=LINE('',#8520,#3609);
#3068=LINE('',#8522,#3610);
#3069=LINE('',#8524,#3611);
#3070=LINE('',#8526,#3612);
#3071=LINE('',#8528,#3613);
#3072=LINE('',#8533,#3614);
#3073=LINE('',#8537,#3615);
#3074=LINE('',#8539,#3616);
#3075=LINE('',#8541,#3617);
#3076=LINE('',#8543,#3618);
#3077=LINE('',#8545,#3619);
#3078=LINE('',#8547,#3620);
#3079=LINE('',#8550,#3621);
#3080=LINE('',#8552,#3622);
#3081=LINE('',#8554,#3623);
#3082=LINE('',#8556,#3624);
#3083=LINE('',#8558,#3625);
#3084=LINE('',#8562,#3626);
#3085=LINE('',#8566,#3627);
#3086=LINE('',#8567,#3628);
#3087=LINE('',#8569,#3629);
#3088=LINE('',#8571,#3630);
#3089=LINE('',#8574,#3631);
#3090=LINE('',#8576,#3632);
#3091=LINE('',#8578,#3633);
#3092=LINE('',#8580,#3634);
#3093=LINE('',#8581,#3635);
#3094=LINE('',#8582,#3636);
#3095=LINE('',#8584,#3637);
#3096=LINE('',#8586,#3638);
#3097=LINE('',#8588,#3639);
#3098=LINE('',#8590,#3640);
#3099=LINE('',#8591,#3641);
#3100=LINE('',#8592,#3642);
#3101=LINE('',#8594,#3643);
#3102=LINE('',#8596,#3644);
#3103=LINE('',#8598,#3645);
#3104=LINE('',#8600,#3646);
#3105=LINE('',#8602,#3647);
#3106=LINE('',#8604,#3648);
#3107=LINE('',#8606,#3649);
#3108=LINE('',#8608,#3650);
#3109=LINE('',#8610,#3651);
#3110=LINE('',#8612,#3652);
#3111=LINE('',#8614,#3653);
#3112=LINE('',#8616,#3654);
#3113=LINE('',#8621,#3655);
#3114=LINE('',#8625,#3656);
#3115=LINE('',#8627,#3657);
#3116=LINE('',#8629,#3658);
#3117=LINE('',#8633,#3659);
#3118=LINE('',#8637,#3660);
#3119=LINE('',#8639,#3661);
#3120=LINE('',#8641,#3662);
#3121=LINE('',#8645,#3663);
#3122=LINE('',#8649,#3664);
#3123=LINE('',#8650,#3665);
#3124=LINE('',#8652,#3666);
#3125=LINE('',#8654,#3667);
#3126=LINE('',#8656,#3668);
#3127=LINE('',#8657,#3669);
#3128=LINE('',#8659,#3670);
#3129=LINE('',#8661,#3671);
#3130=LINE('',#8663,#3672);
#3131=LINE('',#8665,#3673);
#3132=LINE('',#8670,#3674);
#3133=LINE('',#8674,#3675);
#3134=LINE('',#8675,#3676);
#3135=LINE('',#8677,#3677);
#3136=LINE('',#8679,#3678);
#3137=LINE('',#8681,#3679);
#3138=LINE('',#8683,#3680);
#3139=LINE('',#8685,#3681);
#3140=LINE('',#8687,#3682);
#3141=LINE('',#8689,#3683);
#3142=LINE('',#8693,#3684);
#3143=LINE('',#8697,#3685);
#3144=LINE('',#8698,#3686);
#3145=LINE('',#8700,#3687);
#3146=LINE('',#8702,#3688);
#3147=LINE('',#8707,#3689);
#3148=LINE('',#8711,#3690);
#3149=LINE('',#8712,#3691);
#3150=LINE('',#8714,#3692);
#3151=LINE('',#8716,#3693);
#3152=LINE('',#8718,#3694);
#3153=LINE('',#8720,#3695);
#3154=LINE('',#8722,#3696);
#3155=LINE('',#8724,#3697);
#3156=LINE('',#8726,#3698);
#3157=LINE('',#8730,#3699);
#3158=LINE('',#8734,#3700);
#3159=LINE('',#8736,#3701);
#3160=LINE('',#8738,#3702);
#3161=LINE('',#8742,#3703);
#3162=LINE('',#8746,#3704);
#3163=LINE('',#8747,#3705);
#3164=LINE('',#8749,#3706);
#3165=LINE('',#8751,#3707);
#3166=LINE('',#8756,#3708);
#3167=LINE('',#8760,#3709);
#3168=LINE('',#8761,#3710);
#3169=LINE('',#8763,#3711);
#3170=LINE('',#8765,#3712);
#3171=LINE('',#8767,#3713);
#3172=LINE('',#8769,#3714);
#3173=LINE('',#8771,#3715);
#3174=LINE('',#8773,#3716);
#3175=LINE('',#8775,#3717);
#3176=LINE('',#8779,#3718);
#3177=LINE('',#8783,#3719);
#3178=LINE('',#8784,#3720);
#3179=LINE('',#8786,#3721);
#3180=LINE('',#8788,#3722);
#3181=LINE('',#8793,#3723);
#3182=LINE('',#8797,#3724);
#3183=LINE('',#8798,#3725);
#3184=LINE('',#8800,#3726);
#3185=LINE('',#8802,#3727);
#3186=LINE('',#8804,#3728);
#3187=LINE('',#8806,#3729);
#3188=LINE('',#8808,#3730);
#3189=LINE('',#8810,#3731);
#3190=LINE('',#8812,#3732);
#3191=LINE('',#8816,#3733);
#3192=LINE('',#8820,#3734);
#3193=LINE('',#8821,#3735);
#3194=LINE('',#8823,#3736);
#3195=LINE('',#8825,#3737);
#3196=LINE('',#8830,#3738);
#3197=LINE('',#8834,#3739);
#3198=LINE('',#8835,#3740);
#3199=LINE('',#8837,#3741);
#3200=LINE('',#8839,#3742);
#3201=LINE('',#8841,#3743);
#3202=LINE('',#8843,#3744);
#3203=LINE('',#8845,#3745);
#3204=LINE('',#8847,#3746);
#3205=LINE('',#8849,#3747);
#3206=LINE('',#8853,#3748);
#3207=LINE('',#8857,#3749);
#3208=LINE('',#8859,#3750);
#3209=LINE('',#8861,#3751);
#3210=LINE('',#8865,#3752);
#3211=LINE('',#8869,#3753);
#3212=LINE('',#8870,#3754);
#3213=LINE('',#8872,#3755);
#3214=LINE('',#8874,#3756);
#3215=LINE('',#8879,#3757);
#3216=LINE('',#8883,#3758);
#3217=LINE('',#8885,#3759);
#3218=LINE('',#8887,#3760);
#3219=LINE('',#8891,#3761);
#3220=LINE('',#8895,#3762);
#3221=LINE('',#8897,#3763);
#3222=LINE('',#8899,#3764);
#3223=LINE('',#8903,#3765);
#3224=LINE('',#8907,#3766);
#3225=LINE('',#8908,#3767);
#3226=LINE('',#8910,#3768);
#3227=LINE('',#8912,#3769);
#3228=LINE('',#8914,#3770);
#3229=LINE('',#8915,#3771);
#3230=LINE('',#8917,#3772);
#3231=LINE('',#8919,#3773);
#3232=LINE('',#8921,#3774);
#3233=LINE('',#8929,#3775);
#3234=LINE('',#8934,#3776);
#3235=LINE('',#8938,#3777);
#3236=LINE('',#8942,#3778);
#3237=LINE('',#8944,#3779);
#3238=LINE('',#8947,#3780);
#3239=LINE('',#8949,#3781);
#3240=LINE('',#8951,#3782);
#3241=LINE('',#8953,#3783);
#3242=LINE('',#8955,#3784);
#3243=LINE('',#8957,#3785);
#3244=LINE('',#8959,#3786);
#3245=LINE('',#8961,#3787);
#3246=LINE('',#8965,#3788);
#3247=LINE('',#8967,#3789);
#3248=LINE('',#8969,#3790);
#3249=LINE('',#8973,#3791);
#3250=LINE('',#8975,#3792);
#3251=LINE('',#8980,#3793);
#3252=LINE('',#8983,#3794);
#3253=LINE('',#8986,#3795);
#3254=LINE('',#8989,#3796);
#3255=LINE('',#8992,#3797);
#3256=LINE('',#8995,#3798);
#3257=LINE('',#8998,#3799);
#3258=LINE('',#9001,#3800);
#3259=LINE('',#9004,#3801);
#3260=LINE('',#9007,#3802);
#3261=LINE('',#9010,#3803);
#3262=LINE('',#9013,#3804);
#3263=LINE('',#9016,#3805);
#3264=LINE('',#9019,#3806);
#3265=LINE('',#9022,#3807);
#3266=LINE('',#9025,#3808);
#3267=LINE('',#9028,#3809);
#3268=LINE('',#9031,#3810);
#3269=LINE('',#9034,#3811);
#3270=LINE('',#9037,#3812);
#3271=LINE('',#9040,#3813);
#3272=LINE('',#9043,#3814);
#3273=LINE('',#9046,#3815);
#3274=LINE('',#9049,#3816);
#3275=VECTOR('',#6491,1000.);
#3276=VECTOR('',#6494,1000.);
#3277=VECTOR('',#6499,1000.);
#3278=VECTOR('',#6500,1000.);
#3279=VECTOR('',#6501,1000.);
#3280=VECTOR('',#6502,1000.);
#3281=VECTOR('',#6503,1000.);
#3282=VECTOR('',#6506,1000.);
#3283=VECTOR('',#6507,1000.);
#3284=VECTOR('',#6508,1000.);
#3285=VECTOR('',#6509,1000.);
#3286=VECTOR('',#6510,1000.);
#3287=VECTOR('',#6511,1000.);
#3288=VECTOR('',#6516,1000.);
#3289=VECTOR('',#6521,1000.);
#3290=VECTOR('',#6522,1000.);
#3291=VECTOR('',#6525,1000.);
#3292=VECTOR('',#6528,1000.);
#3293=VECTOR('',#6529,1000.);
#3294=VECTOR('',#6530,1000.);
#3295=VECTOR('',#6531,1000.);
#3296=VECTOR('',#6532,1000.);
#3297=VECTOR('',#6533,1000.);
#3298=VECTOR('',#6534,1000.);
#3299=VECTOR('',#6535,1000.);
#3300=VECTOR('',#6536,1000.);
#3301=VECTOR('',#6537,1000.);
#3302=VECTOR('',#6538,1000.);
#3303=VECTOR('',#6539,1000.);
#3304=VECTOR('',#6540,1000.);
#3305=VECTOR('',#6541,1000.);
#3306=VECTOR('',#6542,1000.);
#3307=VECTOR('',#6543,1000.);
#3308=VECTOR('',#6544,1000.);
#3309=VECTOR('',#6545,1000.);
#3310=VECTOR('',#6546,1000.);
#3311=VECTOR('',#6547,1000.);
#3312=VECTOR('',#6548,1000.);
#3313=VECTOR('',#6549,1000.);
#3314=VECTOR('',#6550,1000.);
#3315=VECTOR('',#6551,1000.);
#3316=VECTOR('',#6552,1000.);
#3317=VECTOR('',#6553,1000.);
#3318=VECTOR('',#6556,1000.);
#3319=VECTOR('',#6559,1000.);
#3320=VECTOR('',#6564,1000.);
#3321=VECTOR('',#6565,1000.);
#3322=VECTOR('',#6566,1000.);
#3323=VECTOR('',#6567,1000.);
#3324=VECTOR('',#6570,1000.);
#3325=VECTOR('',#6571,1000.);
#3326=VECTOR('',#6572,1000.);
#3327=VECTOR('',#6573,1000.);
#3328=VECTOR('',#6574,1000.);
#3329=VECTOR('',#6579,1000.);
#3330=VECTOR('',#6584,1000.);
#3331=VECTOR('',#6585,1000.);
#3332=VECTOR('',#6588,1000.);
#3333=VECTOR('',#6591,1000.);
#3334=VECTOR('',#6594,1000.);
#3335=VECTOR('',#6599,1000.);
#3336=VECTOR('',#6600,1000.);
#3337=VECTOR('',#6601,1000.);
#3338=VECTOR('',#6602,1000.);
#3339=VECTOR('',#6605,1000.);
#3340=VECTOR('',#6606,1000.);
#3341=VECTOR('',#6607,1000.);
#3342=VECTOR('',#6608,1000.);
#3343=VECTOR('',#6609,1000.);
#3344=VECTOR('',#6614,1000.);
#3345=VECTOR('',#6619,1000.);
#3346=VECTOR('',#6620,1000.);
#3347=VECTOR('',#6623,1000.);
#3348=VECTOR('',#6626,1000.);
#3349=VECTOR('',#6629,1000.);
#3350=VECTOR('',#6634,1000.);
#3351=VECTOR('',#6635,1000.);
#3352=VECTOR('',#6636,1000.);
#3353=VECTOR('',#6641,1000.);
#3354=VECTOR('',#6646,1000.);
#3355=VECTOR('',#6647,1000.);
#3356=VECTOR('',#6648,1000.);
#3357=VECTOR('',#6649,1000.);
#3358=VECTOR('',#6652,1000.);
#3359=VECTOR('',#6653,1000.);
#3360=VECTOR('',#6654,1000.);
#3361=VECTOR('',#6655,1000.);
#3362=VECTOR('',#6656,1000.);
#3363=VECTOR('',#6661,1000.);
#3364=VECTOR('',#6666,1000.);
#3365=VECTOR('',#6667,1000.);
#3366=VECTOR('',#6670,1000.);
#3367=VECTOR('',#6673,1000.);
#3368=VECTOR('',#6676,1000.);
#3369=VECTOR('',#6681,1000.);
#3370=VECTOR('',#6682,1000.);
#3371=VECTOR('',#6683,1000.);
#3372=VECTOR('',#6684,1000.);
#3373=VECTOR('',#6687,1000.);
#3374=VECTOR('',#6688,1000.);
#3375=VECTOR('',#6689,1000.);
#3376=VECTOR('',#6690,1000.);
#3377=VECTOR('',#6691,1000.);
#3378=VECTOR('',#6696,1000.);
#3379=VECTOR('',#6701,1000.);
#3380=VECTOR('',#6702,1000.);
#3381=VECTOR('',#6705,1000.);
#3382=VECTOR('',#6708,1000.);
#3383=VECTOR('',#6711,1000.);
#3384=VECTOR('',#6716,1000.);
#3385=VECTOR('',#6717,1000.);
#3386=VECTOR('',#6718,1000.);
#3387=VECTOR('',#6723,1000.);
#3388=VECTOR('',#6728,1000.);
#3389=VECTOR('',#6729,1000.);
#3390=VECTOR('',#6730,1000.);
#3391=VECTOR('',#6735,1000.);
#3392=VECTOR('',#6740,1000.);
#3393=VECTOR('',#6741,1000.);
#3394=VECTOR('',#6742,1000.);
#3395=VECTOR('',#6743,1000.);
#3396=VECTOR('',#6746,1000.);
#3397=VECTOR('',#6747,1000.);
#3398=VECTOR('',#6748,1000.);
#3399=VECTOR('',#6749,1000.);
#3400=VECTOR('',#6752,1000.);
#3401=VECTOR('',#6755,1000.);
#3402=VECTOR('',#6758,1000.);
#3403=VECTOR('',#6763,1000.);
#3404=VECTOR('',#6764,1000.);
#3405=VECTOR('',#6765,1000.);
#3406=VECTOR('',#6766,1000.);
#3407=VECTOR('',#6767,1000.);
#3408=VECTOR('',#6770,1000.);
#3409=VECTOR('',#6771,1000.);
#3410=VECTOR('',#6772,1000.);
#3411=VECTOR('',#6773,1000.);
#3412=VECTOR('',#6774,1000.);
#3413=VECTOR('',#6775,1000.);
#3414=VECTOR('',#6780,1000.);
#3415=VECTOR('',#6785,1000.);
#3416=VECTOR('',#6786,1000.);
#3417=VECTOR('',#6789,1000.);
#3418=VECTOR('',#6792,1000.);
#3419=VECTOR('',#6793,1000.);
#3420=VECTOR('',#6794,1000.);
#3421=VECTOR('',#6795,1000.);
#3422=VECTOR('',#6796,1000.);
#3423=VECTOR('',#6797,1000.);
#3424=VECTOR('',#6798,1000.);
#3425=VECTOR('',#6799,1000.);
#3426=VECTOR('',#6800,1000.);
#3427=VECTOR('',#6801,1000.);
#3428=VECTOR('',#6802,1000.);
#3429=VECTOR('',#6803,1000.);
#3430=VECTOR('',#6804,1000.);
#3431=VECTOR('',#6805,1000.);
#3432=VECTOR('',#6806,1000.);
#3433=VECTOR('',#6807,1000.);
#3434=VECTOR('',#6808,1000.);
#3435=VECTOR('',#6809,1000.);
#3436=VECTOR('',#6810,1000.);
#3437=VECTOR('',#6811,1000.);
#3438=VECTOR('',#6812,1000.);
#3439=VECTOR('',#6813,1000.);
#3440=VECTOR('',#6814,1000.);
#3441=VECTOR('',#6815,1000.);
#3442=VECTOR('',#6816,1000.);
#3443=VECTOR('',#6819,1000.);
#3444=VECTOR('',#6822,1000.);
#3445=VECTOR('',#6827,1000.);
#3446=VECTOR('',#6828,1000.);
#3447=VECTOR('',#6829,1000.);
#3448=VECTOR('',#6834,1000.);
#3449=VECTOR('',#6839,1000.);
#3450=VECTOR('',#6840,1000.);
#3451=VECTOR('',#6841,1000.);
#3452=VECTOR('',#6842,1000.);
#3453=VECTOR('',#6845,1000.);
#3454=VECTOR('',#6846,1000.);
#3455=VECTOR('',#6847,1000.);
#3456=VECTOR('',#6848,1000.);
#3457=VECTOR('',#6851,1000.);
#3458=VECTOR('',#6854,1000.);
#3459=VECTOR('',#6857,1000.);
#3460=VECTOR('',#6862,1000.);
#3461=VECTOR('',#6863,1000.);
#3462=VECTOR('',#6864,1000.);
#3463=VECTOR('',#6865,1000.);
#3464=VECTOR('',#6868,1000.);
#3465=VECTOR('',#6869,1000.);
#3466=VECTOR('',#6870,1000.);
#3467=VECTOR('',#6871,1000.);
#3468=VECTOR('',#6872,1000.);
#3469=VECTOR('',#6877,1000.);
#3470=VECTOR('',#6882,1000.);
#3471=VECTOR('',#6883,1000.);
#3472=VECTOR('',#6886,1000.);
#3473=VECTOR('',#6889,1000.);
#3474=VECTOR('',#6892,1000.);
#3475=VECTOR('',#6897,1000.);
#3476=VECTOR('',#6898,1000.);
#3477=VECTOR('',#6899,1000.);
#3478=VECTOR('',#6904,1000.);
#3479=VECTOR('',#6909,1000.);
#3480=VECTOR('',#6910,1000.);
#3481=VECTOR('',#6911,1000.);
#3482=VECTOR('',#6912,1000.);
#3483=VECTOR('',#6915,1000.);
#3484=VECTOR('',#6916,1000.);
#3485=VECTOR('',#6917,1000.);
#3486=VECTOR('',#6918,1000.);
#3487=VECTOR('',#6921,1000.);
#3488=VECTOR('',#6924,1000.);
#3489=VECTOR('',#6927,1000.);
#3490=VECTOR('',#6932,1000.);
#3491=VECTOR('',#6933,1000.);
#3492=VECTOR('',#6934,1000.);
#3493=VECTOR('',#6939,1000.);
#3494=VECTOR('',#6944,1000.);
#3495=VECTOR('',#6945,1000.);
#3496=VECTOR('',#6946,1000.);
#3497=VECTOR('',#6947,1000.);
#3498=VECTOR('',#6950,1000.);
#3499=VECTOR('',#6951,1000.);
#3500=VECTOR('',#6952,1000.);
#3501=VECTOR('',#6953,1000.);
#3502=VECTOR('',#6954,1000.);
#3503=VECTOR('',#6959,1000.);
#3504=VECTOR('',#6964,1000.);
#3505=VECTOR('',#6965,1000.);
#3506=VECTOR('',#6968,1000.);
#3507=VECTOR('',#6971,1000.);
#3508=VECTOR('',#6974,1000.);
#3509=VECTOR('',#6979,1000.);
#3510=VECTOR('',#6980,1000.);
#3511=VECTOR('',#6981,1000.);
#3512=VECTOR('',#6986,1000.);
#3513=VECTOR('',#6991,1000.);
#3514=VECTOR('',#6992,1000.);
#3515=VECTOR('',#6993,1000.);
#3516=VECTOR('',#6998,1000.);
#3517=VECTOR('',#7003,1000.);
#3518=VECTOR('',#7004,1000.);
#3519=VECTOR('',#7005,1000.);
#3520=VECTOR('',#7006,1000.);
#3521=VECTOR('',#7009,1000.);
#3522=VECTOR('',#7010,1000.);
#3523=VECTOR('',#7011,1000.);
#3524=VECTOR('',#7012,1000.);
#3525=VECTOR('',#7015,1000.);
#3526=VECTOR('',#7018,1000.);
#3527=VECTOR('',#7021,1000.);
#3528=VECTOR('',#7026,1000.);
#3529=VECTOR('',#7027,1000.);
#3530=VECTOR('',#7028,1000.);
#3531=VECTOR('',#7029,1000.);
#3532=VECTOR('',#7030,1000.);
#3533=VECTOR('',#7033,1000.);
#3534=VECTOR('',#7034,1000.);
#3535=VECTOR('',#7035,1000.);
#3536=VECTOR('',#7036,1000.);
#3537=VECTOR('',#7037,1000.);
#3538=VECTOR('',#7038,1000.);
#3539=VECTOR('',#7043,1000.);
#3540=VECTOR('',#7048,1000.);
#3541=VECTOR('',#7049,1000.);
#3542=VECTOR('',#7052,1000.);
#3543=VECTOR('',#7055,1000.);
#3544=VECTOR('',#7056,1000.);
#3545=VECTOR('',#7057,1000.);
#3546=VECTOR('',#7058,1000.);
#3547=VECTOR('',#7059,1000.);
#3548=VECTOR('',#7060,1000.);
#3549=VECTOR('',#7061,1000.);
#3550=VECTOR('',#7062,1000.);
#3551=VECTOR('',#7063,1000.);
#3552=VECTOR('',#7064,1000.);
#3553=VECTOR('',#7065,1000.);
#3554=VECTOR('',#7066,1000.);
#3555=VECTOR('',#7067,1000.);
#3556=VECTOR('',#7068,1000.);
#3557=VECTOR('',#7069,1000.);
#3558=VECTOR('',#7070,1000.);
#3559=VECTOR('',#7071,1000.);
#3560=VECTOR('',#7072,1000.);
#3561=VECTOR('',#7073,1000.);
#3562=VECTOR('',#7074,1000.);
#3563=VECTOR('',#7075,1000.);
#3564=VECTOR('',#7076,1000.);
#3565=VECTOR('',#7077,1000.);
#3566=VECTOR('',#7078,1000.);
#3567=VECTOR('',#7079,1000.);
#3568=VECTOR('',#7082,1000.);
#3569=VECTOR('',#7085,1000.);
#3570=VECTOR('',#7090,1000.);
#3571=VECTOR('',#7091,1000.);
#3572=VECTOR('',#7092,1000.);
#3573=VECTOR('',#7093,1000.);
#3574=VECTOR('',#7096,1000.);
#3575=VECTOR('',#7097,1000.);
#3576=VECTOR('',#7098,1000.);
#3577=VECTOR('',#7099,1000.);
#3578=VECTOR('',#7100,1000.);
#3579=VECTOR('',#7105,1000.);
#3580=VECTOR('',#7110,1000.);
#3581=VECTOR('',#7111,1000.);
#3582=VECTOR('',#7114,1000.);
#3583=VECTOR('',#7117,1000.);
#3584=VECTOR('',#7120,1000.);
#3585=VECTOR('',#7125,1000.);
#3586=VECTOR('',#7126,1000.);
#3587=VECTOR('',#7127,1000.);
#3588=VECTOR('',#7132,1000.);
#3589=VECTOR('',#7137,1000.);
#3590=VECTOR('',#7138,1000.);
#3591=VECTOR('',#7139,1000.);
#3592=VECTOR('',#7140,1000.);
#3593=VECTOR('',#7143,1000.);
#3594=VECTOR('',#7144,1000.);
#3595=VECTOR('',#7145,1000.);
#3596=VECTOR('',#7146,1000.);
#3597=VECTOR('',#7149,1000.);
#3598=VECTOR('',#7152,1000.);
#3599=VECTOR('',#7155,1000.);
#3600=VECTOR('',#7160,1000.);
#3601=VECTOR('',#7161,1000.);
#3602=VECTOR('',#7162,1000.);
#3603=VECTOR('',#7167,1000.);
#3604=VECTOR('',#7172,1000.);
#3605=VECTOR('',#7173,1000.);
#3606=VECTOR('',#7174,1000.);
#3607=VECTOR('',#7175,1000.);
#3608=VECTOR('',#7178,1000.);
#3609=VECTOR('',#7179,1000.);
#3610=VECTOR('',#7180,1000.);
#3611=VECTOR('',#7181,1000.);
#3612=VECTOR('',#7184,1000.);
#3613=VECTOR('',#7187,1000.);
#3614=VECTOR('',#7190,1000.);
#3615=VECTOR('',#7195,1000.);
#3616=VECTOR('',#7196,1000.);
#3617=VECTOR('',#7197,1000.);
#3618=VECTOR('',#7198,1000.);
#3619=VECTOR('',#7199,1000.);
#3620=VECTOR('',#7202,1000.);
#3621=VECTOR('',#7203,1000.);
#3622=VECTOR('',#7204,1000.);
#3623=VECTOR('',#7205,1000.);
#3624=VECTOR('',#7206,1000.);
#3625=VECTOR('',#7207,1000.);
#3626=VECTOR('',#7212,1000.);
#3627=VECTOR('',#7217,1000.);
#3628=VECTOR('',#7218,1000.);
#3629=VECTOR('',#7221,1000.);
#3630=VECTOR('',#7224,1000.);
#3631=VECTOR('',#7225,1000.);
#3632=VECTOR('',#7226,1000.);
#3633=VECTOR('',#7227,1000.);
#3634=VECTOR('',#7228,1000.);
#3635=VECTOR('',#7229,1000.);
#3636=VECTOR('',#7230,1000.);
#3637=VECTOR('',#7231,1000.);
#3638=VECTOR('',#7232,1000.);
#3639=VECTOR('',#7233,1000.);
#3640=VECTOR('',#7234,1000.);
#3641=VECTOR('',#7235,1000.);
#3642=VECTOR('',#7236,1000.);
#3643=VECTOR('',#7237,1000.);
#3644=VECTOR('',#7238,1000.);
#3645=VECTOR('',#7239,1000.);
#3646=VECTOR('',#7240,1000.);
#3647=VECTOR('',#7241,1000.);
#3648=VECTOR('',#7242,1000.);
#3649=VECTOR('',#7243,1000.);
#3650=VECTOR('',#7244,1000.);
#3651=VECTOR('',#7245,1000.);
#3652=VECTOR('',#7246,1000.);
#3653=VECTOR('',#7247,1000.);
#3654=VECTOR('',#7250,1000.);
#3655=VECTOR('',#7253,1000.);
#3656=VECTOR('',#7258,1000.);
#3657=VECTOR('',#7259,1000.);
#3658=VECTOR('',#7260,1000.);
#3659=VECTOR('',#7265,1000.);
#3660=VECTOR('',#7270,1000.);
#3661=VECTOR('',#7271,1000.);
#3662=VECTOR('',#7272,1000.);
#3663=VECTOR('',#7277,1000.);
#3664=VECTOR('',#7282,1000.);
#3665=VECTOR('',#7283,1000.);
#3666=VECTOR('',#7284,1000.);
#3667=VECTOR('',#7285,1000.);
#3668=VECTOR('',#7288,1000.);
#3669=VECTOR('',#7289,1000.);
#3670=VECTOR('',#7290,1000.);
#3671=VECTOR('',#7291,1000.);
#3672=VECTOR('',#7294,1000.);
#3673=VECTOR('',#7297,1000.);
#3674=VECTOR('',#7300,1000.);
#3675=VECTOR('',#7305,1000.);
#3676=VECTOR('',#7306,1000.);
#3677=VECTOR('',#7307,1000.);
#3678=VECTOR('',#7308,1000.);
#3679=VECTOR('',#7311,1000.);
#3680=VECTOR('',#7312,1000.);
#3681=VECTOR('',#7313,1000.);
#3682=VECTOR('',#7314,1000.);
#3683=VECTOR('',#7315,1000.);
#3684=VECTOR('',#7320,1000.);
#3685=VECTOR('',#7325,1000.);
#3686=VECTOR('',#7326,1000.);
#3687=VECTOR('',#7329,1000.);
#3688=VECTOR('',#7332,1000.);
#3689=VECTOR('',#7335,1000.);
#3690=VECTOR('',#7340,1000.);
#3691=VECTOR('',#7341,1000.);
#3692=VECTOR('',#7342,1000.);
#3693=VECTOR('',#7343,1000.);
#3694=VECTOR('',#7346,1000.);
#3695=VECTOR('',#7347,1000.);
#3696=VECTOR('',#7348,1000.);
#3697=VECTOR('',#7349,1000.);
#3698=VECTOR('',#7350,1000.);
#3699=VECTOR('',#7355,1000.);
#3700=VECTOR('',#7360,1000.);
#3701=VECTOR('',#7361,1000.);
#3702=VECTOR('',#7362,1000.);
#3703=VECTOR('',#7367,1000.);
#3704=VECTOR('',#7372,1000.);
#3705=VECTOR('',#7373,1000.);
#3706=VECTOR('',#7376,1000.);
#3707=VECTOR('',#7379,1000.);
#3708=VECTOR('',#7382,1000.);
#3709=VECTOR('',#7387,1000.);
#3710=VECTOR('',#7388,1000.);
#3711=VECTOR('',#7389,1000.);
#3712=VECTOR('',#7390,1000.);
#3713=VECTOR('',#7393,1000.);
#3714=VECTOR('',#7394,1000.);
#3715=VECTOR('',#7395,1000.);
#3716=VECTOR('',#7396,1000.);
#3717=VECTOR('',#7397,1000.);
#3718=VECTOR('',#7402,1000.);
#3719=VECTOR('',#7407,1000.);
#3720=VECTOR('',#7408,1000.);
#3721=VECTOR('',#7411,1000.);
#3722=VECTOR('',#7414,1000.);
#3723=VECTOR('',#7417,1000.);
#3724=VECTOR('',#7422,1000.);
#3725=VECTOR('',#7423,1000.);
#3726=VECTOR('',#7424,1000.);
#3727=VECTOR('',#7425,1000.);
#3728=VECTOR('',#7428,1000.);
#3729=VECTOR('',#7429,1000.);
#3730=VECTOR('',#7430,1000.);
#3731=VECTOR('',#7431,1000.);
#3732=VECTOR('',#7432,1000.);
#3733=VECTOR('',#7437,1000.);
#3734=VECTOR('',#7442,1000.);
#3735=VECTOR('',#7443,1000.);
#3736=VECTOR('',#7446,1000.);
#3737=VECTOR('',#7449,1000.);
#3738=VECTOR('',#7452,1000.);
#3739=VECTOR('',#7457,1000.);
#3740=VECTOR('',#7458,1000.);
#3741=VECTOR('',#7459,1000.);
#3742=VECTOR('',#7460,1000.);
#3743=VECTOR('',#7463,1000.);
#3744=VECTOR('',#7464,1000.);
#3745=VECTOR('',#7465,1000.);
#3746=VECTOR('',#7466,1000.);
#3747=VECTOR('',#7467,1000.);
#3748=VECTOR('',#7472,1000.);
#3749=VECTOR('',#7477,1000.);
#3750=VECTOR('',#7478,1000.);
#3751=VECTOR('',#7479,1000.);
#3752=VECTOR('',#7484,1000.);
#3753=VECTOR('',#7489,1000.);
#3754=VECTOR('',#7490,1000.);
#3755=VECTOR('',#7493,1000.);
#3756=VECTOR('',#7496,1000.);
#3757=VECTOR('',#7499,1000.);
#3758=VECTOR('',#7504,1000.);
#3759=VECTOR('',#7505,1000.);
#3760=VECTOR('',#7506,1000.);
#3761=VECTOR('',#7511,1000.);
#3762=VECTOR('',#7516,1000.);
#3763=VECTOR('',#7517,1000.);
#3764=VECTOR('',#7518,1000.);
#3765=VECTOR('',#7523,1000.);
#3766=VECTOR('',#7528,1000.);
#3767=VECTOR('',#7529,1000.);
#3768=VECTOR('',#7530,1000.);
#3769=VECTOR('',#7531,1000.);
#3770=VECTOR('',#7534,1000.);
#3771=VECTOR('',#7535,1000.);
#3772=VECTOR('',#7536,1000.);
#3773=VECTOR('',#7537,1000.);
#3774=VECTOR('',#7540,1000.);
#3775=VECTOR('',#7551,1000.);
#3776=VECTOR('',#7554,1000.);
#3777=VECTOR('',#7557,1000.);
#3778=VECTOR('',#7560,1000.);
#3779=VECTOR('',#7561,1000.);
#3780=VECTOR('',#7566,1000.);
#3781=VECTOR('',#7567,1000.);
#3782=VECTOR('',#7568,1000.);
#3783=VECTOR('',#7571,1000.);
#3784=VECTOR('',#7572,1000.);
#3785=VECTOR('',#7575,1000.);
#3786=VECTOR('',#7576,1000.);
#3787=VECTOR('',#7579,1000.);
#3788=VECTOR('',#7584,1000.);
#3789=VECTOR('',#7585,1000.);
#3790=VECTOR('',#7588,1000.);
#3791=VECTOR('',#7593,1000.);
#3792=VECTOR('',#7594,1000.);
#3793=VECTOR('',#7603,1000.);
#3794=VECTOR('',#7608,1000.);
#3795=VECTOR('',#7613,1000.);
#3796=VECTOR('',#7618,1000.);
#3797=VECTOR('',#7623,1000.);
#3798=VECTOR('',#7628,1000.);
#3799=VECTOR('',#7633,1000.);
#3800=VECTOR('',#7638,1000.);
#3801=VECTOR('',#7643,1000.);
#3802=VECTOR('',#7648,1000.);
#3803=VECTOR('',#7653,1000.);
#3804=VECTOR('',#7658,1000.);
#3805=VECTOR('',#7663,1000.);
#3806=VECTOR('',#7668,1000.);
#3807=VECTOR('',#7673,1000.);
#3808=VECTOR('',#7678,1000.);
#3809=VECTOR('',#7683,1000.);
#3810=VECTOR('',#7688,1000.);
#3811=VECTOR('',#7693,1000.);
#3812=VECTOR('',#7698,1000.);
#3813=VECTOR('',#7703,1000.);
#3814=VECTOR('',#7708,1000.);
#3815=VECTOR('',#7713,1000.);
#3816=VECTOR('',#7718,1000.);
#3817=EDGE_LOOP('',(#305,#306,#307,#308));
#3818=EDGE_LOOP('',(#309,#310,#311,#312,#313,#314));
#3819=EDGE_LOOP('',(#315,#316,#317,#318,#319,#320));
#3820=EDGE_LOOP('',(#321,#322,#323,#324));
#3821=EDGE_LOOP('',(#325,#326,#327,#328));
#3822=EDGE_LOOP('',(#329,#330,#331,#332,#333,#334));
#3823=EDGE_LOOP('',(#335,#336,#337,#338,#339,#340,#341,#342,#343,#344,#345,
#346,#347,#348,#349,#350,#351,#352,#353,#354,#355,#356,#357,#358,#359,#360,
#361,#362));
#3824=EDGE_LOOP('',(#363,#364,#365,#366));
#3825=EDGE_LOOP('',(#367,#368,#369,#370,#371,#372));
#3826=EDGE_LOOP('',(#373,#374,#375,#376,#377,#378));
#3827=EDGE_LOOP('',(#379,#380,#381,#382));
#3828=EDGE_LOOP('',(#383,#384,#385,#386));
#3829=EDGE_LOOP('',(#387,#388,#389,#390,#391,#392));
#3830=EDGE_LOOP('',(#393,#394,#395,#396));
#3831=EDGE_LOOP('',(#397,#398,#399,#400,#401,#402));
#3832=EDGE_LOOP('',(#403,#404,#405,#406,#407,#408));
#3833=EDGE_LOOP('',(#409,#410,#411,#412));
#3834=EDGE_LOOP('',(#413,#414,#415,#416));
#3835=EDGE_LOOP('',(#417,#418,#419,#420,#421,#422));
#3836=EDGE_LOOP('',(#423,#424,#425,#426));
#3837=EDGE_LOOP('',(#427,#428,#429,#430));
#3838=EDGE_LOOP('',(#431,#432,#433,#434));
#3839=EDGE_LOOP('',(#435,#436,#437,#438,#439,#440));
#3840=EDGE_LOOP('',(#441,#442,#443,#444,#445,#446));
#3841=EDGE_LOOP('',(#447,#448,#449,#450));
#3842=EDGE_LOOP('',(#451,#452,#453,#454));
#3843=EDGE_LOOP('',(#455,#456,#457,#458,#459,#460,#461,#462));
#3844=EDGE_LOOP('',(#463,#464,#465,#466));
#3845=EDGE_LOOP('',(#467,#468,#469,#470,#471,#472));
#3846=EDGE_LOOP('',(#473,#474,#475,#476,#477,#478));
#3847=EDGE_LOOP('',(#479,#480,#481,#482));
#3848=EDGE_LOOP('',(#483,#484,#485,#486));
#3849=EDGE_LOOP('',(#487,#488,#489,#490,#491,#492));
#3850=EDGE_LOOP('',(#493,#494,#495,#496));
#3851=EDGE_LOOP('',(#497,#498,#499,#500));
#3852=EDGE_LOOP('',(#501,#502,#503,#504));
#3853=EDGE_LOOP('',(#505,#506,#507,#508));
#3854=EDGE_LOOP('',(#509,#510,#511,#512));
#3855=EDGE_LOOP('',(#513,#514,#515,#516,#517,#518));
#3856=EDGE_LOOP('',(#519,#520,#521,#522,#523,#524));
#3857=EDGE_LOOP('',(#525,#526,#527,#528,#529,#530,#531,#532));
#3858=EDGE_LOOP('',(#533,#534,#535,#536));
#3859=EDGE_LOOP('',(#537,#538,#539,#540,#541,#542));
#3860=EDGE_LOOP('',(#543,#544,#545,#546,#547,#548));
#3861=EDGE_LOOP('',(#549,#550,#551,#552));
#3862=EDGE_LOOP('',(#553,#554,#555,#556));
#3863=EDGE_LOOP('',(#557,#558,#559,#560,#561,#562));
#3864=EDGE_LOOP('',(#563,#564,#565,#566,#567,#568,#569,#570,#571,#572,#573,
#574,#575,#576,#577,#578,#579,#580,#581,#582,#583,#584,#585,#586,#587,#588,
#589,#590));
#3865=EDGE_LOOP('',(#591,#592,#593,#594));
#3866=EDGE_LOOP('',(#595,#596,#597,#598));
#3867=EDGE_LOOP('',(#599,#600,#601,#602));
#3868=EDGE_LOOP('',(#603,#604,#605,#606,#607,#608));
#3869=EDGE_LOOP('',(#609,#610,#611,#612,#613,#614));
#3870=EDGE_LOOP('',(#615,#616,#617,#618,#619,#620));
#3871=EDGE_LOOP('',(#621,#622,#623,#624));
#3872=EDGE_LOOP('',(#625,#626,#627,#628,#629,#630));
#3873=EDGE_LOOP('',(#631,#632,#633,#634,#635,#636));
#3874=EDGE_LOOP('',(#637,#638,#639,#640));
#3875=EDGE_LOOP('',(#641,#642,#643,#644));
#3876=EDGE_LOOP('',(#645,#646,#647,#648,#649,#650));
#3877=EDGE_LOOP('',(#651,#652,#653,#654));
#3878=EDGE_LOOP('',(#655,#656,#657,#658));
#3879=EDGE_LOOP('',(#659,#660,#661,#662));
#3880=EDGE_LOOP('',(#663,#664,#665,#666,#667,#668));
#3881=EDGE_LOOP('',(#669,#670,#671,#672,#673,#674));
#3882=EDGE_LOOP('',(#675,#676,#677,#678,#679,#680));
#3883=EDGE_LOOP('',(#681,#682,#683,#684));
#3884=EDGE_LOOP('',(#685,#686,#687,#688));
#3885=EDGE_LOOP('',(#689,#690,#691,#692));
#3886=EDGE_LOOP('',(#693,#694,#695,#696,#697,#698));
#3887=EDGE_LOOP('',(#699,#700,#701,#702,#703,#704));
#3888=EDGE_LOOP('',(#705,#706,#707,#708));
#3889=EDGE_LOOP('',(#709,#710,#711,#712));
#3890=EDGE_LOOP('',(#713,#714,#715,#716,#717,#718,#719,#720));
#3891=EDGE_LOOP('',(#721,#722,#723,#724));
#3892=EDGE_LOOP('',(#725,#726,#727,#728));
#3893=EDGE_LOOP('',(#729,#730,#731,#732));
#3894=EDGE_LOOP('',(#733,#734,#735,#736));
#3895=EDGE_LOOP('',(#737,#738,#739,#740));
#3896=EDGE_LOOP('',(#741,#742,#743,#744,#745,#746));
#3897=EDGE_LOOP('',(#747,#748,#749,#750,#751,#752));
#3898=EDGE_LOOP('',(#753,#754,#755,#756,#757,#758,#759,#760));
#3899=EDGE_LOOP('',(#761,#762,#763,#764));
#3900=EDGE_LOOP('',(#765,#766,#767,#768,#769,#770));
#3901=EDGE_LOOP('',(#771,#772,#773,#774,#775,#776));
#3902=EDGE_LOOP('',(#777,#778,#779,#780));
#3903=EDGE_LOOP('',(#781,#782,#783,#784));
#3904=EDGE_LOOP('',(#785,#786,#787,#788,#789,#790));
#3905=EDGE_LOOP('',(#791,#792,#793,#794,#795,#796,#797,#798,#799,#800,#801,
#802,#803,#804,#805,#806,#807,#808,#809,#810,#811,#812,#813,#814,#815,#816,
#817,#818));
#3906=EDGE_LOOP('',(#819,#820,#821,#822));
#3907=EDGE_LOOP('',(#823,#824,#825,#826,#827,#828));
#3908=EDGE_LOOP('',(#829,#830,#831,#832,#833,#834));
#3909=EDGE_LOOP('',(#835,#836,#837,#838));
#3910=EDGE_LOOP('',(#839,#840,#841,#842));
#3911=EDGE_LOOP('',(#843,#844,#845,#846,#847,#848));
#3912=EDGE_LOOP('',(#849,#850,#851,#852));
#3913=EDGE_LOOP('',(#853,#854,#855,#856));
#3914=EDGE_LOOP('',(#857,#858,#859,#860));
#3915=EDGE_LOOP('',(#861,#862,#863,#864,#865,#866));
#3916=EDGE_LOOP('',(#867,#868,#869,#870,#871,#872));
#3917=EDGE_LOOP('',(#873,#874,#875,#876,#877,#878));
#3918=EDGE_LOOP('',(#879,#880,#881,#882));
#3919=EDGE_LOOP('',(#883,#884,#885,#886));
#3920=EDGE_LOOP('',(#887,#888,#889,#890));
#3921=EDGE_LOOP('',(#891,#892,#893,#894,#895,#896));
#3922=EDGE_LOOP('',(#897,#898,#899,#900,#901,#902));
#3923=EDGE_LOOP('',(#903,#904,#905,#906,#907,#908));
#3924=EDGE_LOOP('',(#909,#910,#911,#912));
#3925=EDGE_LOOP('',(#913,#914,#915,#916,#917,#918));
#3926=EDGE_LOOP('',(#919,#920,#921,#922,#923,#924));
#3927=EDGE_LOOP('',(#925,#926,#927,#928));
#3928=EDGE_LOOP('',(#929,#930,#931,#932));
#3929=EDGE_LOOP('',(#933,#934,#935,#936,#937,#938));
#3930=EDGE_LOOP('',(#939,#940,#941,#942,#943,#944,#945,#946,#947,#948,#949,
#950,#951,#952,#953,#954,#955,#956,#957,#958,#959,#960,#961,#962,#963,#964,
#965,#966));
#3931=EDGE_LOOP('',(#967,#968,#969,#970));
#3932=EDGE_LOOP('',(#971,#972,#973,#974));
#3933=EDGE_LOOP('',(#975,#976,#977,#978));
#3934=EDGE_LOOP('',(#979,#980,#981,#982));
#3935=EDGE_LOOP('',(#983,#984,#985,#986));
#3936=EDGE_LOOP('',(#987,#988,#989,#990,#991,#992));
#3937=EDGE_LOOP('',(#993,#994,#995,#996,#997,#998));
#3938=EDGE_LOOP('',(#999,#1000,#1001,#1002,#1003,#1004,#1005,#1006));
#3939=EDGE_LOOP('',(#1007,#1008,#1009,#1010));
#3940=EDGE_LOOP('',(#1011,#1012,#1013,#1014,#1015,#1016));
#3941=EDGE_LOOP('',(#1017,#1018,#1019,#1020,#1021,#1022));
#3942=EDGE_LOOP('',(#1023,#1024,#1025,#1026));
#3943=EDGE_LOOP('',(#1027,#1028,#1029,#1030));
#3944=EDGE_LOOP('',(#1031,#1032,#1033,#1034,#1035,#1036));
#3945=EDGE_LOOP('',(#1037,#1038,#1039,#1040));
#3946=EDGE_LOOP('',(#1041,#1042,#1043,#1044,#1045,#1046));
#3947=EDGE_LOOP('',(#1047,#1048,#1049,#1050,#1051,#1052));
#3948=EDGE_LOOP('',(#1053,#1054,#1055,#1056));
#3949=EDGE_LOOP('',(#1057,#1058,#1059,#1060));
#3950=EDGE_LOOP('',(#1061,#1062,#1063,#1064));
#3951=EDGE_LOOP('',(#1065,#1066,#1067,#1068));
#3952=EDGE_LOOP('',(#1069,#1070,#1071,#1072,#1073,#1074,#1075,#1076));
#3953=EDGE_LOOP('',(#1077,#1078,#1079,#1080));
#3954=EDGE_LOOP('',(#1081,#1082,#1083,#1084,#1085,#1086));
#3955=EDGE_LOOP('',(#1087,#1088,#1089,#1090,#1091,#1092));
#3956=EDGE_LOOP('',(#1093,#1094,#1095,#1096));
#3957=EDGE_LOOP('',(#1097,#1098,#1099,#1100));
#3958=EDGE_LOOP('',(#1101,#1102,#1103,#1104,#1105,#1106));
#3959=EDGE_LOOP('',(#1107,#1108,#1109,#1110));
#3960=EDGE_LOOP('',(#1111,#1112,#1113,#1114,#1115,#1116));
#3961=EDGE_LOOP('',(#1117,#1118,#1119,#1120,#1121,#1122));
#3962=EDGE_LOOP('',(#1123,#1124,#1125,#1126));
#3963=EDGE_LOOP('',(#1127,#1128,#1129,#1130));
#3964=EDGE_LOOP('',(#1131,#1132,#1133,#1134,#1135,#1136));
#3965=EDGE_LOOP('',(#1137,#1138,#1139,#1140));
#3966=EDGE_LOOP('',(#1141,#1142,#1143,#1144,#1145,#1146));
#3967=EDGE_LOOP('',(#1147,#1148,#1149,#1150,#1151,#1152));
#3968=EDGE_LOOP('',(#1153,#1154,#1155,#1156));
#3969=EDGE_LOOP('',(#1157,#1158,#1159,#1160));
#3970=EDGE_LOOP('',(#1161,#1162,#1163,#1164));
#3971=EDGE_LOOP('',(#1165,#1166,#1167,#1168));
#3972=EDGE_LOOP('',(#1169,#1170,#1171,#1172,#1173,#1174,#1175,#1176));
#3973=EDGE_LOOP('',(#1177,#1178,#1179,#1180));
#3974=EDGE_LOOP('',(#1181,#1182,#1183,#1184));
#3975=EDGE_LOOP('',(#1185,#1186,#1187,#1188));
#3976=EDGE_LOOP('',(#1189,#1190,#1191,#1192));
#3977=EDGE_LOOP('',(#1193,#1194,#1195,#1196));
#3978=EDGE_LOOP('',(#1197,#1198,#1199,#1200,#1201,#1202));
#3979=EDGE_LOOP('',(#1203,#1204,#1205,#1206,#1207,#1208));
#3980=EDGE_LOOP('',(#1209,#1210,#1211,#1212,#1213,#1214,#1215,#1216));
#3981=EDGE_LOOP('',(#1217));
#3982=EDGE_LOOP('',(#1218));
#3983=EDGE_LOOP('',(#1219));
#3984=EDGE_LOOP('',(#1220,#1221,#1222,#1223,#1224,#1225,#1226,#1227,#1228,
#1229,#1230,#1231,#1232,#1233,#1234,#1235,#1236,#1237,#1238,#1239,#1240,
#1241,#1242,#1243,#1244,#1245,#1246,#1247,#1248,#1249,#1250,#1251,#1252,
#1253,#1254,#1255,#1256,#1257,#1258,#1259,#1260,#1261,#1262,#1263,#1264,
#1265,#1266,#1267,#1268,#1269,#1270,#1271,#1272,#1273,#1274,#1275,#1276,
#1277,#1278,#1279,#1280,#1281,#1282,#1283,#1284,#1285,#1286,#1287,#1288,
#1289,#1290,#1291,#1292,#1293,#1294,#1295,#1296,#1297,#1298,#1299,#1300,
#1301,#1302,#1303,#1304,#1305,#1306,#1307,#1308,#1309,#1310,#1311,#1312,
#1313,#1314,#1315,#1316,#1317,#1318,#1319,#1320,#1321,#1322,#1323,#1324,
#1325,#1326,#1327,#1328,#1329,#1330,#1331,#1332,#1333,#1334,#1335,#1336,
#1337,#1338,#1339,#1340,#1341,#1342,#1343,#1344,#1345,#1346,#1347,#1348,
#1349,#1350,#1351,#1352,#1353,#1354,#1355,#1356,#1357,#1358,#1359,#1360,
#1361,#1362,#1363,#1364,#1365,#1366,#1367,#1368,#1369,#1370,#1371,#1372,
#1373,#1374,#1375,#1376,#1377,#1378,#1379,#1380,#1381,#1382,#1383));
#3985=EDGE_LOOP('',(#1384,#1385,#1386,#1387,#1388,#1389,#1390,#1391));
#3986=EDGE_LOOP('',(#1392,#1393,#1394,#1395));
#3987=EDGE_LOOP('',(#1396));
#3988=EDGE_LOOP('',(#1397,#1398,#1399,#1400));
#3989=EDGE_LOOP('',(#1401,#1402,#1403,#1404));
#3990=EDGE_LOOP('',(#1405,#1406,#1407,#1408));
#3991=EDGE_LOOP('',(#1409,#1410,#1411,#1412));
#3992=EDGE_LOOP('',(#1413,#1414,#1415,#1416));
#3993=EDGE_LOOP('',(#1417,#1418,#1419,#1420));
#3994=EDGE_LOOP('',(#1421,#1422,#1423,#1424));
#3995=EDGE_LOOP('',(#1425,#1426,#1427,#1428));
#3996=EDGE_LOOP('',(#1429,#1430,#1431,#1432,#1433,#1434,#1435,#1436));
#3997=EDGE_LOOP('',(#1437,#1438,#1439,#1440));
#3998=EDGE_LOOP('',(#1441,#1442,#1443,#1444));
#3999=EDGE_LOOP('',(#1445,#1446,#1447,#1448));
#4000=EDGE_LOOP('',(#1449,#1450,#1451,#1452));
#4001=EDGE_LOOP('',(#1453,#1454,#1455,#1456));
#4002=EDGE_LOOP('',(#1457,#1458,#1459,#1460));
#4003=EDGE_LOOP('',(#1461,#1462,#1463,#1464));
#4004=EDGE_LOOP('',(#1465,#1466,#1467,#1468));
#4005=EDGE_LOOP('',(#1469,#1470,#1471,#1472));
#4006=EDGE_LOOP('',(#1473,#1474,#1475,#1476));
#4007=EDGE_LOOP('',(#1477,#1478,#1479,#1480));
#4008=EDGE_LOOP('',(#1481,#1482,#1483,#1484));
#4009=EDGE_LOOP('',(#1485,#1486,#1487,#1488));
#4010=EDGE_LOOP('',(#1489,#1490,#1491,#1492));
#4011=EDGE_LOOP('',(#1493,#1494,#1495,#1496));
#4012=EDGE_LOOP('',(#1497,#1498,#1499,#1500));
#4013=EDGE_LOOP('',(#1501,#1502,#1503,#1504));
#4014=EDGE_LOOP('',(#1505,#1506,#1507,#1508));
#4015=EDGE_LOOP('',(#1509,#1510,#1511,#1512));
#4016=EDGE_LOOP('',(#1513,#1514,#1515,#1516));
#4017=EDGE_LOOP('',(#1517,#1518,#1519,#1520));
#4018=EDGE_LOOP('',(#1521,#1522,#1523,#1524));
#4019=EDGE_LOOP('',(#1525,#1526,#1527,#1528));
#4020=EDGE_LOOP('',(#1529,#1530,#1531,#1532));
#4021=EDGE_LOOP('',(#1533,#1534,#1535,#1536));
#4022=EDGE_LOOP('',(#1537,#1538,#1539,#1540));
#4023=EDGE_LOOP('',(#1541,#1542,#1543,#1544));
#4024=EDGE_LOOP('',(#1545,#1546,#1547,#1548));
#4025=EDGE_LOOP('',(#1549,#1550,#1551,#1552));
#4026=EDGE_LOOP('',(#1553,#1554,#1555,#1556));
#4027=EDGE_LOOP('',(#1557,#1558,#1559,#1560));
#4028=EDGE_LOOP('',(#1561,#1562,#1563,#1564));
#4029=EDGE_LOOP('',(#1565,#1566,#1567,#1568));
#4030=EDGE_LOOP('',(#1569,#1570,#1571,#1572));
#4031=EDGE_LOOP('',(#1573,#1574,#1575,#1576));
#4032=EDGE_LOOP('',(#1577,#1578,#1579,#1580));
#4033=EDGE_LOOP('',(#1581,#1582,#1583,#1584));
#4034=EDGE_LOOP('',(#1585,#1586,#1587,#1588));
#4035=EDGE_LOOP('',(#1589,#1590,#1591,#1592));
#4036=EDGE_LOOP('',(#1593,#1594,#1595,#1596));
#4037=EDGE_LOOP('',(#1597,#1598,#1599,#1600));
#4038=EDGE_LOOP('',(#1601,#1602,#1603,#1604));
#4039=EDGE_LOOP('',(#1605,#1606,#1607,#1608));
#4040=EDGE_LOOP('',(#1609,#1610,#1611,#1612));
#4041=EDGE_LOOP('',(#1613,#1614,#1615,#1616));
#4042=EDGE_LOOP('',(#1617,#1618,#1619,#1620));
#4043=EDGE_LOOP('',(#1621,#1622,#1623,#1624));
#4044=EDGE_LOOP('',(#1625,#1626,#1627,#1628));
#4045=FACE_BOUND('',#3817,.T.);
#4046=FACE_BOUND('',#3818,.T.);
#4047=FACE_BOUND('',#3819,.T.);
#4048=FACE_BOUND('',#3820,.T.);
#4049=FACE_BOUND('',#3821,.T.);
#4050=FACE_BOUND('',#3822,.T.);
#4051=FACE_BOUND('',#3823,.T.);
#4052=FACE_BOUND('',#3824,.T.);
#4053=FACE_BOUND('',#3825,.T.);
#4054=FACE_BOUND('',#3826,.T.);
#4055=FACE_BOUND('',#3827,.T.);
#4056=FACE_BOUND('',#3828,.T.);
#4057=FACE_BOUND('',#3829,.T.);
#4058=FACE_BOUND('',#3830,.T.);
#4059=FACE_BOUND('',#3831,.T.);
#4060=FACE_BOUND('',#3832,.T.);
#4061=FACE_BOUND('',#3833,.T.);
#4062=FACE_BOUND('',#3834,.T.);
#4063=FACE_BOUND('',#3835,.T.);
#4064=FACE_BOUND('',#3836,.T.);
#4065=FACE_BOUND('',#3837,.T.);
#4066=FACE_BOUND('',#3838,.T.);
#4067=FACE_BOUND('',#3839,.T.);
#4068=FACE_BOUND('',#3840,.T.);
#4069=FACE_BOUND('',#3841,.T.);
#4070=FACE_BOUND('',#3842,.T.);
#4071=FACE_BOUND('',#3843,.T.);
#4072=FACE_BOUND('',#3844,.T.);
#4073=FACE_BOUND('',#3845,.T.);
#4074=FACE_BOUND('',#3846,.T.);
#4075=FACE_BOUND('',#3847,.T.);
#4076=FACE_BOUND('',#3848,.T.);
#4077=FACE_BOUND('',#3849,.T.);
#4078=FACE_BOUND('',#3850,.T.);
#4079=FACE_BOUND('',#3851,.T.);
#4080=FACE_BOUND('',#3852,.T.);
#4081=FACE_BOUND('',#3853,.T.);
#4082=FACE_BOUND('',#3854,.T.);
#4083=FACE_BOUND('',#3855,.T.);
#4084=FACE_BOUND('',#3856,.T.);
#4085=FACE_BOUND('',#3857,.T.);
#4086=FACE_BOUND('',#3858,.T.);
#4087=FACE_BOUND('',#3859,.T.);
#4088=FACE_BOUND('',#3860,.T.);
#4089=FACE_BOUND('',#3861,.T.);
#4090=FACE_BOUND('',#3862,.T.);
#4091=FACE_BOUND('',#3863,.T.);
#4092=FACE_BOUND('',#3864,.T.);
#4093=FACE_BOUND('',#3865,.T.);
#4094=FACE_BOUND('',#3866,.T.);
#4095=FACE_BOUND('',#3867,.T.);
#4096=FACE_BOUND('',#3868,.T.);
#4097=FACE_BOUND('',#3869,.T.);
#4098=FACE_BOUND('',#3870,.T.);
#4099=FACE_BOUND('',#3871,.T.);
#4100=FACE_BOUND('',#3872,.T.);
#4101=FACE_BOUND('',#3873,.T.);
#4102=FACE_BOUND('',#3874,.T.);
#4103=FACE_BOUND('',#3875,.T.);
#4104=FACE_BOUND('',#3876,.T.);
#4105=FACE_BOUND('',#3877,.T.);
#4106=FACE_BOUND('',#3878,.T.);
#4107=FACE_BOUND('',#3879,.T.);
#4108=FACE_BOUND('',#3880,.T.);
#4109=FACE_BOUND('',#3881,.T.);
#4110=FACE_BOUND('',#3882,.T.);
#4111=FACE_BOUND('',#3883,.T.);
#4112=FACE_BOUND('',#3884,.T.);
#4113=FACE_BOUND('',#3885,.T.);
#4114=FACE_BOUND('',#3886,.T.);
#4115=FACE_BOUND('',#3887,.T.);
#4116=FACE_BOUND('',#3888,.T.);
#4117=FACE_BOUND('',#3889,.T.);
#4118=FACE_BOUND('',#3890,.T.);
#4119=FACE_BOUND('',#3891,.T.);
#4120=FACE_BOUND('',#3892,.T.);
#4121=FACE_BOUND('',#3893,.T.);
#4122=FACE_BOUND('',#3894,.T.);
#4123=FACE_BOUND('',#3895,.T.);
#4124=FACE_BOUND('',#3896,.T.);
#4125=FACE_BOUND('',#3897,.T.);
#4126=FACE_BOUND('',#3898,.T.);
#4127=FACE_BOUND('',#3899,.T.);
#4128=FACE_BOUND('',#3900,.T.);
#4129=FACE_BOUND('',#3901,.T.);
#4130=FACE_BOUND('',#3902,.T.);
#4131=FACE_BOUND('',#3903,.T.);
#4132=FACE_BOUND('',#3904,.T.);
#4133=FACE_BOUND('',#3905,.T.);
#4134=FACE_BOUND('',#3906,.T.);
#4135=FACE_BOUND('',#3907,.T.);
#4136=FACE_BOUND('',#3908,.T.);
#4137=FACE_BOUND('',#3909,.T.);
#4138=FACE_BOUND('',#3910,.T.);
#4139=FACE_BOUND('',#3911,.T.);
#4140=FACE_BOUND('',#3912,.T.);
#4141=FACE_BOUND('',#3913,.T.);
#4142=FACE_BOUND('',#3914,.T.);
#4143=FACE_BOUND('',#3915,.T.);
#4144=FACE_BOUND('',#3916,.T.);
#4145=FACE_BOUND('',#3917,.T.);
#4146=FACE_BOUND('',#3918,.T.);
#4147=FACE_BOUND('',#3919,.T.);
#4148=FACE_BOUND('',#3920,.T.);
#4149=FACE_BOUND('',#3921,.T.);
#4150=FACE_BOUND('',#3922,.T.);
#4151=FACE_BOUND('',#3923,.T.);
#4152=FACE_BOUND('',#3924,.T.);
#4153=FACE_BOUND('',#3925,.T.);
#4154=FACE_BOUND('',#3926,.T.);
#4155=FACE_BOUND('',#3927,.T.);
#4156=FACE_BOUND('',#3928,.T.);
#4157=FACE_BOUND('',#3929,.T.);
#4158=FACE_BOUND('',#3930,.T.);
#4159=FACE_BOUND('',#3931,.T.);
#4160=FACE_BOUND('',#3932,.T.);
#4161=FACE_BOUND('',#3933,.T.);
#4162=FACE_BOUND('',#3934,.T.);
#4163=FACE_BOUND('',#3935,.T.);
#4164=FACE_BOUND('',#3936,.T.);
#4165=FACE_BOUND('',#3937,.T.);
#4166=FACE_BOUND('',#3938,.T.);
#4167=FACE_BOUND('',#3939,.T.);
#4168=FACE_BOUND('',#3940,.T.);
#4169=FACE_BOUND('',#3941,.T.);
#4170=FACE_BOUND('',#3942,.T.);
#4171=FACE_BOUND('',#3943,.T.);
#4172=FACE_BOUND('',#3944,.T.);
#4173=FACE_BOUND('',#3945,.T.);
#4174=FACE_BOUND('',#3946,.T.);
#4175=FACE_BOUND('',#3947,.T.);
#4176=FACE_BOUND('',#3948,.T.);
#4177=FACE_BOUND('',#3949,.T.);
#4178=FACE_BOUND('',#3950,.T.);
#4179=FACE_BOUND('',#3951,.T.);
#4180=FACE_BOUND('',#3952,.T.);
#4181=FACE_BOUND('',#3953,.T.);
#4182=FACE_BOUND('',#3954,.T.);
#4183=FACE_BOUND('',#3955,.T.);
#4184=FACE_BOUND('',#3956,.T.);
#4185=FACE_BOUND('',#3957,.T.);
#4186=FACE_BOUND('',#3958,.T.);
#4187=FACE_BOUND('',#3959,.T.);
#4188=FACE_BOUND('',#3960,.T.);
#4189=FACE_BOUND('',#3961,.T.);
#4190=FACE_BOUND('',#3962,.T.);
#4191=FACE_BOUND('',#3963,.T.);
#4192=FACE_BOUND('',#3964,.T.);
#4193=FACE_BOUND('',#3965,.T.);
#4194=FACE_BOUND('',#3966,.T.);
#4195=FACE_BOUND('',#3967,.T.);
#4196=FACE_BOUND('',#3968,.T.);
#4197=FACE_BOUND('',#3969,.T.);
#4198=FACE_BOUND('',#3970,.T.);
#4199=FACE_BOUND('',#3971,.T.);
#4200=FACE_BOUND('',#3972,.T.);
#4201=FACE_BOUND('',#3973,.T.);
#4202=FACE_BOUND('',#3974,.T.);
#4203=FACE_BOUND('',#3975,.T.);
#4204=FACE_BOUND('',#3976,.T.);
#4205=FACE_BOUND('',#3977,.T.);
#4206=FACE_BOUND('',#3978,.T.);
#4207=FACE_BOUND('',#3979,.T.);
#4208=FACE_BOUND('',#3980,.T.);
#4209=FACE_BOUND('',#3981,.T.);
#4210=FACE_BOUND('',#3982,.T.);
#4211=FACE_BOUND('',#3983,.T.);
#4212=FACE_BOUND('',#3984,.T.);
#4213=FACE_BOUND('',#3985,.T.);
#4214=FACE_BOUND('',#3986,.T.);
#4215=FACE_BOUND('',#3987,.T.);
#4216=FACE_BOUND('',#3988,.T.);
#4217=FACE_BOUND('',#3989,.T.);
#4218=FACE_BOUND('',#3990,.T.);
#4219=FACE_BOUND('',#3991,.T.);
#4220=FACE_BOUND('',#3992,.T.);
#4221=FACE_BOUND('',#3993,.T.);
#4222=FACE_BOUND('',#3994,.T.);
#4223=FACE_BOUND('',#3995,.T.);
#4224=FACE_BOUND('',#3996,.T.);
#4225=FACE_BOUND('',#3997,.T.);
#4226=FACE_BOUND('',#3998,.T.);
#4227=FACE_BOUND('',#3999,.T.);
#4228=FACE_BOUND('',#4000,.T.);
#4229=FACE_BOUND('',#4001,.T.);
#4230=FACE_BOUND('',#4002,.T.);
#4231=FACE_BOUND('',#4003,.T.);
#4232=FACE_BOUND('',#4004,.T.);
#4233=FACE_BOUND('',#4005,.T.);
#4234=FACE_BOUND('',#4006,.T.);
#4235=FACE_BOUND('',#4007,.T.);
#4236=FACE_BOUND('',#4008,.T.);
#4237=FACE_BOUND('',#4009,.T.);
#4238=FACE_BOUND('',#4010,.T.);
#4239=FACE_BOUND('',#4011,.T.);
#4240=FACE_BOUND('',#4012,.T.);
#4241=FACE_BOUND('',#4013,.T.);
#4242=FACE_BOUND('',#4014,.T.);
#4243=FACE_BOUND('',#4015,.T.);
#4244=FACE_BOUND('',#4016,.T.);
#4245=FACE_BOUND('',#4017,.T.);
#4246=FACE_BOUND('',#4018,.T.);
#4247=FACE_BOUND('',#4019,.T.);
#4248=FACE_BOUND('',#4020,.T.);
#4249=FACE_BOUND('',#4021,.T.);
#4250=FACE_BOUND('',#4022,.T.);
#4251=FACE_BOUND('',#4023,.T.);
#4252=FACE_BOUND('',#4024,.T.);
#4253=FACE_BOUND('',#4025,.T.);
#4254=FACE_BOUND('',#4026,.T.);
#4255=FACE_BOUND('',#4027,.T.);
#4256=FACE_BOUND('',#4028,.T.);
#4257=FACE_BOUND('',#4029,.T.);
#4258=FACE_BOUND('',#4030,.T.);
#4259=FACE_BOUND('',#4031,.T.);
#4260=FACE_BOUND('',#4032,.T.);
#4261=FACE_BOUND('',#4033,.T.);
#4262=FACE_BOUND('',#4034,.T.);
#4263=FACE_BOUND('',#4035,.T.);
#4264=FACE_BOUND('',#4036,.T.);
#4265=FACE_BOUND('',#4037,.T.);
#4266=FACE_BOUND('',#4038,.T.);
#4267=FACE_BOUND('',#4039,.T.);
#4268=FACE_BOUND('',#4040,.T.);
#4269=FACE_BOUND('',#4041,.T.);
#4270=FACE_BOUND('',#4042,.T.);
#4271=FACE_BOUND('',#4043,.T.);
#4272=FACE_BOUND('',#4044,.T.);
#4273=CYLINDRICAL_SURFACE('',#6142,0.0749999999999998);
#4274=CYLINDRICAL_SURFACE('',#6147,0.0749999999999998);
#4275=CYLINDRICAL_SURFACE('',#6153,0.0749999999999998);
#4276=CYLINDRICAL_SURFACE('',#6158,0.0749999999999998);
#4277=CYLINDRICAL_SURFACE('',#6163,0.0749999999999998);
#4278=CYLINDRICAL_SURFACE('',#6168,0.0749999999999998);
#4279=CYLINDRICAL_SURFACE('',#6173,0.1);
#4280=CYLINDRICAL_SURFACE('',#6177,0.0749999999999998);
#4281=CYLINDRICAL_SURFACE('',#6182,0.1);
#4282=CYLINDRICAL_SURFACE('',#6187,0.0749999999999998);
#4283=CYLINDRICAL_SURFACE('',#6192,0.0749999999999998);
#4284=CYLINDRICAL_SURFACE('',#6197,0.0749999999999998);
#4285=CYLINDRICAL_SURFACE('',#6201,0.1);
#4286=CYLINDRICAL_SURFACE('',#6205,0.1);
#4287=CYLINDRICAL_SURFACE('',#6211,0.0749999999999999);
#4288=CYLINDRICAL_SURFACE('',#6216,0.0749999999999998);
#4289=CYLINDRICAL_SURFACE('',#6222,0.0749999999999999);
#4290=CYLINDRICAL_SURFACE('',#6226,0.0749999999999999);
#4291=CYLINDRICAL_SURFACE('',#6232,0.0749999999999999);
#4292=CYLINDRICAL_SURFACE('',#6237,0.0749999999999999);
#4293=CYLINDRICAL_SURFACE('',#6242,0.0749999999999999);
#4294=CYLINDRICAL_SURFACE('',#6246,0.075);
#4295=CYLINDRICAL_SURFACE('',#6252,0.1);
#4296=CYLINDRICAL_SURFACE('',#6256,0.0999999999999999);
#4297=CYLINDRICAL_SURFACE('',#6261,0.0750000000000001);
#4298=CYLINDRICAL_SURFACE('',#6266,0.1);
#4299=CYLINDRICAL_SURFACE('',#6270,0.0999999999999998);
#4300=CYLINDRICAL_SURFACE('',#6274,0.0749999999999997);
#4301=CYLINDRICAL_SURFACE('',#6280,0.0749999999999998);
#4302=CYLINDRICAL_SURFACE('',#6285,0.0749999999999998);
#4303=CYLINDRICAL_SURFACE('',#6291,0.0749999999999998);
#4304=CYLINDRICAL_SURFACE('',#6296,0.0749999999999998);
#4305=CYLINDRICAL_SURFACE('',#6301,0.0749999999999998);
#4306=CYLINDRICAL_SURFACE('',#6305,0.0749999999999998);
#4307=CYLINDRICAL_SURFACE('',#6311,0.0749999999999998);
#4308=CYLINDRICAL_SURFACE('',#6315,0.0749999999999998);
#4309=CYLINDRICAL_SURFACE('',#6321,0.0749999999999999);
#4310=CYLINDRICAL_SURFACE('',#6326,0.075);
#4311=CYLINDRICAL_SURFACE('',#6332,0.1);
#4312=CYLINDRICAL_SURFACE('',#6336,0.1);
#4313=CYLINDRICAL_SURFACE('',#6340,0.0749999999999998);
#4314=CYLINDRICAL_SURFACE('',#6346,0.0749999999999999);
#4315=CYLINDRICAL_SURFACE('',#6351,0.0749999999999998);
#4316=CYLINDRICAL_SURFACE('',#6356,0.0999999999999998);
#4317=CYLINDRICAL_SURFACE('',#6361,0.0749999999999998);
#4318=CYLINDRICAL_SURFACE('',#6365,0.1);
#4319=CYLINDRICAL_SURFACE('',#6370,0.0749999999999999);
#4320=CYLINDRICAL_SURFACE('',#6375,0.0749999999999998);
#4321=CYLINDRICAL_SURFACE('',#6380,0.0749999999999998);
#4322=CYLINDRICAL_SURFACE('',#6385,0.0749999999999999);
#4323=CYLINDRICAL_SURFACE('',#6390,0.0999999999999998);
#4324=CYLINDRICAL_SURFACE('',#6395,0.0750000000000001);
#4325=CYLINDRICAL_SURFACE('',#6399,0.1);
#4326=CYLINDRICAL_SURFACE('',#6404,0.1);
#4327=CYLINDRICAL_SURFACE('',#6408,0.1);
#4328=CYLINDRICAL_SURFACE('',#6412,0.0749999999999999);
#4329=CYLINDRICAL_SURFACE('',#6420,0.210425258089784);
#4330=CYLINDRICAL_SURFACE('',#6430,0.15);
#4331=CYLINDRICAL_SURFACE('',#6433,0.15);
#4332=CYLINDRICAL_SURFACE('',#6436,0.15);
#4333=STYLED_ITEM('',(#4558),#5912);
#4334=STYLED_ITEM('',(#4559),#5913);
#4335=STYLED_ITEM('',(#4560),#5914);
#4336=STYLED_ITEM('',(#4561),#5915);
#4337=STYLED_ITEM('',(#4562),#5916);
#4338=STYLED_ITEM('',(#4563),#5917);
#4339=STYLED_ITEM('',(#4564),#5918);
#4340=STYLED_ITEM('',(#4565),#5919);
#4341=STYLED_ITEM('',(#4566),#5920);
#4342=STYLED_ITEM('',(#4567),#5921);
#4343=STYLED_ITEM('',(#4568),#5922);
#4344=STYLED_ITEM('',(#4569),#5923);
#4345=STYLED_ITEM('',(#4570),#5924);
#4346=STYLED_ITEM('',(#4571),#5925);
#4347=STYLED_ITEM('',(#4572),#5926);
#4348=STYLED_ITEM('',(#4573),#5927);
#4349=STYLED_ITEM('',(#4574),#5928);
#4350=STYLED_ITEM('',(#4575),#5929);
#4351=STYLED_ITEM('',(#4576),#5930);
#4352=STYLED_ITEM('',(#4577),#5931);
#4353=STYLED_ITEM('',(#4578),#5932);
#4354=STYLED_ITEM('',(#4579),#5933);
#4355=STYLED_ITEM('',(#4580),#5934);
#4356=STYLED_ITEM('',(#4581),#5935);
#4357=STYLED_ITEM('',(#4582),#5936);
#4358=STYLED_ITEM('',(#4583),#5937);
#4359=STYLED_ITEM('',(#4584),#5938);
#4360=STYLED_ITEM('',(#4585),#5939);
#4361=STYLED_ITEM('',(#4586),#5940);
#4362=STYLED_ITEM('',(#4587),#5941);
#4363=STYLED_ITEM('',(#4588),#5942);
#4364=STYLED_ITEM('',(#4589),#5943);
#4365=STYLED_ITEM('',(#4590),#5944);
#4366=STYLED_ITEM('',(#4591),#5945);
#4367=STYLED_ITEM('',(#4592),#5946);
#4368=STYLED_ITEM('',(#4593),#5947);
#4369=STYLED_ITEM('',(#4594),#5948);
#4370=STYLED_ITEM('',(#4595),#5949);
#4371=STYLED_ITEM('',(#4596),#5950);
#4372=STYLED_ITEM('',(#4597),#5951);
#4373=STYLED_ITEM('',(#4598),#5952);
#4374=STYLED_ITEM('',(#4599),#5953);
#4375=STYLED_ITEM('',(#4600),#5954);
#4376=STYLED_ITEM('',(#4601),#5955);
#4377=STYLED_ITEM('',(#4602),#5956);
#4378=STYLED_ITEM('',(#4603),#5957);
#4379=STYLED_ITEM('',(#4604),#5958);
#4380=STYLED_ITEM('',(#4605),#5959);
#4381=STYLED_ITEM('',(#4606),#5960);
#4382=STYLED_ITEM('',(#4607),#5961);
#4383=STYLED_ITEM('',(#4608),#5962);
#4384=STYLED_ITEM('',(#4609),#5963);
#4385=STYLED_ITEM('',(#4610),#5964);
#4386=STYLED_ITEM('',(#4611),#5965);
#4387=STYLED_ITEM('',(#4612),#5966);
#4388=STYLED_ITEM('',(#4613),#5967);
#4389=STYLED_ITEM('',(#4614),#5968);
#4390=STYLED_ITEM('',(#4615),#5969);
#4391=STYLED_ITEM('',(#4616),#5970);
#4392=STYLED_ITEM('',(#4617),#5971);
#4393=STYLED_ITEM('',(#4618),#5972);
#4394=STYLED_ITEM('',(#4619),#5973);
#4395=STYLED_ITEM('',(#4620),#5974);
#4396=STYLED_ITEM('',(#4621),#5975);
#4397=STYLED_ITEM('',(#4622),#5976);
#4398=STYLED_ITEM('',(#4623),#5977);
#4399=STYLED_ITEM('',(#4624),#5978);
#4400=STYLED_ITEM('',(#4625),#5979);
#4401=STYLED_ITEM('',(#4626),#5980);
#4402=STYLED_ITEM('',(#4627),#5981);
#4403=STYLED_ITEM('',(#4628),#5982);
#4404=STYLED_ITEM('',(#4629),#5983);
#4405=STYLED_ITEM('',(#4630),#5984);
#4406=STYLED_ITEM('',(#4631),#5985);
#4407=STYLED_ITEM('',(#4632),#5986);
#4408=STYLED_ITEM('',(#4633),#5987);
#4409=STYLED_ITEM('',(#4634),#5988);
#4410=STYLED_ITEM('',(#4635),#5989);
#4411=STYLED_ITEM('',(#4636),#5990);
#4412=STYLED_ITEM('',(#4637),#5991);
#4413=STYLED_ITEM('',(#4638),#5992);
#4414=STYLED_ITEM('',(#4639),#5993);
#4415=STYLED_ITEM('',(#4640),#5994);
#4416=STYLED_ITEM('',(#4641),#5995);
#4417=STYLED_ITEM('',(#4642),#5996);
#4418=STYLED_ITEM('',(#4643),#5997);
#4419=STYLED_ITEM('',(#4644),#5998);
#4420=STYLED_ITEM('',(#4645),#5999);
#4421=STYLED_ITEM('',(#4646),#6000);
#4422=STYLED_ITEM('',(#4647),#6001);
#4423=STYLED_ITEM('',(#4648),#6002);
#4424=STYLED_ITEM('',(#4649),#6003);
#4425=STYLED_ITEM('',(#4650),#6004);
#4426=STYLED_ITEM('',(#4651),#6005);
#4427=STYLED_ITEM('',(#4652),#6006);
#4428=STYLED_ITEM('',(#4653),#6007);
#4429=STYLED_ITEM('',(#4654),#6008);
#4430=STYLED_ITEM('',(#4655),#6009);
#4431=STYLED_ITEM('',(#4656),#6010);
#4432=STYLED_ITEM('',(#4657),#6011);
#4433=STYLED_ITEM('',(#4658),#6012);
#4434=STYLED_ITEM('',(#4659),#6013);
#4435=STYLED_ITEM('',(#4660),#6014);
#4436=STYLED_ITEM('',(#4661),#6015);
#4437=STYLED_ITEM('',(#4662),#6016);
#4438=STYLED_ITEM('',(#4663),#6017);
#4439=STYLED_ITEM('',(#4664),#6018);
#4440=STYLED_ITEM('',(#4665),#6019);
#4441=STYLED_ITEM('',(#4666),#6020);
#4442=STYLED_ITEM('',(#4667),#6021);
#4443=STYLED_ITEM('',(#4668),#6022);
#4444=STYLED_ITEM('',(#4669),#6023);
#4445=STYLED_ITEM('',(#4670),#6024);
#4446=STYLED_ITEM('',(#4671),#6025);
#4447=STYLED_ITEM('',(#4672),#6026);
#4448=STYLED_ITEM('',(#4673),#6027);
#4449=STYLED_ITEM('',(#4674),#6028);
#4450=STYLED_ITEM('',(#4675),#6029);
#4451=STYLED_ITEM('',(#4676),#6030);
#4452=STYLED_ITEM('',(#4677),#6031);
#4453=STYLED_ITEM('',(#4678),#6032);
#4454=STYLED_ITEM('',(#4679),#6033);
#4455=STYLED_ITEM('',(#4680),#6034);
#4456=STYLED_ITEM('',(#4681),#6035);
#4457=STYLED_ITEM('',(#4682),#6036);
#4458=STYLED_ITEM('',(#4683),#6037);
#4459=STYLED_ITEM('',(#4684),#6038);
#4460=STYLED_ITEM('',(#4685),#6039);
#4461=STYLED_ITEM('',(#4686),#6040);
#4462=STYLED_ITEM('',(#4687),#6041);
#4463=STYLED_ITEM('',(#4688),#6042);
#4464=STYLED_ITEM('',(#4689),#6043);
#4465=STYLED_ITEM('',(#4690),#6044);
#4466=STYLED_ITEM('',(#4691),#6045);
#4467=STYLED_ITEM('',(#4692),#6046);
#4468=STYLED_ITEM('',(#4693),#6047);
#4469=STYLED_ITEM('',(#4694),#6048);
#4470=STYLED_ITEM('',(#4695),#6049);
#4471=STYLED_ITEM('',(#4696),#6050);
#4472=STYLED_ITEM('',(#4697),#6051);
#4473=STYLED_ITEM('',(#4698),#6052);
#4474=STYLED_ITEM('',(#4699),#6053);
#4475=STYLED_ITEM('',(#4700),#6054);
#4476=STYLED_ITEM('',(#4701),#6055);
#4477=STYLED_ITEM('',(#4702),#6056);
#4478=STYLED_ITEM('',(#4703),#6057);
#4479=STYLED_ITEM('',(#4704),#6058);
#4480=STYLED_ITEM('',(#4705),#6059);
#4481=STYLED_ITEM('',(#4706),#6060);
#4482=STYLED_ITEM('',(#4707),#6061);
#4483=STYLED_ITEM('',(#4708),#6062);
#4484=STYLED_ITEM('',(#4709),#6063);
#4485=STYLED_ITEM('',(#4710),#6064);
#4486=STYLED_ITEM('',(#4711),#6065);
#4487=STYLED_ITEM('',(#4712),#6066);
#4488=STYLED_ITEM('',(#4713),#6067);
#4489=STYLED_ITEM('',(#4714),#6068);
#4490=STYLED_ITEM('',(#4715),#6069);
#4491=STYLED_ITEM('',(#4716),#6070);
#4492=STYLED_ITEM('',(#4717),#6071);
#4493=STYLED_ITEM('',(#4718),#6072);
#4494=STYLED_ITEM('',(#4719),#6073);
#4495=STYLED_ITEM('',(#4720),#6074);
#4496=STYLED_ITEM('',(#4721),#6075);
#4497=STYLED_ITEM('',(#4722),#6076);
#4498=STYLED_ITEM('',(#4723),#6077);
#4499=STYLED_ITEM('',(#4724),#6078);
#4500=STYLED_ITEM('',(#4725),#6079);
#4501=STYLED_ITEM('',(#4726),#6080);
#4502=STYLED_ITEM('',(#4727),#6081);
#4503=STYLED_ITEM('',(#4728),#6082);
#4504=STYLED_ITEM('',(#4729),#6083);
#4505=STYLED_ITEM('',(#4730),#6084);
#4506=STYLED_ITEM('',(#4731),#6085);
#4507=STYLED_ITEM('',(#4732),#6086);
#4508=STYLED_ITEM('',(#4733),#6087);
#4509=STYLED_ITEM('',(#4734),#6088);
#4510=STYLED_ITEM('',(#4735),#6089);
#4511=STYLED_ITEM('',(#4736),#6090);
#4512=STYLED_ITEM('',(#4737),#6091);
#4513=STYLED_ITEM('',(#4738),#6092);
#4514=STYLED_ITEM('',(#4739),#6093);
#4515=STYLED_ITEM('',(#4740),#6094);
#4516=STYLED_ITEM('',(#4741),#6095);
#4517=STYLED_ITEM('',(#4742),#6096);
#4518=STYLED_ITEM('',(#4743),#6097);
#4519=STYLED_ITEM('',(#4744),#6098);
#4520=STYLED_ITEM('',(#4745),#6099);
#4521=STYLED_ITEM('',(#4746),#6100);
#4522=STYLED_ITEM('',(#4747),#6101);
#4523=STYLED_ITEM('',(#4748),#6102);
#4524=STYLED_ITEM('',(#4749),#6103);
#4525=STYLED_ITEM('',(#4750),#6104);
#4526=STYLED_ITEM('',(#4751),#6105);
#4527=STYLED_ITEM('',(#4752),#6106);
#4528=STYLED_ITEM('',(#4753),#6107);
#4529=STYLED_ITEM('',(#4754),#6108);
#4530=STYLED_ITEM('',(#4755),#6109);
#4531=STYLED_ITEM('',(#4756),#6110);
#4532=STYLED_ITEM('',(#4757),#6111);
#4533=STYLED_ITEM('',(#4758),#6112);
#4534=STYLED_ITEM('',(#4759),#6113);
#4535=STYLED_ITEM('',(#4760),#6114);
#4536=STYLED_ITEM('',(#4761),#6115);
#4537=STYLED_ITEM('',(#4762),#6116);
#4538=STYLED_ITEM('',(#4763),#6117);
#4539=STYLED_ITEM('',(#4764),#6118);
#4540=STYLED_ITEM('',(#4765),#6119);
#4541=STYLED_ITEM('',(#4766),#6120);
#4542=STYLED_ITEM('',(#4767),#6121);
#4543=STYLED_ITEM('',(#4768),#6122);
#4544=STYLED_ITEM('',(#4769),#6123);
#4545=STYLED_ITEM('',(#4770),#6124);
#4546=STYLED_ITEM('',(#4771),#6125);
#4547=STYLED_ITEM('',(#4772),#6126);
#4548=STYLED_ITEM('',(#4773),#6127);
#4549=STYLED_ITEM('',(#4774),#6128);
#4550=STYLED_ITEM('',(#4775),#6129);
#4551=STYLED_ITEM('',(#4776),#6130);
#4552=STYLED_ITEM('',(#4777),#6131);
#4553=STYLED_ITEM('',(#4778),#6132);
#4554=STYLED_ITEM('',(#4779),#6133);
#4555=STYLED_ITEM('',(#4780),#6134);
#4556=STYLED_ITEM('',(#4781),#6135);
#4557=STYLED_ITEM('',(#4782),#6136);
#4558=PRESENTATION_STYLE_ASSIGNMENT((#4783));
#4559=PRESENTATION_STYLE_ASSIGNMENT((#4784));
#4560=PRESENTATION_STYLE_ASSIGNMENT((#4785));
#4561=PRESENTATION_STYLE_ASSIGNMENT((#4786));
#4562=PRESENTATION_STYLE_ASSIGNMENT((#4787));
#4563=PRESENTATION_STYLE_ASSIGNMENT((#4788));
#4564=PRESENTATION_STYLE_ASSIGNMENT((#4789));
#4565=PRESENTATION_STYLE_ASSIGNMENT((#4790));
#4566=PRESENTATION_STYLE_ASSIGNMENT((#4791));
#4567=PRESENTATION_STYLE_ASSIGNMENT((#4792));
#4568=PRESENTATION_STYLE_ASSIGNMENT((#4793));
#4569=PRESENTATION_STYLE_ASSIGNMENT((#4794));
#4570=PRESENTATION_STYLE_ASSIGNMENT((#4795));
#4571=PRESENTATION_STYLE_ASSIGNMENT((#4796));
#4572=PRESENTATION_STYLE_ASSIGNMENT((#4797));
#4573=PRESENTATION_STYLE_ASSIGNMENT((#4798));
#4574=PRESENTATION_STYLE_ASSIGNMENT((#4799));
#4575=PRESENTATION_STYLE_ASSIGNMENT((#4800));
#4576=PRESENTATION_STYLE_ASSIGNMENT((#4801));
#4577=PRESENTATION_STYLE_ASSIGNMENT((#4802));
#4578=PRESENTATION_STYLE_ASSIGNMENT((#4803));
#4579=PRESENTATION_STYLE_ASSIGNMENT((#4804));
#4580=PRESENTATION_STYLE_ASSIGNMENT((#4805));
#4581=PRESENTATION_STYLE_ASSIGNMENT((#4806));
#4582=PRESENTATION_STYLE_ASSIGNMENT((#4807));
#4583=PRESENTATION_STYLE_ASSIGNMENT((#4808));
#4584=PRESENTATION_STYLE_ASSIGNMENT((#4809));
#4585=PRESENTATION_STYLE_ASSIGNMENT((#4810));
#4586=PRESENTATION_STYLE_ASSIGNMENT((#4811));
#4587=PRESENTATION_STYLE_ASSIGNMENT((#4812));
#4588=PRESENTATION_STYLE_ASSIGNMENT((#4813));
#4589=PRESENTATION_STYLE_ASSIGNMENT((#4814));
#4590=PRESENTATION_STYLE_ASSIGNMENT((#4815));
#4591=PRESENTATION_STYLE_ASSIGNMENT((#4816));
#4592=PRESENTATION_STYLE_ASSIGNMENT((#4817));
#4593=PRESENTATION_STYLE_ASSIGNMENT((#4818));
#4594=PRESENTATION_STYLE_ASSIGNMENT((#4819));
#4595=PRESENTATION_STYLE_ASSIGNMENT((#4820));
#4596=PRESENTATION_STYLE_ASSIGNMENT((#4821));
#4597=PRESENTATION_STYLE_ASSIGNMENT((#4822));
#4598=PRESENTATION_STYLE_ASSIGNMENT((#4823));
#4599=PRESENTATION_STYLE_ASSIGNMENT((#4824));
#4600=PRESENTATION_STYLE_ASSIGNMENT((#4825));
#4601=PRESENTATION_STYLE_ASSIGNMENT((#4826));
#4602=PRESENTATION_STYLE_ASSIGNMENT((#4827));
#4603=PRESENTATION_STYLE_ASSIGNMENT((#4828));
#4604=PRESENTATION_STYLE_ASSIGNMENT((#4829));
#4605=PRESENTATION_STYLE_ASSIGNMENT((#4830));
#4606=PRESENTATION_STYLE_ASSIGNMENT((#4831));
#4607=PRESENTATION_STYLE_ASSIGNMENT((#4832));
#4608=PRESENTATION_STYLE_ASSIGNMENT((#4833));
#4609=PRESENTATION_STYLE_ASSIGNMENT((#4834));
#4610=PRESENTATION_STYLE_ASSIGNMENT((#4835));
#4611=PRESENTATION_STYLE_ASSIGNMENT((#4836));
#4612=PRESENTATION_STYLE_ASSIGNMENT((#4837));
#4613=PRESENTATION_STYLE_ASSIGNMENT((#4838));
#4614=PRESENTATION_STYLE_ASSIGNMENT((#4839));
#4615=PRESENTATION_STYLE_ASSIGNMENT((#4840));
#4616=PRESENTATION_STYLE_ASSIGNMENT((#4841));
#4617=PRESENTATION_STYLE_ASSIGNMENT((#4842));
#4618=PRESENTATION_STYLE_ASSIGNMENT((#4843));
#4619=PRESENTATION_STYLE_ASSIGNMENT((#4844));
#4620=PRESENTATION_STYLE_ASSIGNMENT((#4845));
#4621=PRESENTATION_STYLE_ASSIGNMENT((#4846));
#4622=PRESENTATION_STYLE_ASSIGNMENT((#4847));
#4623=PRESENTATION_STYLE_ASSIGNMENT((#4848));
#4624=PRESENTATION_STYLE_ASSIGNMENT((#4849));
#4625=PRESENTATION_STYLE_ASSIGNMENT((#4850));
#4626=PRESENTATION_STYLE_ASSIGNMENT((#4851));
#4627=PRESENTATION_STYLE_ASSIGNMENT((#4852));
#4628=PRESENTATION_STYLE_ASSIGNMENT((#4853));
#4629=PRESENTATION_STYLE_ASSIGNMENT((#4854));
#4630=PRESENTATION_STYLE_ASSIGNMENT((#4855));
#4631=PRESENTATION_STYLE_ASSIGNMENT((#4856));
#4632=PRESENTATION_STYLE_ASSIGNMENT((#4857));
#4633=PRESENTATION_STYLE_ASSIGNMENT((#4858));
#4634=PRESENTATION_STYLE_ASSIGNMENT((#4859));
#4635=PRESENTATION_STYLE_ASSIGNMENT((#4860));
#4636=PRESENTATION_STYLE_ASSIGNMENT((#4861));
#4637=PRESENTATION_STYLE_ASSIGNMENT((#4862));
#4638=PRESENTATION_STYLE_ASSIGNMENT((#4863));
#4639=PRESENTATION_STYLE_ASSIGNMENT((#4864));
#4640=PRESENTATION_STYLE_ASSIGNMENT((#4865));
#4641=PRESENTATION_STYLE_ASSIGNMENT((#4866));
#4642=PRESENTATION_STYLE_ASSIGNMENT((#4867));
#4643=PRESENTATION_STYLE_ASSIGNMENT((#4868));
#4644=PRESENTATION_STYLE_ASSIGNMENT((#4869));
#4645=PRESENTATION_STYLE_ASSIGNMENT((#4870));
#4646=PRESENTATION_STYLE_ASSIGNMENT((#4871));
#4647=PRESENTATION_STYLE_ASSIGNMENT((#4872));
#4648=PRESENTATION_STYLE_ASSIGNMENT((#4873));
#4649=PRESENTATION_STYLE_ASSIGNMENT((#4874));
#4650=PRESENTATION_STYLE_ASSIGNMENT((#4875));
#4651=PRESENTATION_STYLE_ASSIGNMENT((#4876));
#4652=PRESENTATION_STYLE_ASSIGNMENT((#4877));
#4653=PRESENTATION_STYLE_ASSIGNMENT((#4878));
#4654=PRESENTATION_STYLE_ASSIGNMENT((#4879));
#4655=PRESENTATION_STYLE_ASSIGNMENT((#4880));
#4656=PRESENTATION_STYLE_ASSIGNMENT((#4881));
#4657=PRESENTATION_STYLE_ASSIGNMENT((#4882));
#4658=PRESENTATION_STYLE_ASSIGNMENT((#4883));
#4659=PRESENTATION_STYLE_ASSIGNMENT((#4884));
#4660=PRESENTATION_STYLE_ASSIGNMENT((#4885));
#4661=PRESENTATION_STYLE_ASSIGNMENT((#4886));
#4662=PRESENTATION_STYLE_ASSIGNMENT((#4887));
#4663=PRESENTATION_STYLE_ASSIGNMENT((#4888));
#4664=PRESENTATION_STYLE_ASSIGNMENT((#4889));
#4665=PRESENTATION_STYLE_ASSIGNMENT((#4890));
#4666=PRESENTATION_STYLE_ASSIGNMENT((#4891));
#4667=PRESENTATION_STYLE_ASSIGNMENT((#4892));
#4668=PRESENTATION_STYLE_ASSIGNMENT((#4893));
#4669=PRESENTATION_STYLE_ASSIGNMENT((#4894));
#4670=PRESENTATION_STYLE_ASSIGNMENT((#4895));
#4671=PRESENTATION_STYLE_ASSIGNMENT((#4896));
#4672=PRESENTATION_STYLE_ASSIGNMENT((#4897));
#4673=PRESENTATION_STYLE_ASSIGNMENT((#4898));
#4674=PRESENTATION_STYLE_ASSIGNMENT((#4899));
#4675=PRESENTATION_STYLE_ASSIGNMENT((#4900));
#4676=PRESENTATION_STYLE_ASSIGNMENT((#4901));
#4677=PRESENTATION_STYLE_ASSIGNMENT((#4902));
#4678=PRESENTATION_STYLE_ASSIGNMENT((#4903));
#4679=PRESENTATION_STYLE_ASSIGNMENT((#4904));
#4680=PRESENTATION_STYLE_ASSIGNMENT((#4905));
#4681=PRESENTATION_STYLE_ASSIGNMENT((#4906));
#4682=PRESENTATION_STYLE_ASSIGNMENT((#4907));
#4683=PRESENTATION_STYLE_ASSIGNMENT((#4908));
#4684=PRESENTATION_STYLE_ASSIGNMENT((#4909));
#4685=PRESENTATION_STYLE_ASSIGNMENT((#4910));
#4686=PRESENTATION_STYLE_ASSIGNMENT((#4911));
#4687=PRESENTATION_STYLE_ASSIGNMENT((#4912));
#4688=PRESENTATION_STYLE_ASSIGNMENT((#4913));
#4689=PRESENTATION_STYLE_ASSIGNMENT((#4914));
#4690=PRESENTATION_STYLE_ASSIGNMENT((#4915));
#4691=PRESENTATION_STYLE_ASSIGNMENT((#4916));
#4692=PRESENTATION_STYLE_ASSIGNMENT((#4917));
#4693=PRESENTATION_STYLE_ASSIGNMENT((#4918));
#4694=PRESENTATION_STYLE_ASSIGNMENT((#4919));
#4695=PRESENTATION_STYLE_ASSIGNMENT((#4920));
#4696=PRESENTATION_STYLE_ASSIGNMENT((#4921));
#4697=PRESENTATION_STYLE_ASSIGNMENT((#4922));
#4698=PRESENTATION_STYLE_ASSIGNMENT((#4923));
#4699=PRESENTATION_STYLE_ASSIGNMENT((#4924));
#4700=PRESENTATION_STYLE_ASSIGNMENT((#4925));
#4701=PRESENTATION_STYLE_ASSIGNMENT((#4926));
#4702=PRESENTATION_STYLE_ASSIGNMENT((#4927));
#4703=PRESENTATION_STYLE_ASSIGNMENT((#4928));
#4704=PRESENTATION_STYLE_ASSIGNMENT((#4929));
#4705=PRESENTATION_STYLE_ASSIGNMENT((#4930));
#4706=PRESENTATION_STYLE_ASSIGNMENT((#4931));
#4707=PRESENTATION_STYLE_ASSIGNMENT((#4932));
#4708=PRESENTATION_STYLE_ASSIGNMENT((#4933));
#4709=PRESENTATION_STYLE_ASSIGNMENT((#4934));
#4710=PRESENTATION_STYLE_ASSIGNMENT((#4935));
#4711=PRESENTATION_STYLE_ASSIGNMENT((#4936));
#4712=PRESENTATION_STYLE_ASSIGNMENT((#4937));
#4713=PRESENTATION_STYLE_ASSIGNMENT((#4938));
#4714=PRESENTATION_STYLE_ASSIGNMENT((#4939));
#4715=PRESENTATION_STYLE_ASSIGNMENT((#4940));
#4716=PRESENTATION_STYLE_ASSIGNMENT((#4941));
#4717=PRESENTATION_STYLE_ASSIGNMENT((#4942));
#4718=PRESENTATION_STYLE_ASSIGNMENT((#4943));
#4719=PRESENTATION_STYLE_ASSIGNMENT((#4944));
#4720=PRESENTATION_STYLE_ASSIGNMENT((#4945));
#4721=PRESENTATION_STYLE_ASSIGNMENT((#4946));
#4722=PRESENTATION_STYLE_ASSIGNMENT((#4947));
#4723=PRESENTATION_STYLE_ASSIGNMENT((#4948));
#4724=PRESENTATION_STYLE_ASSIGNMENT((#4949));
#4725=PRESENTATION_STYLE_ASSIGNMENT((#4950));
#4726=PRESENTATION_STYLE_ASSIGNMENT((#4951));
#4727=PRESENTATION_STYLE_ASSIGNMENT((#4952));
#4728=PRESENTATION_STYLE_ASSIGNMENT((#4953));
#4729=PRESENTATION_STYLE_ASSIGNMENT((#4954));
#4730=PRESENTATION_STYLE_ASSIGNMENT((#4955));
#4731=PRESENTATION_STYLE_ASSIGNMENT((#4956));
#4732=PRESENTATION_STYLE_ASSIGNMENT((#4957));
#4733=PRESENTATION_STYLE_ASSIGNMENT((#4958));
#4734=PRESENTATION_STYLE_ASSIGNMENT((#4959));
#4735=PRESENTATION_STYLE_ASSIGNMENT((#4960));
#4736=PRESENTATION_STYLE_ASSIGNMENT((#4961));
#4737=PRESENTATION_STYLE_ASSIGNMENT((#4962));
#4738=PRESENTATION_STYLE_ASSIGNMENT((#4963));
#4739=PRESENTATION_STYLE_ASSIGNMENT((#4964));
#4740=PRESENTATION_STYLE_ASSIGNMENT((#4965));
#4741=PRESENTATION_STYLE_ASSIGNMENT((#4966));
#4742=PRESENTATION_STYLE_ASSIGNMENT((#4967));
#4743=PRESENTATION_STYLE_ASSIGNMENT((#4968));
#4744=PRESENTATION_STYLE_ASSIGNMENT((#4969));
#4745=PRESENTATION_STYLE_ASSIGNMENT((#4970));
#4746=PRESENTATION_STYLE_ASSIGNMENT((#4971));
#4747=PRESENTATION_STYLE_ASSIGNMENT((#4972));
#4748=PRESENTATION_STYLE_ASSIGNMENT((#4973));
#4749=PRESENTATION_STYLE_ASSIGNMENT((#4974));
#4750=PRESENTATION_STYLE_ASSIGNMENT((#4975));
#4751=PRESENTATION_STYLE_ASSIGNMENT((#4976));
#4752=PRESENTATION_STYLE_ASSIGNMENT((#4977));
#4753=PRESENTATION_STYLE_ASSIGNMENT((#4978));
#4754=PRESENTATION_STYLE_ASSIGNMENT((#4979));
#4755=PRESENTATION_STYLE_ASSIGNMENT((#4980));
#4756=PRESENTATION_STYLE_ASSIGNMENT((#4981));
#4757=PRESENTATION_STYLE_ASSIGNMENT((#4982));
#4758=PRESENTATION_STYLE_ASSIGNMENT((#4983));
#4759=PRESENTATION_STYLE_ASSIGNMENT((#4984));
#4760=PRESENTATION_STYLE_ASSIGNMENT((#4985));
#4761=PRESENTATION_STYLE_ASSIGNMENT((#4986));
#4762=PRESENTATION_STYLE_ASSIGNMENT((#4987));
#4763=PRESENTATION_STYLE_ASSIGNMENT((#4988));
#4764=PRESENTATION_STYLE_ASSIGNMENT((#4989));
#4765=PRESENTATION_STYLE_ASSIGNMENT((#4990));
#4766=PRESENTATION_STYLE_ASSIGNMENT((#4991));
#4767=PRESENTATION_STYLE_ASSIGNMENT((#4992));
#4768=PRESENTATION_STYLE_ASSIGNMENT((#4993));
#4769=PRESENTATION_STYLE_ASSIGNMENT((#4994));
#4770=PRESENTATION_STYLE_ASSIGNMENT((#4995));
#4771=PRESENTATION_STYLE_ASSIGNMENT((#4996));
#4772=PRESENTATION_STYLE_ASSIGNMENT((#4997));
#4773=PRESENTATION_STYLE_ASSIGNMENT((#4998));
#4774=PRESENTATION_STYLE_ASSIGNMENT((#4999));
#4775=PRESENTATION_STYLE_ASSIGNMENT((#5000));
#4776=PRESENTATION_STYLE_ASSIGNMENT((#5001));
#4777=PRESENTATION_STYLE_ASSIGNMENT((#5002));
#4778=PRESENTATION_STYLE_ASSIGNMENT((#5003));
#4779=PRESENTATION_STYLE_ASSIGNMENT((#5004));
#4780=PRESENTATION_STYLE_ASSIGNMENT((#5005));
#4781=PRESENTATION_STYLE_ASSIGNMENT((#5006));
#4782=PRESENTATION_STYLE_ASSIGNMENT((#5007));
#4783=SURFACE_STYLE_USAGE(.BOTH.,#5008);
#4784=SURFACE_STYLE_USAGE(.BOTH.,#5009);
#4785=SURFACE_STYLE_USAGE(.BOTH.,#5010);
#4786=SURFACE_STYLE_USAGE(.BOTH.,#5011);
#4787=SURFACE_STYLE_USAGE(.BOTH.,#5012);
#4788=SURFACE_STYLE_USAGE(.BOTH.,#5013);
#4789=SURFACE_STYLE_USAGE(.BOTH.,#5014);
#4790=SURFACE_STYLE_USAGE(.BOTH.,#5015);
#4791=SURFACE_STYLE_USAGE(.BOTH.,#5016);
#4792=SURFACE_STYLE_USAGE(.BOTH.,#5017);
#4793=SURFACE_STYLE_USAGE(.BOTH.,#5018);
#4794=SURFACE_STYLE_USAGE(.BOTH.,#5019);
#4795=SURFACE_STYLE_USAGE(.BOTH.,#5020);
#4796=SURFACE_STYLE_USAGE(.BOTH.,#5021);
#4797=SURFACE_STYLE_USAGE(.BOTH.,#5022);
#4798=SURFACE_STYLE_USAGE(.BOTH.,#5023);
#4799=SURFACE_STYLE_USAGE(.BOTH.,#5024);
#4800=SURFACE_STYLE_USAGE(.BOTH.,#5025);
#4801=SURFACE_STYLE_USAGE(.BOTH.,#5026);
#4802=SURFACE_STYLE_USAGE(.BOTH.,#5027);
#4803=SURFACE_STYLE_USAGE(.BOTH.,#5028);
#4804=SURFACE_STYLE_USAGE(.BOTH.,#5029);
#4805=SURFACE_STYLE_USAGE(.BOTH.,#5030);
#4806=SURFACE_STYLE_USAGE(.BOTH.,#5031);
#4807=SURFACE_STYLE_USAGE(.BOTH.,#5032);
#4808=SURFACE_STYLE_USAGE(.BOTH.,#5033);
#4809=SURFACE_STYLE_USAGE(.BOTH.,#5034);
#4810=SURFACE_STYLE_USAGE(.BOTH.,#5035);
#4811=SURFACE_STYLE_USAGE(.BOTH.,#5036);
#4812=SURFACE_STYLE_USAGE(.BOTH.,#5037);
#4813=SURFACE_STYLE_USAGE(.BOTH.,#5038);
#4814=SURFACE_STYLE_USAGE(.BOTH.,#5039);
#4815=SURFACE_STYLE_USAGE(.BOTH.,#5040);
#4816=SURFACE_STYLE_USAGE(.BOTH.,#5041);
#4817=SURFACE_STYLE_USAGE(.BOTH.,#5042);
#4818=SURFACE_STYLE_USAGE(.BOTH.,#5043);
#4819=SURFACE_STYLE_USAGE(.BOTH.,#5044);
#4820=SURFACE_STYLE_USAGE(.BOTH.,#5045);
#4821=SURFACE_STYLE_USAGE(.BOTH.,#5046);
#4822=SURFACE_STYLE_USAGE(.BOTH.,#5047);
#4823=SURFACE_STYLE_USAGE(.BOTH.,#5048);
#4824=SURFACE_STYLE_USAGE(.BOTH.,#5049);
#4825=SURFACE_STYLE_USAGE(.BOTH.,#5050);
#4826=SURFACE_STYLE_USAGE(.BOTH.,#5051);
#4827=SURFACE_STYLE_USAGE(.BOTH.,#5052);
#4828=SURFACE_STYLE_USAGE(.BOTH.,#5053);
#4829=SURFACE_STYLE_USAGE(.BOTH.,#5054);
#4830=SURFACE_STYLE_USAGE(.BOTH.,#5055);
#4831=SURFACE_STYLE_USAGE(.BOTH.,#5056);
#4832=SURFACE_STYLE_USAGE(.BOTH.,#5057);
#4833=SURFACE_STYLE_USAGE(.BOTH.,#5058);
#4834=SURFACE_STYLE_USAGE(.BOTH.,#5059);
#4835=SURFACE_STYLE_USAGE(.BOTH.,#5060);
#4836=SURFACE_STYLE_USAGE(.BOTH.,#5061);
#4837=SURFACE_STYLE_USAGE(.BOTH.,#5062);
#4838=SURFACE_STYLE_USAGE(.BOTH.,#5063);
#4839=SURFACE_STYLE_USAGE(.BOTH.,#5064);
#4840=SURFACE_STYLE_USAGE(.BOTH.,#5065);
#4841=SURFACE_STYLE_USAGE(.BOTH.,#5066);
#4842=SURFACE_STYLE_USAGE(.BOTH.,#5067);
#4843=SURFACE_STYLE_USAGE(.BOTH.,#5068);
#4844=SURFACE_STYLE_USAGE(.BOTH.,#5069);
#4845=SURFACE_STYLE_USAGE(.BOTH.,#5070);
#4846=SURFACE_STYLE_USAGE(.BOTH.,#5071);
#4847=SURFACE_STYLE_USAGE(.BOTH.,#5072);
#4848=SURFACE_STYLE_USAGE(.BOTH.,#5073);
#4849=SURFACE_STYLE_USAGE(.BOTH.,#5074);
#4850=SURFACE_STYLE_USAGE(.BOTH.,#5075);
#4851=SURFACE_STYLE_USAGE(.BOTH.,#5076);
#4852=SURFACE_STYLE_USAGE(.BOTH.,#5077);
#4853=SURFACE_STYLE_USAGE(.BOTH.,#5078);
#4854=SURFACE_STYLE_USAGE(.BOTH.,#5079);
#4855=SURFACE_STYLE_USAGE(.BOTH.,#5080);
#4856=SURFACE_STYLE_USAGE(.BOTH.,#5081);
#4857=SURFACE_STYLE_USAGE(.BOTH.,#5082);
#4858=SURFACE_STYLE_USAGE(.BOTH.,#5083);
#4859=SURFACE_STYLE_USAGE(.BOTH.,#5084);
#4860=SURFACE_STYLE_USAGE(.BOTH.,#5085);
#4861=SURFACE_STYLE_USAGE(.BOTH.,#5086);
#4862=SURFACE_STYLE_USAGE(.BOTH.,#5087);
#4863=SURFACE_STYLE_USAGE(.BOTH.,#5088);
#4864=SURFACE_STYLE_USAGE(.BOTH.,#5089);
#4865=SURFACE_STYLE_USAGE(.BOTH.,#5090);
#4866=SURFACE_STYLE_USAGE(.BOTH.,#5091);
#4867=SURFACE_STYLE_USAGE(.BOTH.,#5092);
#4868=SURFACE_STYLE_USAGE(.BOTH.,#5093);
#4869=SURFACE_STYLE_USAGE(.BOTH.,#5094);
#4870=SURFACE_STYLE_USAGE(.BOTH.,#5095);
#4871=SURFACE_STYLE_USAGE(.BOTH.,#5096);
#4872=SURFACE_STYLE_USAGE(.BOTH.,#5097);
#4873=SURFACE_STYLE_USAGE(.BOTH.,#5098);
#4874=SURFACE_STYLE_USAGE(.BOTH.,#5099);
#4875=SURFACE_STYLE_USAGE(.BOTH.,#5100);
#4876=SURFACE_STYLE_USAGE(.BOTH.,#5101);
#4877=SURFACE_STYLE_USAGE(.BOTH.,#5102);
#4878=SURFACE_STYLE_USAGE(.BOTH.,#5103);
#4879=SURFACE_STYLE_USAGE(.BOTH.,#5104);
#4880=SURFACE_STYLE_USAGE(.BOTH.,#5105);
#4881=SURFACE_STYLE_USAGE(.BOTH.,#5106);
#4882=SURFACE_STYLE_USAGE(.BOTH.,#5107);
#4883=SURFACE_STYLE_USAGE(.BOTH.,#5108);
#4884=SURFACE_STYLE_USAGE(.BOTH.,#5109);
#4885=SURFACE_STYLE_USAGE(.BOTH.,#5110);
#4886=SURFACE_STYLE_USAGE(.BOTH.,#5111);
#4887=SURFACE_STYLE_USAGE(.BOTH.,#5112);
#4888=SURFACE_STYLE_USAGE(.BOTH.,#5113);
#4889=SURFACE_STYLE_USAGE(.BOTH.,#5114);
#4890=SURFACE_STYLE_USAGE(.BOTH.,#5115);
#4891=SURFACE_STYLE_USAGE(.BOTH.,#5116);
#4892=SURFACE_STYLE_USAGE(.BOTH.,#5117);
#4893=SURFACE_STYLE_USAGE(.BOTH.,#5118);
#4894=SURFACE_STYLE_USAGE(.BOTH.,#5119);
#4895=SURFACE_STYLE_USAGE(.BOTH.,#5120);
#4896=SURFACE_STYLE_USAGE(.BOTH.,#5121);
#4897=SURFACE_STYLE_USAGE(.BOTH.,#5122);
#4898=SURFACE_STYLE_USAGE(.BOTH.,#5123);
#4899=SURFACE_STYLE_USAGE(.BOTH.,#5124);
#4900=SURFACE_STYLE_USAGE(.BOTH.,#5125);
#4901=SURFACE_STYLE_USAGE(.BOTH.,#5126);
#4902=SURFACE_STYLE_USAGE(.BOTH.,#5127);
#4903=SURFACE_STYLE_USAGE(.BOTH.,#5128);
#4904=SURFACE_STYLE_USAGE(.BOTH.,#5129);
#4905=SURFACE_STYLE_USAGE(.BOTH.,#5130);
#4906=SURFACE_STYLE_USAGE(.BOTH.,#5131);
#4907=SURFACE_STYLE_USAGE(.BOTH.,#5132);
#4908=SURFACE_STYLE_USAGE(.BOTH.,#5133);
#4909=SURFACE_STYLE_USAGE(.BOTH.,#5134);
#4910=SURFACE_STYLE_USAGE(.BOTH.,#5135);
#4911=SURFACE_STYLE_USAGE(.BOTH.,#5136);
#4912=SURFACE_STYLE_USAGE(.BOTH.,#5137);
#4913=SURFACE_STYLE_USAGE(.BOTH.,#5138);
#4914=SURFACE_STYLE_USAGE(.BOTH.,#5139);
#4915=SURFACE_STYLE_USAGE(.BOTH.,#5140);
#4916=SURFACE_STYLE_USAGE(.BOTH.,#5141);
#4917=SURFACE_STYLE_USAGE(.BOTH.,#5142);
#4918=SURFACE_STYLE_USAGE(.BOTH.,#5143);
#4919=SURFACE_STYLE_USAGE(.BOTH.,#5144);
#4920=SURFACE_STYLE_USAGE(.BOTH.,#5145);
#4921=SURFACE_STYLE_USAGE(.BOTH.,#5146);
#4922=SURFACE_STYLE_USAGE(.BOTH.,#5147);
#4923=SURFACE_STYLE_USAGE(.BOTH.,#5148);
#4924=SURFACE_STYLE_USAGE(.BOTH.,#5149);
#4925=SURFACE_STYLE_USAGE(.BOTH.,#5150);
#4926=SURFACE_STYLE_USAGE(.BOTH.,#5151);
#4927=SURFACE_STYLE_USAGE(.BOTH.,#5152);
#4928=SURFACE_STYLE_USAGE(.BOTH.,#5153);
#4929=SURFACE_STYLE_USAGE(.BOTH.,#5154);
#4930=SURFACE_STYLE_USAGE(.BOTH.,#5155);
#4931=SURFACE_STYLE_USAGE(.BOTH.,#5156);
#4932=SURFACE_STYLE_USAGE(.BOTH.,#5157);
#4933=SURFACE_STYLE_USAGE(.BOTH.,#5158);
#4934=SURFACE_STYLE_USAGE(.BOTH.,#5159);
#4935=SURFACE_STYLE_USAGE(.BOTH.,#5160);
#4936=SURFACE_STYLE_USAGE(.BOTH.,#5161);
#4937=SURFACE_STYLE_USAGE(.BOTH.,#5162);
#4938=SURFACE_STYLE_USAGE(.BOTH.,#5163);
#4939=SURFACE_STYLE_USAGE(.BOTH.,#5164);
#4940=SURFACE_STYLE_USAGE(.BOTH.,#5165);
#4941=SURFACE_STYLE_USAGE(.BOTH.,#5166);
#4942=SURFACE_STYLE_USAGE(.BOTH.,#5167);
#4943=SURFACE_STYLE_USAGE(.BOTH.,#5168);
#4944=SURFACE_STYLE_USAGE(.BOTH.,#5169);
#4945=SURFACE_STYLE_USAGE(.BOTH.,#5170);
#4946=SURFACE_STYLE_USAGE(.BOTH.,#5171);
#4947=SURFACE_STYLE_USAGE(.BOTH.,#5172);
#4948=SURFACE_STYLE_USAGE(.BOTH.,#5173);
#4949=SURFACE_STYLE_USAGE(.BOTH.,#5174);
#4950=SURFACE_STYLE_USAGE(.BOTH.,#5175);
#4951=SURFACE_STYLE_USAGE(.BOTH.,#5176);
#4952=SURFACE_STYLE_USAGE(.BOTH.,#5177);
#4953=SURFACE_STYLE_USAGE(.BOTH.,#5178);
#4954=SURFACE_STYLE_USAGE(.BOTH.,#5179);
#4955=SURFACE_STYLE_USAGE(.BOTH.,#5180);
#4956=SURFACE_STYLE_USAGE(.BOTH.,#5181);
#4957=SURFACE_STYLE_USAGE(.BOTH.,#5182);
#4958=SURFACE_STYLE_USAGE(.BOTH.,#5183);
#4959=SURFACE_STYLE_USAGE(.BOTH.,#5184);
#4960=SURFACE_STYLE_USAGE(.BOTH.,#5185);
#4961=SURFACE_STYLE_USAGE(.BOTH.,#5186);
#4962=SURFACE_STYLE_USAGE(.BOTH.,#5187);
#4963=SURFACE_STYLE_USAGE(.BOTH.,#5188);
#4964=SURFACE_STYLE_USAGE(.BOTH.,#5189);
#4965=SURFACE_STYLE_USAGE(.BOTH.,#5190);
#4966=SURFACE_STYLE_USAGE(.BOTH.,#5191);
#4967=SURFACE_STYLE_USAGE(.BOTH.,#5192);
#4968=SURFACE_STYLE_USAGE(.BOTH.,#5193);
#4969=SURFACE_STYLE_USAGE(.BOTH.,#5194);
#4970=SURFACE_STYLE_USAGE(.BOTH.,#5195);
#4971=SURFACE_STYLE_USAGE(.BOTH.,#5196);
#4972=SURFACE_STYLE_USAGE(.BOTH.,#5197);
#4973=SURFACE_STYLE_USAGE(.BOTH.,#5198);
#4974=SURFACE_STYLE_USAGE(.BOTH.,#5199);
#4975=SURFACE_STYLE_USAGE(.BOTH.,#5200);
#4976=SURFACE_STYLE_USAGE(.BOTH.,#5201);
#4977=SURFACE_STYLE_USAGE(.BOTH.,#5202);
#4978=SURFACE_STYLE_USAGE(.BOTH.,#5203);
#4979=SURFACE_STYLE_USAGE(.BOTH.,#5204);
#4980=SURFACE_STYLE_USAGE(.BOTH.,#5205);
#4981=SURFACE_STYLE_USAGE(.BOTH.,#5206);
#4982=SURFACE_STYLE_USAGE(.BOTH.,#5207);
#4983=SURFACE_STYLE_USAGE(.BOTH.,#5208);
#4984=SURFACE_STYLE_USAGE(.BOTH.,#5209);
#4985=SURFACE_STYLE_USAGE(.BOTH.,#5210);
#4986=SURFACE_STYLE_USAGE(.BOTH.,#5211);
#4987=SURFACE_STYLE_USAGE(.BOTH.,#5212);
#4988=SURFACE_STYLE_USAGE(.BOTH.,#5213);
#4989=SURFACE_STYLE_USAGE(.BOTH.,#5214);
#4990=SURFACE_STYLE_USAGE(.BOTH.,#5215);
#4991=SURFACE_STYLE_USAGE(.BOTH.,#5216);
#4992=SURFACE_STYLE_USAGE(.BOTH.,#5217);
#4993=SURFACE_STYLE_USAGE(.BOTH.,#5218);
#4994=SURFACE_STYLE_USAGE(.BOTH.,#5219);
#4995=SURFACE_STYLE_USAGE(.BOTH.,#5220);
#4996=SURFACE_STYLE_USAGE(.BOTH.,#5221);
#4997=SURFACE_STYLE_USAGE(.BOTH.,#5222);
#4998=SURFACE_STYLE_USAGE(.BOTH.,#5223);
#4999=SURFACE_STYLE_USAGE(.BOTH.,#5224);
#5000=SURFACE_STYLE_USAGE(.BOTH.,#5225);
#5001=SURFACE_STYLE_USAGE(.BOTH.,#5226);
#5002=SURFACE_STYLE_USAGE(.BOTH.,#5227);
#5003=SURFACE_STYLE_USAGE(.BOTH.,#5228);
#5004=SURFACE_STYLE_USAGE(.BOTH.,#5229);
#5005=SURFACE_STYLE_USAGE(.BOTH.,#5230);
#5006=SURFACE_STYLE_USAGE(.BOTH.,#5231);
#5007=SURFACE_STYLE_USAGE(.BOTH.,#5232);
#5008=SURFACE_SIDE_STYLE('',(#5233));
#5009=SURFACE_SIDE_STYLE('',(#5234));
#5010=SURFACE_SIDE_STYLE('',(#5235));
#5011=SURFACE_SIDE_STYLE('',(#5236));
#5012=SURFACE_SIDE_STYLE('',(#5237));
#5013=SURFACE_SIDE_STYLE('',(#5238));
#5014=SURFACE_SIDE_STYLE('',(#5239));
#5015=SURFACE_SIDE_STYLE('',(#5240));
#5016=SURFACE_SIDE_STYLE('',(#5241));
#5017=SURFACE_SIDE_STYLE('',(#5242));
#5018=SURFACE_SIDE_STYLE('',(#5243));
#5019=SURFACE_SIDE_STYLE('',(#5244));
#5020=SURFACE_SIDE_STYLE('',(#5245));
#5021=SURFACE_SIDE_STYLE('',(#5246));
#5022=SURFACE_SIDE_STYLE('',(#5247));
#5023=SURFACE_SIDE_STYLE('',(#5248));
#5024=SURFACE_SIDE_STYLE('',(#5249));
#5025=SURFACE_SIDE_STYLE('',(#5250));
#5026=SURFACE_SIDE_STYLE('',(#5251));
#5027=SURFACE_SIDE_STYLE('',(#5252));
#5028=SURFACE_SIDE_STYLE('',(#5253));
#5029=SURFACE_SIDE_STYLE('',(#5254));
#5030=SURFACE_SIDE_STYLE('',(#5255));
#5031=SURFACE_SIDE_STYLE('',(#5256));
#5032=SURFACE_SIDE_STYLE('',(#5257));
#5033=SURFACE_SIDE_STYLE('',(#5258));
#5034=SURFACE_SIDE_STYLE('',(#5259));
#5035=SURFACE_SIDE_STYLE('',(#5260));
#5036=SURFACE_SIDE_STYLE('',(#5261));
#5037=SURFACE_SIDE_STYLE('',(#5262));
#5038=SURFACE_SIDE_STYLE('',(#5263));
#5039=SURFACE_SIDE_STYLE('',(#5264));
#5040=SURFACE_SIDE_STYLE('',(#5265));
#5041=SURFACE_SIDE_STYLE('',(#5266));
#5042=SURFACE_SIDE_STYLE('',(#5267));
#5043=SURFACE_SIDE_STYLE('',(#5268));
#5044=SURFACE_SIDE_STYLE('',(#5269));
#5045=SURFACE_SIDE_STYLE('',(#5270));
#5046=SURFACE_SIDE_STYLE('',(#5271));
#5047=SURFACE_SIDE_STYLE('',(#5272));
#5048=SURFACE_SIDE_STYLE('',(#5273));
#5049=SURFACE_SIDE_STYLE('',(#5274));
#5050=SURFACE_SIDE_STYLE('',(#5275));
#5051=SURFACE_SIDE_STYLE('',(#5276));
#5052=SURFACE_SIDE_STYLE('',(#5277));
#5053=SURFACE_SIDE_STYLE('',(#5278));
#5054=SURFACE_SIDE_STYLE('',(#5279));
#5055=SURFACE_SIDE_STYLE('',(#5280));
#5056=SURFACE_SIDE_STYLE('',(#5281));
#5057=SURFACE_SIDE_STYLE('',(#5282));
#5058=SURFACE_SIDE_STYLE('',(#5283));
#5059=SURFACE_SIDE_STYLE('',(#5284));
#5060=SURFACE_SIDE_STYLE('',(#5285));
#5061=SURFACE_SIDE_STYLE('',(#5286));
#5062=SURFACE_SIDE_STYLE('',(#5287));
#5063=SURFACE_SIDE_STYLE('',(#5288));
#5064=SURFACE_SIDE_STYLE('',(#5289));
#5065=SURFACE_SIDE_STYLE('',(#5290));
#5066=SURFACE_SIDE_STYLE('',(#5291));
#5067=SURFACE_SIDE_STYLE('',(#5292));
#5068=SURFACE_SIDE_STYLE('',(#5293));
#5069=SURFACE_SIDE_STYLE('',(#5294));
#5070=SURFACE_SIDE_STYLE('',(#5295));
#5071=SURFACE_SIDE_STYLE('',(#5296));
#5072=SURFACE_SIDE_STYLE('',(#5297));
#5073=SURFACE_SIDE_STYLE('',(#5298));
#5074=SURFACE_SIDE_STYLE('',(#5299));
#5075=SURFACE_SIDE_STYLE('',(#5300));
#5076=SURFACE_SIDE_STYLE('',(#5301));
#5077=SURFACE_SIDE_STYLE('',(#5302));
#5078=SURFACE_SIDE_STYLE('',(#5303));
#5079=SURFACE_SIDE_STYLE('',(#5304));
#5080=SURFACE_SIDE_STYLE('',(#5305));
#5081=SURFACE_SIDE_STYLE('',(#5306));
#5082=SURFACE_SIDE_STYLE('',(#5307));
#5083=SURFACE_SIDE_STYLE('',(#5308));
#5084=SURFACE_SIDE_STYLE('',(#5309));
#5085=SURFACE_SIDE_STYLE('',(#5310));
#5086=SURFACE_SIDE_STYLE('',(#5311));
#5087=SURFACE_SIDE_STYLE('',(#5312));
#5088=SURFACE_SIDE_STYLE('',(#5313));
#5089=SURFACE_SIDE_STYLE('',(#5314));
#5090=SURFACE_SIDE_STYLE('',(#5315));
#5091=SURFACE_SIDE_STYLE('',(#5316));
#5092=SURFACE_SIDE_STYLE('',(#5317));
#5093=SURFACE_SIDE_STYLE('',(#5318));
#5094=SURFACE_SIDE_STYLE('',(#5319));
#5095=SURFACE_SIDE_STYLE('',(#5320));
#5096=SURFACE_SIDE_STYLE('',(#5321));
#5097=SURFACE_SIDE_STYLE('',(#5322));
#5098=SURFACE_SIDE_STYLE('',(#5323));
#5099=SURFACE_SIDE_STYLE('',(#5324));
#5100=SURFACE_SIDE_STYLE('',(#5325));
#5101=SURFACE_SIDE_STYLE('',(#5326));
#5102=SURFACE_SIDE_STYLE('',(#5327));
#5103=SURFACE_SIDE_STYLE('',(#5328));
#5104=SURFACE_SIDE_STYLE('',(#5329));
#5105=SURFACE_SIDE_STYLE('',(#5330));
#5106=SURFACE_SIDE_STYLE('',(#5331));
#5107=SURFACE_SIDE_STYLE('',(#5332));
#5108=SURFACE_SIDE_STYLE('',(#5333));
#5109=SURFACE_SIDE_STYLE('',(#5334));
#5110=SURFACE_SIDE_STYLE('',(#5335));
#5111=SURFACE_SIDE_STYLE('',(#5336));
#5112=SURFACE_SIDE_STYLE('',(#5337));
#5113=SURFACE_SIDE_STYLE('',(#5338));
#5114=SURFACE_SIDE_STYLE('',(#5339));
#5115=SURFACE_SIDE_STYLE('',(#5340));
#5116=SURFACE_SIDE_STYLE('',(#5341));
#5117=SURFACE_SIDE_STYLE('',(#5342));
#5118=SURFACE_SIDE_STYLE('',(#5343));
#5119=SURFACE_SIDE_STYLE('',(#5344));
#5120=SURFACE_SIDE_STYLE('',(#5345));
#5121=SURFACE_SIDE_STYLE('',(#5346));
#5122=SURFACE_SIDE_STYLE('',(#5347));
#5123=SURFACE_SIDE_STYLE('',(#5348));
#5124=SURFACE_SIDE_STYLE('',(#5349));
#5125=SURFACE_SIDE_STYLE('',(#5350));
#5126=SURFACE_SIDE_STYLE('',(#5351));
#5127=SURFACE_SIDE_STYLE('',(#5352));
#5128=SURFACE_SIDE_STYLE('',(#5353));
#5129=SURFACE_SIDE_STYLE('',(#5354));
#5130=SURFACE_SIDE_STYLE('',(#5355));
#5131=SURFACE_SIDE_STYLE('',(#5356));
#5132=SURFACE_SIDE_STYLE('',(#5357));
#5133=SURFACE_SIDE_STYLE('',(#5358));
#5134=SURFACE_SIDE_STYLE('',(#5359));
#5135=SURFACE_SIDE_STYLE('',(#5360));
#5136=SURFACE_SIDE_STYLE('',(#5361));
#5137=SURFACE_SIDE_STYLE('',(#5362));
#5138=SURFACE_SIDE_STYLE('',(#5363));
#5139=SURFACE_SIDE_STYLE('',(#5364));
#5140=SURFACE_SIDE_STYLE('',(#5365));
#5141=SURFACE_SIDE_STYLE('',(#5366));
#5142=SURFACE_SIDE_STYLE('',(#5367));
#5143=SURFACE_SIDE_STYLE('',(#5368));
#5144=SURFACE_SIDE_STYLE('',(#5369));
#5145=SURFACE_SIDE_STYLE('',(#5370));
#5146=SURFACE_SIDE_STYLE('',(#5371));
#5147=SURFACE_SIDE_STYLE('',(#5372));
#5148=SURFACE_SIDE_STYLE('',(#5373));
#5149=SURFACE_SIDE_STYLE('',(#5374));
#5150=SURFACE_SIDE_STYLE('',(#5375));
#5151=SURFACE_SIDE_STYLE('',(#5376));
#5152=SURFACE_SIDE_STYLE('',(#5377));
#5153=SURFACE_SIDE_STYLE('',(#5378));
#5154=SURFACE_SIDE_STYLE('',(#5379));
#5155=SURFACE_SIDE_STYLE('',(#5380));
#5156=SURFACE_SIDE_STYLE('',(#5381));
#5157=SURFACE_SIDE_STYLE('',(#5382));
#5158=SURFACE_SIDE_STYLE('',(#5383));
#5159=SURFACE_SIDE_STYLE('',(#5384));
#5160=SURFACE_SIDE_STYLE('',(#5385));
#5161=SURFACE_SIDE_STYLE('',(#5386));
#5162=SURFACE_SIDE_STYLE('',(#5387));
#5163=SURFACE_SIDE_STYLE('',(#5388));
#5164=SURFACE_SIDE_STYLE('',(#5389));
#5165=SURFACE_SIDE_STYLE('',(#5390));
#5166=SURFACE_SIDE_STYLE('',(#5391));
#5167=SURFACE_SIDE_STYLE('',(#5392));
#5168=SURFACE_SIDE_STYLE('',(#5393));
#5169=SURFACE_SIDE_STYLE('',(#5394));
#5170=SURFACE_SIDE_STYLE('',(#5395));
#5171=SURFACE_SIDE_STYLE('',(#5396));
#5172=SURFACE_SIDE_STYLE('',(#5397));
#5173=SURFACE_SIDE_STYLE('',(#5398));
#5174=SURFACE_SIDE_STYLE('',(#5399));
#5175=SURFACE_SIDE_STYLE('',(#5400));
#5176=SURFACE_SIDE_STYLE('',(#5401));
#5177=SURFACE_SIDE_STYLE('',(#5402));
#5178=SURFACE_SIDE_STYLE('',(#5403));
#5179=SURFACE_SIDE_STYLE('',(#5404));
#5180=SURFACE_SIDE_STYLE('',(#5405));
#5181=SURFACE_SIDE_STYLE('',(#5406));
#5182=SURFACE_SIDE_STYLE('',(#5407));
#5183=SURFACE_SIDE_STYLE('',(#5408));
#5184=SURFACE_SIDE_STYLE('',(#5409));
#5185=SURFACE_SIDE_STYLE('',(#5410));
#5186=SURFACE_SIDE_STYLE('',(#5411));
#5187=SURFACE_SIDE_STYLE('',(#5412));
#5188=SURFACE_SIDE_STYLE('',(#5413));
#5189=SURFACE_SIDE_STYLE('',(#5414));
#5190=SURFACE_SIDE_STYLE('',(#5415));
#5191=SURFACE_SIDE_STYLE('',(#5416));
#5192=SURFACE_SIDE_STYLE('',(#5417));
#5193=SURFACE_SIDE_STYLE('',(#5418));
#5194=SURFACE_SIDE_STYLE('',(#5419));
#5195=SURFACE_SIDE_STYLE('',(#5420));
#5196=SURFACE_SIDE_STYLE('',(#5421));
#5197=SURFACE_SIDE_STYLE('',(#5422));
#5198=SURFACE_SIDE_STYLE('',(#5423));
#5199=SURFACE_SIDE_STYLE('',(#5424));
#5200=SURFACE_SIDE_STYLE('',(#5425));
#5201=SURFACE_SIDE_STYLE('',(#5426));
#5202=SURFACE_SIDE_STYLE('',(#5427));
#5203=SURFACE_SIDE_STYLE('',(#5428));
#5204=SURFACE_SIDE_STYLE('',(#5429));
#5205=SURFACE_SIDE_STYLE('',(#5430));
#5206=SURFACE_SIDE_STYLE('',(#5431));
#5207=SURFACE_SIDE_STYLE('',(#5432));
#5208=SURFACE_SIDE_STYLE('',(#5433));
#5209=SURFACE_SIDE_STYLE('',(#5434));
#5210=SURFACE_SIDE_STYLE('',(#5435));
#5211=SURFACE_SIDE_STYLE('',(#5436));
#5212=SURFACE_SIDE_STYLE('',(#5437));
#5213=SURFACE_SIDE_STYLE('',(#5438));
#5214=SURFACE_SIDE_STYLE('',(#5439));
#5215=SURFACE_SIDE_STYLE('',(#5440));
#5216=SURFACE_SIDE_STYLE('',(#5441));
#5217=SURFACE_SIDE_STYLE('',(#5442));
#5218=SURFACE_SIDE_STYLE('',(#5443));
#5219=SURFACE_SIDE_STYLE('',(#5444));
#5220=SURFACE_SIDE_STYLE('',(#5445));
#5221=SURFACE_SIDE_STYLE('',(#5446));
#5222=SURFACE_SIDE_STYLE('',(#5447));
#5223=SURFACE_SIDE_STYLE('',(#5448));
#5224=SURFACE_SIDE_STYLE('',(#5449));
#5225=SURFACE_SIDE_STYLE('',(#5450));
#5226=SURFACE_SIDE_STYLE('',(#5451));
#5227=SURFACE_SIDE_STYLE('',(#5452));
#5228=SURFACE_SIDE_STYLE('',(#5453));
#5229=SURFACE_SIDE_STYLE('',(#5454));
#5230=SURFACE_SIDE_STYLE('',(#5455));
#5231=SURFACE_SIDE_STYLE('',(#5456));
#5232=SURFACE_SIDE_STYLE('',(#5457));
#5233=SURFACE_STYLE_FILL_AREA(#5458);
#5234=SURFACE_STYLE_FILL_AREA(#5459);
#5235=SURFACE_STYLE_FILL_AREA(#5460);
#5236=SURFACE_STYLE_FILL_AREA(#5461);
#5237=SURFACE_STYLE_FILL_AREA(#5462);
#5238=SURFACE_STYLE_FILL_AREA(#5463);
#5239=SURFACE_STYLE_FILL_AREA(#5464);
#5240=SURFACE_STYLE_FILL_AREA(#5465);
#5241=SURFACE_STYLE_FILL_AREA(#5466);
#5242=SURFACE_STYLE_FILL_AREA(#5467);
#5243=SURFACE_STYLE_FILL_AREA(#5468);
#5244=SURFACE_STYLE_FILL_AREA(#5469);
#5245=SURFACE_STYLE_FILL_AREA(#5470);
#5246=SURFACE_STYLE_FILL_AREA(#5471);
#5247=SURFACE_STYLE_FILL_AREA(#5472);
#5248=SURFACE_STYLE_FILL_AREA(#5473);
#5249=SURFACE_STYLE_FILL_AREA(#5474);
#5250=SURFACE_STYLE_FILL_AREA(#5475);
#5251=SURFACE_STYLE_FILL_AREA(#5476);
#5252=SURFACE_STYLE_FILL_AREA(#5477);
#5253=SURFACE_STYLE_FILL_AREA(#5478);
#5254=SURFACE_STYLE_FILL_AREA(#5479);
#5255=SURFACE_STYLE_FILL_AREA(#5480);
#5256=SURFACE_STYLE_FILL_AREA(#5481);
#5257=SURFACE_STYLE_FILL_AREA(#5482);
#5258=SURFACE_STYLE_FILL_AREA(#5483);
#5259=SURFACE_STYLE_FILL_AREA(#5484);
#5260=SURFACE_STYLE_FILL_AREA(#5485);
#5261=SURFACE_STYLE_FILL_AREA(#5486);
#5262=SURFACE_STYLE_FILL_AREA(#5487);
#5263=SURFACE_STYLE_FILL_AREA(#5488);
#5264=SURFACE_STYLE_FILL_AREA(#5489);
#5265=SURFACE_STYLE_FILL_AREA(#5490);
#5266=SURFACE_STYLE_FILL_AREA(#5491);
#5267=SURFACE_STYLE_FILL_AREA(#5492);
#5268=SURFACE_STYLE_FILL_AREA(#5493);
#5269=SURFACE_STYLE_FILL_AREA(#5494);
#5270=SURFACE_STYLE_FILL_AREA(#5495);
#5271=SURFACE_STYLE_FILL_AREA(#5496);
#5272=SURFACE_STYLE_FILL_AREA(#5497);
#5273=SURFACE_STYLE_FILL_AREA(#5498);
#5274=SURFACE_STYLE_FILL_AREA(#5499);
#5275=SURFACE_STYLE_FILL_AREA(#5500);
#5276=SURFACE_STYLE_FILL_AREA(#5501);
#5277=SURFACE_STYLE_FILL_AREA(#5502);
#5278=SURFACE_STYLE_FILL_AREA(#5503);
#5279=SURFACE_STYLE_FILL_AREA(#5504);
#5280=SURFACE_STYLE_FILL_AREA(#5505);
#5281=SURFACE_STYLE_FILL_AREA(#5506);
#5282=SURFACE_STYLE_FILL_AREA(#5507);
#5283=SURFACE_STYLE_FILL_AREA(#5508);
#5284=SURFACE_STYLE_FILL_AREA(#5509);
#5285=SURFACE_STYLE_FILL_AREA(#5510);
#5286=SURFACE_STYLE_FILL_AREA(#5511);
#5287=SURFACE_STYLE_FILL_AREA(#5512);
#5288=SURFACE_STYLE_FILL_AREA(#5513);
#5289=SURFACE_STYLE_FILL_AREA(#5514);
#5290=SURFACE_STYLE_FILL_AREA(#5515);
#5291=SURFACE_STYLE_FILL_AREA(#5516);
#5292=SURFACE_STYLE_FILL_AREA(#5517);
#5293=SURFACE_STYLE_FILL_AREA(#5518);
#5294=SURFACE_STYLE_FILL_AREA(#5519);
#5295=SURFACE_STYLE_FILL_AREA(#5520);
#5296=SURFACE_STYLE_FILL_AREA(#5521);
#5297=SURFACE_STYLE_FILL_AREA(#5522);
#5298=SURFACE_STYLE_FILL_AREA(#5523);
#5299=SURFACE_STYLE_FILL_AREA(#5524);
#5300=SURFACE_STYLE_FILL_AREA(#5525);
#5301=SURFACE_STYLE_FILL_AREA(#5526);
#5302=SURFACE_STYLE_FILL_AREA(#5527);
#5303=SURFACE_STYLE_FILL_AREA(#5528);
#5304=SURFACE_STYLE_FILL_AREA(#5529);
#5305=SURFACE_STYLE_FILL_AREA(#5530);
#5306=SURFACE_STYLE_FILL_AREA(#5531);
#5307=SURFACE_STYLE_FILL_AREA(#5532);
#5308=SURFACE_STYLE_FILL_AREA(#5533);
#5309=SURFACE_STYLE_FILL_AREA(#5534);
#5310=SURFACE_STYLE_FILL_AREA(#5535);
#5311=SURFACE_STYLE_FILL_AREA(#5536);
#5312=SURFACE_STYLE_FILL_AREA(#5537);
#5313=SURFACE_STYLE_FILL_AREA(#5538);
#5314=SURFACE_STYLE_FILL_AREA(#5539);
#5315=SURFACE_STYLE_FILL_AREA(#5540);
#5316=SURFACE_STYLE_FILL_AREA(#5541);
#5317=SURFACE_STYLE_FILL_AREA(#5542);
#5318=SURFACE_STYLE_FILL_AREA(#5543);
#5319=SURFACE_STYLE_FILL_AREA(#5544);
#5320=SURFACE_STYLE_FILL_AREA(#5545);
#5321=SURFACE_STYLE_FILL_AREA(#5546);
#5322=SURFACE_STYLE_FILL_AREA(#5547);
#5323=SURFACE_STYLE_FILL_AREA(#5548);
#5324=SURFACE_STYLE_FILL_AREA(#5549);
#5325=SURFACE_STYLE_FILL_AREA(#5550);
#5326=SURFACE_STYLE_FILL_AREA(#5551);
#5327=SURFACE_STYLE_FILL_AREA(#5552);
#5328=SURFACE_STYLE_FILL_AREA(#5553);
#5329=SURFACE_STYLE_FILL_AREA(#5554);
#5330=SURFACE_STYLE_FILL_AREA(#5555);
#5331=SURFACE_STYLE_FILL_AREA(#5556);
#5332=SURFACE_STYLE_FILL_AREA(#5557);
#5333=SURFACE_STYLE_FILL_AREA(#5558);
#5334=SURFACE_STYLE_FILL_AREA(#5559);
#5335=SURFACE_STYLE_FILL_AREA(#5560);
#5336=SURFACE_STYLE_FILL_AREA(#5561);
#5337=SURFACE_STYLE_FILL_AREA(#5562);
#5338=SURFACE_STYLE_FILL_AREA(#5563);
#5339=SURFACE_STYLE_FILL_AREA(#5564);
#5340=SURFACE_STYLE_FILL_AREA(#5565);
#5341=SURFACE_STYLE_FILL_AREA(#5566);
#5342=SURFACE_STYLE_FILL_AREA(#5567);
#5343=SURFACE_STYLE_FILL_AREA(#5568);
#5344=SURFACE_STYLE_FILL_AREA(#5569);
#5345=SURFACE_STYLE_FILL_AREA(#5570);
#5346=SURFACE_STYLE_FILL_AREA(#5571);
#5347=SURFACE_STYLE_FILL_AREA(#5572);
#5348=SURFACE_STYLE_FILL_AREA(#5573);
#5349=SURFACE_STYLE_FILL_AREA(#5574);
#5350=SURFACE_STYLE_FILL_AREA(#5575);
#5351=SURFACE_STYLE_FILL_AREA(#5576);
#5352=SURFACE_STYLE_FILL_AREA(#5577);
#5353=SURFACE_STYLE_FILL_AREA(#5578);
#5354=SURFACE_STYLE_FILL_AREA(#5579);
#5355=SURFACE_STYLE_FILL_AREA(#5580);
#5356=SURFACE_STYLE_FILL_AREA(#5581);
#5357=SURFACE_STYLE_FILL_AREA(#5582);
#5358=SURFACE_STYLE_FILL_AREA(#5583);
#5359=SURFACE_STYLE_FILL_AREA(#5584);
#5360=SURFACE_STYLE_FILL_AREA(#5585);
#5361=SURFACE_STYLE_FILL_AREA(#5586);
#5362=SURFACE_STYLE_FILL_AREA(#5587);
#5363=SURFACE_STYLE_FILL_AREA(#5588);
#5364=SURFACE_STYLE_FILL_AREA(#5589);
#5365=SURFACE_STYLE_FILL_AREA(#5590);
#5366=SURFACE_STYLE_FILL_AREA(#5591);
#5367=SURFACE_STYLE_FILL_AREA(#5592);
#5368=SURFACE_STYLE_FILL_AREA(#5593);
#5369=SURFACE_STYLE_FILL_AREA(#5594);
#5370=SURFACE_STYLE_FILL_AREA(#5595);
#5371=SURFACE_STYLE_FILL_AREA(#5596);
#5372=SURFACE_STYLE_FILL_AREA(#5597);
#5373=SURFACE_STYLE_FILL_AREA(#5598);
#5374=SURFACE_STYLE_FILL_AREA(#5599);
#5375=SURFACE_STYLE_FILL_AREA(#5600);
#5376=SURFACE_STYLE_FILL_AREA(#5601);
#5377=SURFACE_STYLE_FILL_AREA(#5602);
#5378=SURFACE_STYLE_FILL_AREA(#5603);
#5379=SURFACE_STYLE_FILL_AREA(#5604);
#5380=SURFACE_STYLE_FILL_AREA(#5605);
#5381=SURFACE_STYLE_FILL_AREA(#5606);
#5382=SURFACE_STYLE_FILL_AREA(#5607);
#5383=SURFACE_STYLE_FILL_AREA(#5608);
#5384=SURFACE_STYLE_FILL_AREA(#5609);
#5385=SURFACE_STYLE_FILL_AREA(#5610);
#5386=SURFACE_STYLE_FILL_AREA(#5611);
#5387=SURFACE_STYLE_FILL_AREA(#5612);
#5388=SURFACE_STYLE_FILL_AREA(#5613);
#5389=SURFACE_STYLE_FILL_AREA(#5614);
#5390=SURFACE_STYLE_FILL_AREA(#5615);
#5391=SURFACE_STYLE_FILL_AREA(#5616);
#5392=SURFACE_STYLE_FILL_AREA(#5617);
#5393=SURFACE_STYLE_FILL_AREA(#5618);
#5394=SURFACE_STYLE_FILL_AREA(#5619);
#5395=SURFACE_STYLE_FILL_AREA(#5620);
#5396=SURFACE_STYLE_FILL_AREA(#5621);
#5397=SURFACE_STYLE_FILL_AREA(#5622);
#5398=SURFACE_STYLE_FILL_AREA(#5623);
#5399=SURFACE_STYLE_FILL_AREA(#5624);
#5400=SURFACE_STYLE_FILL_AREA(#5625);
#5401=SURFACE_STYLE_FILL_AREA(#5626);
#5402=SURFACE_STYLE_FILL_AREA(#5627);
#5403=SURFACE_STYLE_FILL_AREA(#5628);
#5404=SURFACE_STYLE_FILL_AREA(#5629);
#5405=SURFACE_STYLE_FILL_AREA(#5630);
#5406=SURFACE_STYLE_FILL_AREA(#5631);
#5407=SURFACE_STYLE_FILL_AREA(#5632);
#5408=SURFACE_STYLE_FILL_AREA(#5633);
#5409=SURFACE_STYLE_FILL_AREA(#5634);
#5410=SURFACE_STYLE_FILL_AREA(#5635);
#5411=SURFACE_STYLE_FILL_AREA(#5636);
#5412=SURFACE_STYLE_FILL_AREA(#5637);
#5413=SURFACE_STYLE_FILL_AREA(#5638);
#5414=SURFACE_STYLE_FILL_AREA(#5639);
#5415=SURFACE_STYLE_FILL_AREA(#5640);
#5416=SURFACE_STYLE_FILL_AREA(#5641);
#5417=SURFACE_STYLE_FILL_AREA(#5642);
#5418=SURFACE_STYLE_FILL_AREA(#5643);
#5419=SURFACE_STYLE_FILL_AREA(#5644);
#5420=SURFACE_STYLE_FILL_AREA(#5645);
#5421=SURFACE_STYLE_FILL_AREA(#5646);
#5422=SURFACE_STYLE_FILL_AREA(#5647);
#5423=SURFACE_STYLE_FILL_AREA(#5648);
#5424=SURFACE_STYLE_FILL_AREA(#5649);
#5425=SURFACE_STYLE_FILL_AREA(#5650);
#5426=SURFACE_STYLE_FILL_AREA(#5651);
#5427=SURFACE_STYLE_FILL_AREA(#5652);
#5428=SURFACE_STYLE_FILL_AREA(#5653);
#5429=SURFACE_STYLE_FILL_AREA(#5654);
#5430=SURFACE_STYLE_FILL_AREA(#5655);
#5431=SURFACE_STYLE_FILL_AREA(#5656);
#5432=SURFACE_STYLE_FILL_AREA(#5657);
#5433=SURFACE_STYLE_FILL_AREA(#5658);
#5434=SURFACE_STYLE_FILL_AREA(#5659);
#5435=SURFACE_STYLE_FILL_AREA(#5660);
#5436=SURFACE_STYLE_FILL_AREA(#5661);
#5437=SURFACE_STYLE_FILL_AREA(#5662);
#5438=SURFACE_STYLE_FILL_AREA(#5663);
#5439=SURFACE_STYLE_FILL_AREA(#5664);
#5440=SURFACE_STYLE_FILL_AREA(#5665);
#5441=SURFACE_STYLE_FILL_AREA(#5666);
#5442=SURFACE_STYLE_FILL_AREA(#5667);
#5443=SURFACE_STYLE_FILL_AREA(#5668);
#5444=SURFACE_STYLE_FILL_AREA(#5669);
#5445=SURFACE_STYLE_FILL_AREA(#5670);
#5446=SURFACE_STYLE_FILL_AREA(#5671);
#5447=SURFACE_STYLE_FILL_AREA(#5672);
#5448=SURFACE_STYLE_FILL_AREA(#5673);
#5449=SURFACE_STYLE_FILL_AREA(#5674);
#5450=SURFACE_STYLE_FILL_AREA(#5675);
#5451=SURFACE_STYLE_FILL_AREA(#5676);
#5452=SURFACE_STYLE_FILL_AREA(#5677);
#5453=SURFACE_STYLE_FILL_AREA(#5678);
#5454=SURFACE_STYLE_FILL_AREA(#5679);
#5455=SURFACE_STYLE_FILL_AREA(#5680);
#5456=SURFACE_STYLE_FILL_AREA(#5681);
#5457=SURFACE_STYLE_FILL_AREA(#5682);
#5458=FILL_AREA_STYLE('',(#5683));
#5459=FILL_AREA_STYLE('',(#5684));
#5460=FILL_AREA_STYLE('',(#5685));
#5461=FILL_AREA_STYLE('',(#5686));
#5462=FILL_AREA_STYLE('',(#5687));
#5463=FILL_AREA_STYLE('',(#5688));
#5464=FILL_AREA_STYLE('',(#5689));
#5465=FILL_AREA_STYLE('',(#5690));
#5466=FILL_AREA_STYLE('',(#5691));
#5467=FILL_AREA_STYLE('',(#5692));
#5468=FILL_AREA_STYLE('',(#5693));
#5469=FILL_AREA_STYLE('',(#5694));
#5470=FILL_AREA_STYLE('',(#5695));
#5471=FILL_AREA_STYLE('',(#5696));
#5472=FILL_AREA_STYLE('',(#5697));
#5473=FILL_AREA_STYLE('',(#5698));
#5474=FILL_AREA_STYLE('',(#5699));
#5475=FILL_AREA_STYLE('',(#5700));
#5476=FILL_AREA_STYLE('',(#5701));
#5477=FILL_AREA_STYLE('',(#5702));
#5478=FILL_AREA_STYLE('',(#5703));
#5479=FILL_AREA_STYLE('',(#5704));
#5480=FILL_AREA_STYLE('',(#5705));
#5481=FILL_AREA_STYLE('',(#5706));
#5482=FILL_AREA_STYLE('',(#5707));
#5483=FILL_AREA_STYLE('',(#5708));
#5484=FILL_AREA_STYLE('',(#5709));
#5485=FILL_AREA_STYLE('',(#5710));
#5486=FILL_AREA_STYLE('',(#5711));
#5487=FILL_AREA_STYLE('',(#5712));
#5488=FILL_AREA_STYLE('',(#5713));
#5489=FILL_AREA_STYLE('',(#5714));
#5490=FILL_AREA_STYLE('',(#5715));
#5491=FILL_AREA_STYLE('',(#5716));
#5492=FILL_AREA_STYLE('',(#5717));
#5493=FILL_AREA_STYLE('',(#5718));
#5494=FILL_AREA_STYLE('',(#5719));
#5495=FILL_AREA_STYLE('',(#5720));
#5496=FILL_AREA_STYLE('',(#5721));
#5497=FILL_AREA_STYLE('',(#5722));
#5498=FILL_AREA_STYLE('',(#5723));
#5499=FILL_AREA_STYLE('',(#5724));
#5500=FILL_AREA_STYLE('',(#5725));
#5501=FILL_AREA_STYLE('',(#5726));
#5502=FILL_AREA_STYLE('',(#5727));
#5503=FILL_AREA_STYLE('',(#5728));
#5504=FILL_AREA_STYLE('',(#5729));
#5505=FILL_AREA_STYLE('',(#5730));
#5506=FILL_AREA_STYLE('',(#5731));
#5507=FILL_AREA_STYLE('',(#5732));
#5508=FILL_AREA_STYLE('',(#5733));
#5509=FILL_AREA_STYLE('',(#5734));
#5510=FILL_AREA_STYLE('',(#5735));
#5511=FILL_AREA_STYLE('',(#5736));
#5512=FILL_AREA_STYLE('',(#5737));
#5513=FILL_AREA_STYLE('',(#5738));
#5514=FILL_AREA_STYLE('',(#5739));
#5515=FILL_AREA_STYLE('',(#5740));
#5516=FILL_AREA_STYLE('',(#5741));
#5517=FILL_AREA_STYLE('',(#5742));
#5518=FILL_AREA_STYLE('',(#5743));
#5519=FILL_AREA_STYLE('',(#5744));
#5520=FILL_AREA_STYLE('',(#5745));
#5521=FILL_AREA_STYLE('',(#5746));
#5522=FILL_AREA_STYLE('',(#5747));
#5523=FILL_AREA_STYLE('',(#5748));
#5524=FILL_AREA_STYLE('',(#5749));
#5525=FILL_AREA_STYLE('',(#5750));
#5526=FILL_AREA_STYLE('',(#5751));
#5527=FILL_AREA_STYLE('',(#5752));
#5528=FILL_AREA_STYLE('',(#5753));
#5529=FILL_AREA_STYLE('',(#5754));
#5530=FILL_AREA_STYLE('',(#5755));
#5531=FILL_AREA_STYLE('',(#5756));
#5532=FILL_AREA_STYLE('',(#5757));
#5533=FILL_AREA_STYLE('',(#5758));
#5534=FILL_AREA_STYLE('',(#5759));
#5535=FILL_AREA_STYLE('',(#5760));
#5536=FILL_AREA_STYLE('',(#5761));
#5537=FILL_AREA_STYLE('',(#5762));
#5538=FILL_AREA_STYLE('',(#5763));
#5539=FILL_AREA_STYLE('',(#5764));
#5540=FILL_AREA_STYLE('',(#5765));
#5541=FILL_AREA_STYLE('',(#5766));
#5542=FILL_AREA_STYLE('',(#5767));
#5543=FILL_AREA_STYLE('',(#5768));
#5544=FILL_AREA_STYLE('',(#5769));
#5545=FILL_AREA_STYLE('',(#5770));
#5546=FILL_AREA_STYLE('',(#5771));
#5547=FILL_AREA_STYLE('',(#5772));
#5548=FILL_AREA_STYLE('',(#5773));
#5549=FILL_AREA_STYLE('',(#5774));
#5550=FILL_AREA_STYLE('',(#5775));
#5551=FILL_AREA_STYLE('',(#5776));
#5552=FILL_AREA_STYLE('',(#5777));
#5553=FILL_AREA_STYLE('',(#5778));
#5554=FILL_AREA_STYLE('',(#5779));
#5555=FILL_AREA_STYLE('',(#5780));
#5556=FILL_AREA_STYLE('',(#5781));
#5557=FILL_AREA_STYLE('',(#5782));
#5558=FILL_AREA_STYLE('',(#5783));
#5559=FILL_AREA_STYLE('',(#5784));
#5560=FILL_AREA_STYLE('',(#5785));
#5561=FILL_AREA_STYLE('',(#5786));
#5562=FILL_AREA_STYLE('',(#5787));
#5563=FILL_AREA_STYLE('',(#5788));
#5564=FILL_AREA_STYLE('',(#5789));
#5565=FILL_AREA_STYLE('',(#5790));
#5566=FILL_AREA_STYLE('',(#5791));
#5567=FILL_AREA_STYLE('',(#5792));
#5568=FILL_AREA_STYLE('',(#5793));
#5569=FILL_AREA_STYLE('',(#5794));
#5570=FILL_AREA_STYLE('',(#5795));
#5571=FILL_AREA_STYLE('',(#5796));
#5572=FILL_AREA_STYLE('',(#5797));
#5573=FILL_AREA_STYLE('',(#5798));
#5574=FILL_AREA_STYLE('',(#5799));
#5575=FILL_AREA_STYLE('',(#5800));
#5576=FILL_AREA_STYLE('',(#5801));
#5577=FILL_AREA_STYLE('',(#5802));
#5578=FILL_AREA_STYLE('',(#5803));
#5579=FILL_AREA_STYLE('',(#5804));
#5580=FILL_AREA_STYLE('',(#5805));
#5581=FILL_AREA_STYLE('',(#5806));
#5582=FILL_AREA_STYLE('',(#5807));
#5583=FILL_AREA_STYLE('',(#5808));
#5584=FILL_AREA_STYLE('',(#5809));
#5585=FILL_AREA_STYLE('',(#5810));
#5586=FILL_AREA_STYLE('',(#5811));
#5587=FILL_AREA_STYLE('',(#5812));
#5588=FILL_AREA_STYLE('',(#5813));
#5589=FILL_AREA_STYLE('',(#5814));
#5590=FILL_AREA_STYLE('',(#5815));
#5591=FILL_AREA_STYLE('',(#5816));
#5592=FILL_AREA_STYLE('',(#5817));
#5593=FILL_AREA_STYLE('',(#5818));
#5594=FILL_AREA_STYLE('',(#5819));
#5595=FILL_AREA_STYLE('',(#5820));
#5596=FILL_AREA_STYLE('',(#5821));
#5597=FILL_AREA_STYLE('',(#5822));
#5598=FILL_AREA_STYLE('',(#5823));
#5599=FILL_AREA_STYLE('',(#5824));
#5600=FILL_AREA_STYLE('',(#5825));
#5601=FILL_AREA_STYLE('',(#5826));
#5602=FILL_AREA_STYLE('',(#5827));
#5603=FILL_AREA_STYLE('',(#5828));
#5604=FILL_AREA_STYLE('',(#5829));
#5605=FILL_AREA_STYLE('',(#5830));
#5606=FILL_AREA_STYLE('',(#5831));
#5607=FILL_AREA_STYLE('',(#5832));
#5608=FILL_AREA_STYLE('',(#5833));
#5609=FILL_AREA_STYLE('',(#5834));
#5610=FILL_AREA_STYLE('',(#5835));
#5611=FILL_AREA_STYLE('',(#5836));
#5612=FILL_AREA_STYLE('',(#5837));
#5613=FILL_AREA_STYLE('',(#5838));
#5614=FILL_AREA_STYLE('',(#5839));
#5615=FILL_AREA_STYLE('',(#5840));
#5616=FILL_AREA_STYLE('',(#5841));
#5617=FILL_AREA_STYLE('',(#5842));
#5618=FILL_AREA_STYLE('',(#5843));
#5619=FILL_AREA_STYLE('',(#5844));
#5620=FILL_AREA_STYLE('',(#5845));
#5621=FILL_AREA_STYLE('',(#5846));
#5622=FILL_AREA_STYLE('',(#5847));
#5623=FILL_AREA_STYLE('',(#5848));
#5624=FILL_AREA_STYLE('',(#5849));
#5625=FILL_AREA_STYLE('',(#5850));
#5626=FILL_AREA_STYLE('',(#5851));
#5627=FILL_AREA_STYLE('',(#5852));
#5628=FILL_AREA_STYLE('',(#5853));
#5629=FILL_AREA_STYLE('',(#5854));
#5630=FILL_AREA_STYLE('',(#5855));
#5631=FILL_AREA_STYLE('',(#5856));
#5632=FILL_AREA_STYLE('',(#5857));
#5633=FILL_AREA_STYLE('',(#5858));
#5634=FILL_AREA_STYLE('',(#5859));
#5635=FILL_AREA_STYLE('',(#5860));
#5636=FILL_AREA_STYLE('',(#5861));
#5637=FILL_AREA_STYLE('',(#5862));
#5638=FILL_AREA_STYLE('',(#5863));
#5639=FILL_AREA_STYLE('',(#5864));
#5640=FILL_AREA_STYLE('',(#5865));
#5641=FILL_AREA_STYLE('',(#5866));
#5642=FILL_AREA_STYLE('',(#5867));
#5643=FILL_AREA_STYLE('',(#5868));
#5644=FILL_AREA_STYLE('',(#5869));
#5645=FILL_AREA_STYLE('',(#5870));
#5646=FILL_AREA_STYLE('',(#5871));
#5647=FILL_AREA_STYLE('',(#5872));
#5648=FILL_AREA_STYLE('',(#5873));
#5649=FILL_AREA_STYLE('',(#5874));
#5650=FILL_AREA_STYLE('',(#5875));
#5651=FILL_AREA_STYLE('',(#5876));
#5652=FILL_AREA_STYLE('',(#5877));
#5653=FILL_AREA_STYLE('',(#5878));
#5654=FILL_AREA_STYLE('',(#5879));
#5655=FILL_AREA_STYLE('',(#5880));
#5656=FILL_AREA_STYLE('',(#5881));
#5657=FILL_AREA_STYLE('',(#5882));
#5658=FILL_AREA_STYLE('',(#5883));
#5659=FILL_AREA_STYLE('',(#5884));
#5660=FILL_AREA_STYLE('',(#5885));
#5661=FILL_AREA_STYLE('',(#5886));
#5662=FILL_AREA_STYLE('',(#5887));
#5663=FILL_AREA_STYLE('',(#5888));
#5664=FILL_AREA_STYLE('',(#5889));
#5665=FILL_AREA_STYLE('',(#5890));
#5666=FILL_AREA_STYLE('',(#5891));
#5667=FILL_AREA_STYLE('',(#5892));
#5668=FILL_AREA_STYLE('',(#5893));
#5669=FILL_AREA_STYLE('',(#5894));
#5670=FILL_AREA_STYLE('',(#5895));
#5671=FILL_AREA_STYLE('',(#5896));
#5672=FILL_AREA_STYLE('',(#5897));
#5673=FILL_AREA_STYLE('',(#5898));
#5674=FILL_AREA_STYLE('',(#5899));
#5675=FILL_AREA_STYLE('',(#5900));
#5676=FILL_AREA_STYLE('',(#5901));
#5677=FILL_AREA_STYLE('',(#5902));
#5678=FILL_AREA_STYLE('',(#5903));
#5679=FILL_AREA_STYLE('',(#5904));
#5680=FILL_AREA_STYLE('',(#5905));
#5681=FILL_AREA_STYLE('',(#5906));
#5682=FILL_AREA_STYLE('',(#5907));
#5683=FILL_AREA_STYLE_COLOUR('',#5908);
#5684=FILL_AREA_STYLE_COLOUR('',#5908);
#5685=FILL_AREA_STYLE_COLOUR('',#5908);
#5686=FILL_AREA_STYLE_COLOUR('',#5908);
#5687=FILL_AREA_STYLE_COLOUR('',#5908);
#5688=FILL_AREA_STYLE_COLOUR('',#5908);
#5689=FILL_AREA_STYLE_COLOUR('',#5909);
#5690=FILL_AREA_STYLE_COLOUR('',#5908);
#5691=FILL_AREA_STYLE_COLOUR('',#5908);
#5692=FILL_AREA_STYLE_COLOUR('',#5908);
#5693=FILL_AREA_STYLE_COLOUR('',#5908);
#5694=FILL_AREA_STYLE_COLOUR('',#5908);
#5695=FILL_AREA_STYLE_COLOUR('',#5908);
#5696=FILL_AREA_STYLE_COLOUR('',#5908);
#5697=FILL_AREA_STYLE_COLOUR('',#5908);
#5698=FILL_AREA_STYLE_COLOUR('',#5908);
#5699=FILL_AREA_STYLE_COLOUR('',#5908);
#5700=FILL_AREA_STYLE_COLOUR('',#5908);
#5701=FILL_AREA_STYLE_COLOUR('',#5908);
#5702=FILL_AREA_STYLE_COLOUR('',#5908);
#5703=FILL_AREA_STYLE_COLOUR('',#5908);
#5704=FILL_AREA_STYLE_COLOUR('',#5908);
#5705=FILL_AREA_STYLE_COLOUR('',#5908);
#5706=FILL_AREA_STYLE_COLOUR('',#5908);
#5707=FILL_AREA_STYLE_COLOUR('',#5908);
#5708=FILL_AREA_STYLE_COLOUR('',#5908);
#5709=FILL_AREA_STYLE_COLOUR('',#5908);
#5710=FILL_AREA_STYLE_COLOUR('',#5908);
#5711=FILL_AREA_STYLE_COLOUR('',#5908);
#5712=FILL_AREA_STYLE_COLOUR('',#5908);
#5713=FILL_AREA_STYLE_COLOUR('',#5908);
#5714=FILL_AREA_STYLE_COLOUR('',#5908);
#5715=FILL_AREA_STYLE_COLOUR('',#5908);
#5716=FILL_AREA_STYLE_COLOUR('',#5908);
#5717=FILL_AREA_STYLE_COLOUR('',#5908);
#5718=FILL_AREA_STYLE_COLOUR('',#5908);
#5719=FILL_AREA_STYLE_COLOUR('',#5908);
#5720=FILL_AREA_STYLE_COLOUR('',#5908);
#5721=FILL_AREA_STYLE_COLOUR('',#5908);
#5722=FILL_AREA_STYLE_COLOUR('',#5908);
#5723=FILL_AREA_STYLE_COLOUR('',#5908);
#5724=FILL_AREA_STYLE_COLOUR('',#5908);
#5725=FILL_AREA_STYLE_COLOUR('',#5908);
#5726=FILL_AREA_STYLE_COLOUR('',#5908);
#5727=FILL_AREA_STYLE_COLOUR('',#5908);
#5728=FILL_AREA_STYLE_COLOUR('',#5908);
#5729=FILL_AREA_STYLE_COLOUR('',#5908);
#5730=FILL_AREA_STYLE_COLOUR('',#5909);
#5731=FILL_AREA_STYLE_COLOUR('',#5908);
#5732=FILL_AREA_STYLE_COLOUR('',#5908);
#5733=FILL_AREA_STYLE_COLOUR('',#5908);
#5734=FILL_AREA_STYLE_COLOUR('',#5908);
#5735=FILL_AREA_STYLE_COLOUR('',#5908);
#5736=FILL_AREA_STYLE_COLOUR('',#5908);
#5737=FILL_AREA_STYLE_COLOUR('',#5908);
#5738=FILL_AREA_STYLE_COLOUR('',#5908);
#5739=FILL_AREA_STYLE_COLOUR('',#5908);
#5740=FILL_AREA_STYLE_COLOUR('',#5908);
#5741=FILL_AREA_STYLE_COLOUR('',#5908);
#5742=FILL_AREA_STYLE_COLOUR('',#5908);
#5743=FILL_AREA_STYLE_COLOUR('',#5908);
#5744=FILL_AREA_STYLE_COLOUR('',#5908);
#5745=FILL_AREA_STYLE_COLOUR('',#5908);
#5746=FILL_AREA_STYLE_COLOUR('',#5908);
#5747=FILL_AREA_STYLE_COLOUR('',#5908);
#5748=FILL_AREA_STYLE_COLOUR('',#5908);
#5749=FILL_AREA_STYLE_COLOUR('',#5908);
#5750=FILL_AREA_STYLE_COLOUR('',#5908);
#5751=FILL_AREA_STYLE_COLOUR('',#5908);
#5752=FILL_AREA_STYLE_COLOUR('',#5908);
#5753=FILL_AREA_STYLE_COLOUR('',#5908);
#5754=FILL_AREA_STYLE_COLOUR('',#5908);
#5755=FILL_AREA_STYLE_COLOUR('',#5908);
#5756=FILL_AREA_STYLE_COLOUR('',#5908);
#5757=FILL_AREA_STYLE_COLOUR('',#5908);
#5758=FILL_AREA_STYLE_COLOUR('',#5908);
#5759=FILL_AREA_STYLE_COLOUR('',#5908);
#5760=FILL_AREA_STYLE_COLOUR('',#5908);
#5761=FILL_AREA_STYLE_COLOUR('',#5908);
#5762=FILL_AREA_STYLE_COLOUR('',#5908);
#5763=FILL_AREA_STYLE_COLOUR('',#5908);
#5764=FILL_AREA_STYLE_COLOUR('',#5908);
#5765=FILL_AREA_STYLE_COLOUR('',#5908);
#5766=FILL_AREA_STYLE_COLOUR('',#5908);
#5767=FILL_AREA_STYLE_COLOUR('',#5908);
#5768=FILL_AREA_STYLE_COLOUR('',#5908);
#5769=FILL_AREA_STYLE_COLOUR('',#5908);
#5770=FILL_AREA_STYLE_COLOUR('',#5908);
#5771=FILL_AREA_STYLE_COLOUR('',#5909);
#5772=FILL_AREA_STYLE_COLOUR('',#5908);
#5773=FILL_AREA_STYLE_COLOUR('',#5908);
#5774=FILL_AREA_STYLE_COLOUR('',#5908);
#5775=FILL_AREA_STYLE_COLOUR('',#5908);
#5776=FILL_AREA_STYLE_COLOUR('',#5908);
#5777=FILL_AREA_STYLE_COLOUR('',#5908);
#5778=FILL_AREA_STYLE_COLOUR('',#5908);
#5779=FILL_AREA_STYLE_COLOUR('',#5908);
#5780=FILL_AREA_STYLE_COLOUR('',#5908);
#5781=FILL_AREA_STYLE_COLOUR('',#5908);
#5782=FILL_AREA_STYLE_COLOUR('',#5908);
#5783=FILL_AREA_STYLE_COLOUR('',#5908);
#5784=FILL_AREA_STYLE_COLOUR('',#5908);
#5785=FILL_AREA_STYLE_COLOUR('',#5908);
#5786=FILL_AREA_STYLE_COLOUR('',#5908);
#5787=FILL_AREA_STYLE_COLOUR('',#5908);
#5788=FILL_AREA_STYLE_COLOUR('',#5908);
#5789=FILL_AREA_STYLE_COLOUR('',#5908);
#5790=FILL_AREA_STYLE_COLOUR('',#5908);
#5791=FILL_AREA_STYLE_COLOUR('',#5908);
#5792=FILL_AREA_STYLE_COLOUR('',#5908);
#5793=FILL_AREA_STYLE_COLOUR('',#5908);
#5794=FILL_AREA_STYLE_COLOUR('',#5908);
#5795=FILL_AREA_STYLE_COLOUR('',#5908);
#5796=FILL_AREA_STYLE_COLOUR('',#5909);
#5797=FILL_AREA_STYLE_COLOUR('',#5908);
#5798=FILL_AREA_STYLE_COLOUR('',#5908);
#5799=FILL_AREA_STYLE_COLOUR('',#5908);
#5800=FILL_AREA_STYLE_COLOUR('',#5908);
#5801=FILL_AREA_STYLE_COLOUR('',#5908);
#5802=FILL_AREA_STYLE_COLOUR('',#5908);
#5803=FILL_AREA_STYLE_COLOUR('',#5908);
#5804=FILL_AREA_STYLE_COLOUR('',#5908);
#5805=FILL_AREA_STYLE_COLOUR('',#5908);
#5806=FILL_AREA_STYLE_COLOUR('',#5908);
#5807=FILL_AREA_STYLE_COLOUR('',#5908);
#5808=FILL_AREA_STYLE_COLOUR('',#5908);
#5809=FILL_AREA_STYLE_COLOUR('',#5908);
#5810=FILL_AREA_STYLE_COLOUR('',#5908);
#5811=FILL_AREA_STYLE_COLOUR('',#5908);
#5812=FILL_AREA_STYLE_COLOUR('',#5908);
#5813=FILL_AREA_STYLE_COLOUR('',#5908);
#5814=FILL_AREA_STYLE_COLOUR('',#5908);
#5815=FILL_AREA_STYLE_COLOUR('',#5908);
#5816=FILL_AREA_STYLE_COLOUR('',#5908);
#5817=FILL_AREA_STYLE_COLOUR('',#5908);
#5818=FILL_AREA_STYLE_COLOUR('',#5908);
#5819=FILL_AREA_STYLE_COLOUR('',#5908);
#5820=FILL_AREA_STYLE_COLOUR('',#5908);
#5821=FILL_AREA_STYLE_COLOUR('',#5908);
#5822=FILL_AREA_STYLE_COLOUR('',#5908);
#5823=FILL_AREA_STYLE_COLOUR('',#5908);
#5824=FILL_AREA_STYLE_COLOUR('',#5908);
#5825=FILL_AREA_STYLE_COLOUR('',#5908);
#5826=FILL_AREA_STYLE_COLOUR('',#5908);
#5827=FILL_AREA_STYLE_COLOUR('',#5908);
#5828=FILL_AREA_STYLE_COLOUR('',#5908);
#5829=FILL_AREA_STYLE_COLOUR('',#5908);
#5830=FILL_AREA_STYLE_COLOUR('',#5908);
#5831=FILL_AREA_STYLE_COLOUR('',#5908);
#5832=FILL_AREA_STYLE_COLOUR('',#5908);
#5833=FILL_AREA_STYLE_COLOUR('',#5908);
#5834=FILL_AREA_STYLE_COLOUR('',#5908);
#5835=FILL_AREA_STYLE_COLOUR('',#5908);
#5836=FILL_AREA_STYLE_COLOUR('',#5908);
#5837=FILL_AREA_STYLE_COLOUR('',#5908);
#5838=FILL_AREA_STYLE_COLOUR('',#5908);
#5839=FILL_AREA_STYLE_COLOUR('',#5908);
#5840=FILL_AREA_STYLE_COLOUR('',#5908);
#5841=FILL_AREA_STYLE_COLOUR('',#5908);
#5842=FILL_AREA_STYLE_COLOUR('',#5908);
#5843=FILL_AREA_STYLE_COLOUR('',#5908);
#5844=FILL_AREA_STYLE_COLOUR('',#5908);
#5845=FILL_AREA_STYLE_COLOUR('',#5908);
#5846=FILL_AREA_STYLE_COLOUR('',#5908);
#5847=FILL_AREA_STYLE_COLOUR('',#5910);
#5848=FILL_AREA_STYLE_COLOUR('',#5910);
#5849=FILL_AREA_STYLE_COLOUR('',#5910);
#5850=FILL_AREA_STYLE_COLOUR('',#5910);
#5851=FILL_AREA_STYLE_COLOUR('',#5911);
#5852=FILL_AREA_STYLE_COLOUR('',#5911);
#5853=FILL_AREA_STYLE_COLOUR('',#5911);
#5854=FILL_AREA_STYLE_COLOUR('',#5911);
#5855=FILL_AREA_STYLE_COLOUR('',#5911);
#5856=FILL_AREA_STYLE_COLOUR('',#5911);
#5857=FILL_AREA_STYLE_COLOUR('',#5911);
#5858=FILL_AREA_STYLE_COLOUR('',#5911);
#5859=FILL_AREA_STYLE_COLOUR('',#5911);
#5860=FILL_AREA_STYLE_COLOUR('',#5908);
#5861=FILL_AREA_STYLE_COLOUR('',#5908);
#5862=FILL_AREA_STYLE_COLOUR('',#5908);
#5863=FILL_AREA_STYLE_COLOUR('',#5908);
#5864=FILL_AREA_STYLE_COLOUR('',#5908);
#5865=FILL_AREA_STYLE_COLOUR('',#5908);
#5866=FILL_AREA_STYLE_COLOUR('',#5908);
#5867=FILL_AREA_STYLE_COLOUR('',#5908);
#5868=FILL_AREA_STYLE_COLOUR('',#5908);
#5869=FILL_AREA_STYLE_COLOUR('',#5908);
#5870=FILL_AREA_STYLE_COLOUR('',#5908);
#5871=FILL_AREA_STYLE_COLOUR('',#5908);
#5872=FILL_AREA_STYLE_COLOUR('',#5908);
#5873=FILL_AREA_STYLE_COLOUR('',#5908);
#5874=FILL_AREA_STYLE_COLOUR('',#5908);
#5875=FILL_AREA_STYLE_COLOUR('',#5908);
#5876=FILL_AREA_STYLE_COLOUR('',#5908);
#5877=FILL_AREA_STYLE_COLOUR('',#5908);
#5878=FILL_AREA_STYLE_COLOUR('',#5908);
#5879=FILL_AREA_STYLE_COLOUR('',#5908);
#5880=FILL_AREA_STYLE_COLOUR('',#5908);
#5881=FILL_AREA_STYLE_COLOUR('',#5908);
#5882=FILL_AREA_STYLE_COLOUR('',#5908);
#5883=FILL_AREA_STYLE_COLOUR('',#5908);
#5884=FILL_AREA_STYLE_COLOUR('',#5908);
#5885=FILL_AREA_STYLE_COLOUR('',#5908);
#5886=FILL_AREA_STYLE_COLOUR('',#5908);
#5887=FILL_AREA_STYLE_COLOUR('',#5908);
#5888=FILL_AREA_STYLE_COLOUR('',#5908);
#5889=FILL_AREA_STYLE_COLOUR('',#5908);
#5890=FILL_AREA_STYLE_COLOUR('',#5908);
#5891=FILL_AREA_STYLE_COLOUR('',#5908);
#5892=FILL_AREA_STYLE_COLOUR('',#5908);
#5893=FILL_AREA_STYLE_COLOUR('',#5908);
#5894=FILL_AREA_STYLE_COLOUR('',#5908);
#5895=FILL_AREA_STYLE_COLOUR('',#5908);
#5896=FILL_AREA_STYLE_COLOUR('',#5908);
#5897=FILL_AREA_STYLE_COLOUR('',#5908);
#5898=FILL_AREA_STYLE_COLOUR('',#5908);
#5899=FILL_AREA_STYLE_COLOUR('',#5908);
#5900=FILL_AREA_STYLE_COLOUR('',#5908);
#5901=FILL_AREA_STYLE_COLOUR('',#5908);
#5902=FILL_AREA_STYLE_COLOUR('',#5908);
#5903=FILL_AREA_STYLE_COLOUR('',#5908);
#5904=FILL_AREA_STYLE_COLOUR('',#5908);
#5905=FILL_AREA_STYLE_COLOUR('',#5908);
#5906=FILL_AREA_STYLE_COLOUR('',#5908);
#5907=FILL_AREA_STYLE_COLOUR('',#5908);
#5908=COLOUR_RGB('',0.800000011920929,0.666434764862061,0.319999992847443);
#5909=COLOUR_RGB('',0.200000002980232,0.200000002980232,0.200000002980232);
#5910=COLOUR_RGB('',0.18823529779911,0.18823529779911,0.18823529779911);
#5911=COLOUR_RGB('',0.878431379795074,0.815686285495758,0.564705908298492);
#5912=ADVANCED_FACE('',(#4045),#4273,.T.);
#5913=ADVANCED_FACE('',(#4046),#20,.F.);
#5914=ADVANCED_FACE('',(#4047),#21,.F.);
#5915=ADVANCED_FACE('',(#4048),#4274,.T.);
#5916=ADVANCED_FACE('',(#4049),#22,.F.);
#5917=ADVANCED_FACE('',(#4050),#23,.F.);
#5918=ADVANCED_FACE('',(#4051),#24,.F.);
#5919=ADVANCED_FACE('',(#4052),#4275,.T.);
#5920=ADVANCED_FACE('',(#4053),#25,.F.);
#5921=ADVANCED_FACE('',(#4054),#26,.F.);
#5922=ADVANCED_FACE('',(#4055),#4276,.T.);
#5923=ADVANCED_FACE('',(#4056),#27,.F.);
#5924=ADVANCED_FACE('',(#4057),#28,.F.);
#5925=ADVANCED_FACE('',(#4058),#4277,.T.);
#5926=ADVANCED_FACE('',(#4059),#29,.F.);
#5927=ADVANCED_FACE('',(#4060),#30,.F.);
#5928=ADVANCED_FACE('',(#4061),#4278,.T.);
#5929=ADVANCED_FACE('',(#4062),#31,.F.);
#5930=ADVANCED_FACE('',(#4063),#32,.F.);
#5931=ADVANCED_FACE('',(#4064),#4279,.T.);
#5932=ADVANCED_FACE('',(#4065),#33,.F.);
#5933=ADVANCED_FACE('',(#4066),#4280,.T.);
#5934=ADVANCED_FACE('',(#4067),#34,.F.);
#5935=ADVANCED_FACE('',(#4068),#35,.F.);
#5936=ADVANCED_FACE('',(#4069),#4281,.T.);
#5937=ADVANCED_FACE('',(#4070),#36,.F.);
#5938=ADVANCED_FACE('',(#4071),#37,.F.);
#5939=ADVANCED_FACE('',(#4072),#4282,.T.);
#5940=ADVANCED_FACE('',(#4073),#38,.F.);
#5941=ADVANCED_FACE('',(#4074),#39,.F.);
#5942=ADVANCED_FACE('',(#4075),#4283,.T.);
#5943=ADVANCED_FACE('',(#4076),#40,.F.);
#5944=ADVANCED_FACE('',(#4077),#41,.F.);
#5945=ADVANCED_FACE('',(#4078),#4284,.T.);
#5946=ADVANCED_FACE('',(#4079),#42,.F.);
#5947=ADVANCED_FACE('',(#4080),#4285,.T.);
#5948=ADVANCED_FACE('',(#4081),#43,.F.);
#5949=ADVANCED_FACE('',(#4082),#4286,.T.);
#5950=ADVANCED_FACE('',(#4083),#44,.F.);
#5951=ADVANCED_FACE('',(#4084),#45,.F.);
#5952=ADVANCED_FACE('',(#4085),#46,.F.);
#5953=ADVANCED_FACE('',(#4086),#4287,.T.);
#5954=ADVANCED_FACE('',(#4087),#47,.F.);
#5955=ADVANCED_FACE('',(#4088),#48,.F.);
#5956=ADVANCED_FACE('',(#4089),#4288,.T.);
#5957=ADVANCED_FACE('',(#4090),#49,.F.);
#5958=ADVANCED_FACE('',(#4091),#50,.F.);
#5959=ADVANCED_FACE('',(#4092),#51,.F.);
#5960=ADVANCED_FACE('',(#4093),#4289,.T.);
#5961=ADVANCED_FACE('',(#4094),#52,.F.);
#5962=ADVANCED_FACE('',(#4095),#4290,.T.);
#5963=ADVANCED_FACE('',(#4096),#53,.F.);
#5964=ADVANCED_FACE('',(#4097),#54,.F.);
#5965=ADVANCED_FACE('',(#4098),#55,.F.);
#5966=ADVANCED_FACE('',(#4099),#4291,.T.);
#5967=ADVANCED_FACE('',(#4100),#56,.F.);
#5968=ADVANCED_FACE('',(#4101),#57,.F.);
#5969=ADVANCED_FACE('',(#4102),#4292,.T.);
#5970=ADVANCED_FACE('',(#4103),#58,.F.);
#5971=ADVANCED_FACE('',(#4104),#59,.F.);
#5972=ADVANCED_FACE('',(#4105),#4293,.T.);
#5973=ADVANCED_FACE('',(#4106),#60,.F.);
#5974=ADVANCED_FACE('',(#4107),#4294,.T.);
#5975=ADVANCED_FACE('',(#4108),#61,.F.);
#5976=ADVANCED_FACE('',(#4109),#62,.F.);
#5977=ADVANCED_FACE('',(#4110),#63,.F.);
#5978=ADVANCED_FACE('',(#4111),#4295,.T.);
#5979=ADVANCED_FACE('',(#4112),#64,.F.);
#5980=ADVANCED_FACE('',(#4113),#4296,.T.);
#5981=ADVANCED_FACE('',(#4114),#65,.F.);
#5982=ADVANCED_FACE('',(#4115),#66,.F.);
#5983=ADVANCED_FACE('',(#4116),#4297,.T.);
#5984=ADVANCED_FACE('',(#4117),#67,.F.);
#5985=ADVANCED_FACE('',(#4118),#68,.F.);
#5986=ADVANCED_FACE('',(#4119),#4298,.T.);
#5987=ADVANCED_FACE('',(#4120),#69,.F.);
#5988=ADVANCED_FACE('',(#4121),#4299,.T.);
#5989=ADVANCED_FACE('',(#4122),#70,.F.);
#5990=ADVANCED_FACE('',(#4123),#4300,.T.);
#5991=ADVANCED_FACE('',(#4124),#71,.F.);
#5992=ADVANCED_FACE('',(#4125),#72,.F.);
#5993=ADVANCED_FACE('',(#4126),#73,.F.);
#5994=ADVANCED_FACE('',(#4127),#4301,.T.);
#5995=ADVANCED_FACE('',(#4128),#74,.F.);
#5996=ADVANCED_FACE('',(#4129),#75,.F.);
#5997=ADVANCED_FACE('',(#4130),#4302,.T.);
#5998=ADVANCED_FACE('',(#4131),#76,.F.);
#5999=ADVANCED_FACE('',(#4132),#77,.F.);
#6000=ADVANCED_FACE('',(#4133),#78,.F.);
#6001=ADVANCED_FACE('',(#4134),#4303,.T.);
#6002=ADVANCED_FACE('',(#4135),#79,.F.);
#6003=ADVANCED_FACE('',(#4136),#80,.F.);
#6004=ADVANCED_FACE('',(#4137),#4304,.T.);
#6005=ADVANCED_FACE('',(#4138),#81,.F.);
#6006=ADVANCED_FACE('',(#4139),#82,.F.);
#6007=ADVANCED_FACE('',(#4140),#4305,.T.);
#6008=ADVANCED_FACE('',(#4141),#83,.F.);
#6009=ADVANCED_FACE('',(#4142),#4306,.T.);
#6010=ADVANCED_FACE('',(#4143),#84,.F.);
#6011=ADVANCED_FACE('',(#4144),#85,.F.);
#6012=ADVANCED_FACE('',(#4145),#86,.F.);
#6013=ADVANCED_FACE('',(#4146),#4307,.T.);
#6014=ADVANCED_FACE('',(#4147),#87,.F.);
#6015=ADVANCED_FACE('',(#4148),#4308,.T.);
#6016=ADVANCED_FACE('',(#4149),#88,.F.);
#6017=ADVANCED_FACE('',(#4150),#89,.F.);
#6018=ADVANCED_FACE('',(#4151),#90,.F.);
#6019=ADVANCED_FACE('',(#4152),#4309,.T.);
#6020=ADVANCED_FACE('',(#4153),#91,.F.);
#6021=ADVANCED_FACE('',(#4154),#92,.F.);
#6022=ADVANCED_FACE('',(#4155),#4310,.T.);
#6023=ADVANCED_FACE('',(#4156),#93,.F.);
#6024=ADVANCED_FACE('',(#4157),#94,.F.);
#6025=ADVANCED_FACE('',(#4158),#95,.F.);
#6026=ADVANCED_FACE('',(#4159),#4311,.T.);
#6027=ADVANCED_FACE('',(#4160),#96,.F.);
#6028=ADVANCED_FACE('',(#4161),#4312,.T.);
#6029=ADVANCED_FACE('',(#4162),#97,.F.);
#6030=ADVANCED_FACE('',(#4163),#4313,.T.);
#6031=ADVANCED_FACE('',(#4164),#98,.F.);
#6032=ADVANCED_FACE('',(#4165),#99,.F.);
#6033=ADVANCED_FACE('',(#4166),#100,.F.);
#6034=ADVANCED_FACE('',(#4167),#4314,.T.);
#6035=ADVANCED_FACE('',(#4168),#101,.F.);
#6036=ADVANCED_FACE('',(#4169),#102,.F.);
#6037=ADVANCED_FACE('',(#4170),#4315,.T.);
#6038=ADVANCED_FACE('',(#4171),#103,.F.);
#6039=ADVANCED_FACE('',(#4172),#104,.F.);
#6040=ADVANCED_FACE('',(#4173),#4316,.T.);
#6041=ADVANCED_FACE('',(#4174),#105,.F.);
#6042=ADVANCED_FACE('',(#4175),#106,.F.);
#6043=ADVANCED_FACE('',(#4176),#4317,.T.);
#6044=ADVANCED_FACE('',(#4177),#107,.F.);
#6045=ADVANCED_FACE('',(#4178),#4318,.T.);
#6046=ADVANCED_FACE('',(#4179),#108,.F.);
#6047=ADVANCED_FACE('',(#4180),#109,.F.);
#6048=ADVANCED_FACE('',(#4181),#4319,.T.);
#6049=ADVANCED_FACE('',(#4182),#110,.F.);
#6050=ADVANCED_FACE('',(#4183),#111,.F.);
#6051=ADVANCED_FACE('',(#4184),#4320,.T.);
#6052=ADVANCED_FACE('',(#4185),#112,.F.);
#6053=ADVANCED_FACE('',(#4186),#113,.F.);
#6054=ADVANCED_FACE('',(#4187),#4321,.T.);
#6055=ADVANCED_FACE('',(#4188),#114,.F.);
#6056=ADVANCED_FACE('',(#4189),#115,.F.);
#6057=ADVANCED_FACE('',(#4190),#4322,.T.);
#6058=ADVANCED_FACE('',(#4191),#116,.F.);
#6059=ADVANCED_FACE('',(#4192),#117,.F.);
#6060=ADVANCED_FACE('',(#4193),#4323,.T.);
#6061=ADVANCED_FACE('',(#4194),#118,.F.);
#6062=ADVANCED_FACE('',(#4195),#119,.F.);
#6063=ADVANCED_FACE('',(#4196),#4324,.T.);
#6064=ADVANCED_FACE('',(#4197),#120,.F.);
#6065=ADVANCED_FACE('',(#4198),#4325,.T.);
#6066=ADVANCED_FACE('',(#4199),#121,.F.);
#6067=ADVANCED_FACE('',(#4200),#122,.F.);
#6068=ADVANCED_FACE('',(#4201),#4326,.T.);
#6069=ADVANCED_FACE('',(#4202),#123,.F.);
#6070=ADVANCED_FACE('',(#4203),#4327,.T.);
#6071=ADVANCED_FACE('',(#4204),#124,.F.);
#6072=ADVANCED_FACE('',(#4205),#4328,.T.);
#6073=ADVANCED_FACE('',(#4206),#125,.F.);
#6074=ADVANCED_FACE('',(#4207),#126,.F.);
#6075=ADVANCED_FACE('',(#4208),#127,.F.);
#6076=ADVANCED_FACE('',(#4209),#128,.T.);
#6077=ADVANCED_FACE('',(#4210,#4211),#4329,.F.);
#6078=ADVANCED_FACE('',(#4212,#4213),#129,.F.);
#6079=ADVANCED_FACE('',(#4214,#4215),#130,.T.);
#6080=ADVANCED_FACE('',(#4216),#131,.F.);
#6081=ADVANCED_FACE('',(#4217),#132,.F.);
#6082=ADVANCED_FACE('',(#4218),#133,.F.);
#6083=ADVANCED_FACE('',(#4219),#4330,.T.);
#6084=ADVANCED_FACE('',(#4220),#134,.F.);
#6085=ADVANCED_FACE('',(#4221),#4331,.T.);
#6086=ADVANCED_FACE('',(#4222),#135,.F.);
#6087=ADVANCED_FACE('',(#4223),#4332,.T.);
#6088=ADVANCED_FACE('',(#4224),#136,.F.);
#6089=ADVANCED_FACE('',(#4225),#137,.F.);
#6090=ADVANCED_FACE('',(#4226),#138,.T.);
#6091=ADVANCED_FACE('',(#4227),#139,.F.);
#6092=ADVANCED_FACE('',(#4228),#140,.T.);
#6093=ADVANCED_FACE('',(#4229),#141,.F.);
#6094=ADVANCED_FACE('',(#4230),#142,.T.);
#6095=ADVANCED_FACE('',(#4231),#143,.F.);
#6096=ADVANCED_FACE('',(#4232),#144,.T.);
#6097=ADVANCED_FACE('',(#4233),#145,.F.);
#6098=ADVANCED_FACE('',(#4234),#146,.T.);
#6099=ADVANCED_FACE('',(#4235),#147,.F.);
#6100=ADVANCED_FACE('',(#4236),#148,.T.);
#6101=ADVANCED_FACE('',(#4237),#149,.F.);
#6102=ADVANCED_FACE('',(#4238),#150,.T.);
#6103=ADVANCED_FACE('',(#4239),#151,.F.);
#6104=ADVANCED_FACE('',(#4240),#152,.T.);
#6105=ADVANCED_FACE('',(#4241),#153,.F.);
#6106=ADVANCED_FACE('',(#4242),#154,.T.);
#6107=ADVANCED_FACE('',(#4243),#155,.F.);
#6108=ADVANCED_FACE('',(#4244),#156,.T.);
#6109=ADVANCED_FACE('',(#4245),#157,.F.);
#6110=ADVANCED_FACE('',(#4246),#158,.T.);
#6111=ADVANCED_FACE('',(#4247),#159,.F.);
#6112=ADVANCED_FACE('',(#4248),#160,.T.);
#6113=ADVANCED_FACE('',(#4249),#161,.F.);
#6114=ADVANCED_FACE('',(#4250),#162,.T.);
#6115=ADVANCED_FACE('',(#4251),#163,.F.);
#6116=ADVANCED_FACE('',(#4252),#164,.T.);
#6117=ADVANCED_FACE('',(#4253),#165,.F.);
#6118=ADVANCED_FACE('',(#4254),#166,.T.);
#6119=ADVANCED_FACE('',(#4255),#167,.F.);
#6120=ADVANCED_FACE('',(#4256),#168,.T.);
#6121=ADVANCED_FACE('',(#4257),#169,.F.);
#6122=ADVANCED_FACE('',(#4258),#170,.T.);
#6123=ADVANCED_FACE('',(#4259),#171,.F.);
#6124=ADVANCED_FACE('',(#4260),#172,.T.);
#6125=ADVANCED_FACE('',(#4261),#173,.F.);
#6126=ADVANCED_FACE('',(#4262),#174,.T.);
#6127=ADVANCED_FACE('',(#4263),#175,.F.);
#6128=ADVANCED_FACE('',(#4264),#176,.T.);
#6129=ADVANCED_FACE('',(#4265),#177,.F.);
#6130=ADVANCED_FACE('',(#4266),#178,.T.);
#6131=ADVANCED_FACE('',(#4267),#179,.F.);
#6132=ADVANCED_FACE('',(#4268),#180,.T.);
#6133=ADVANCED_FACE('',(#4269),#181,.F.);
#6134=ADVANCED_FACE('',(#4270),#182,.T.);
#6135=ADVANCED_FACE('',(#4271),#183,.F.);
#6136=ADVANCED_FACE('',(#4272),#184,.T.);
#6137=CLOSED_SHELL('',(#5912,#5913,#5914,#5915,#5916,#5917,#5918,#5919,
#5920,#5921,#5922,#5923,#5924,#5925,#5926,#5927,#5928,#5929,#5930,#5931,
#5932,#5933,#5934,#5935,#5936,#5937,#5938,#5939,#5940,#5941,#5942,#5943,
#5944,#5945,#5946,#5947,#5948,#5949,#5950,#5951,#5952,#5953,#5954,#5955,
#5956,#5957,#5958,#5959,#5960,#5961,#5962,#5963,#5964,#5965,#5966,#5967,
#5968,#5969,#5970,#5971,#5972,#5973,#5974,#5975,#5976,#5977,#5978,#5979,
#5980,#5981,#5982,#5983,#5984,#5985,#5986,#5987,#5988,#5989,#5990,#5991,
#5992,#5993,#5994,#5995,#5996,#5997,#5998,#5999,#6000,#6001,#6002,#6003,
#6004,#6005,#6006,#6007,#6008,#6009,#6010,#6011,#6012,#6013,#6014,#6015,
#6016,#6017,#6018,#6019,#6020,#6021,#6022,#6023,#6024,#6025,#6026,#6027,
#6028,#6029,#6030,#6031,#6032,#6033,#6034,#6035,#6036,#6037,#6038,#6039,
#6040,#6041,#6042,#6043,#6044,#6045,#6046,#6047,#6048,#6049,#6050,#6051,
#6052,#6053,#6054,#6055,#6056,#6057,#6058,#6059,#6060,#6061,#6062,#6063,
#6064,#6065,#6066,#6067,#6068,#6069,#6070,#6071,#6072,#6073,#6074,#6075,
#6076,#6077,#6078,#6079,#6080,#6081,#6082,#6083,#6084,#6085,#6086,#6087,
#6088,#6089,#6090,#6091,#6092,#6093,#6094,#6095,#6096,#6097,#6098,#6099,
#6100,#6101,#6102,#6103,#6104,#6105,#6106,#6107,#6108,#6109,#6110,#6111,
#6112,#6113,#6114,#6115,#6116,#6117,#6118,#6119,#6120,#6121,#6122,#6123,
#6124,#6125,#6126,#6127,#6128,#6129,#6130,#6131,#6132,#6133,#6134,#6135,
#6136));
#6138=MANIFOLD_SOLID_BREP('Boss-Extrude2[1]',#6137);
#6139=SHAPE_DEFINITION_REPRESENTATION(#9057,#6140);
#6140=SHAPE_REPRESENTATION('ICM-20948',(#6141),#9052);
#6141=AXIS2_PLACEMENT_3D('',#7721,#6487,#6488);
#6142=AXIS2_PLACEMENT_3D('',#7722,#6489,#6490);
#6143=AXIS2_PLACEMENT_3D('',#7726,#6492,#6493);
#6144=AXIS2_PLACEMENT_3D('',#7730,#6495,#6496);
#6145=AXIS2_PLACEMENT_3D('',#7731,#6497,#6498);
#6146=AXIS2_PLACEMENT_3D('',#7741,#6504,#6505);
#6147=AXIS2_PLACEMENT_3D('',#7754,#6512,#6513);
#6148=AXIS2_PLACEMENT_3D('',#7755,#6514,#6515);
#6149=AXIS2_PLACEMENT_3D('',#7759,#6517,#6518);
#6150=AXIS2_PLACEMENT_3D('',#7760,#6519,#6520);
#6151=AXIS2_PLACEMENT_3D('',#7763,#6523,#6524);
#6152=AXIS2_PLACEMENT_3D('',#7765,#6526,#6527);
#6153=AXIS2_PLACEMENT_3D('',#7816,#6554,#6555);
#6154=AXIS2_PLACEMENT_3D('',#7820,#6557,#6558);
#6155=AXIS2_PLACEMENT_3D('',#7824,#6560,#6561);
#6156=AXIS2_PLACEMENT_3D('',#7825,#6562,#6563);
#6157=AXIS2_PLACEMENT_3D('',#7832,#6568,#6569);
#6158=AXIS2_PLACEMENT_3D('',#7842,#6575,#6576);
#6159=AXIS2_PLACEMENT_3D('',#7843,#6577,#6578);
#6160=AXIS2_PLACEMENT_3D('',#7847,#6580,#6581);
#6161=AXIS2_PLACEMENT_3D('',#7848,#6582,#6583);
#6162=AXIS2_PLACEMENT_3D('',#7851,#6586,#6587);
#6163=AXIS2_PLACEMENT_3D('',#7853,#6589,#6590);
#6164=AXIS2_PLACEMENT_3D('',#7857,#6592,#6593);
#6165=AXIS2_PLACEMENT_3D('',#7861,#6595,#6596);
#6166=AXIS2_PLACEMENT_3D('',#7862,#6597,#6598);
#6167=AXIS2_PLACEMENT_3D('',#7869,#6603,#6604);
#6168=AXIS2_PLACEMENT_3D('',#7879,#6610,#6611);
#6169=AXIS2_PLACEMENT_3D('',#7880,#6612,#6613);
#6170=AXIS2_PLACEMENT_3D('',#7884,#6615,#6616);
#6171=AXIS2_PLACEMENT_3D('',#7885,#6617,#6618);
#6172=AXIS2_PLACEMENT_3D('',#7888,#6621,#6622);
#6173=AXIS2_PLACEMENT_3D('',#7890,#6624,#6625);
#6174=AXIS2_PLACEMENT_3D('',#7894,#6627,#6628);
#6175=AXIS2_PLACEMENT_3D('',#7898,#6630,#6631);
#6176=AXIS2_PLACEMENT_3D('',#7899,#6632,#6633);
#6177=AXIS2_PLACEMENT_3D('',#7905,#6637,#6638);
#6178=AXIS2_PLACEMENT_3D('',#7906,#6639,#6640);
#6179=AXIS2_PLACEMENT_3D('',#7910,#6642,#6643);
#6180=AXIS2_PLACEMENT_3D('',#7911,#6644,#6645);
#6181=AXIS2_PLACEMENT_3D('',#7918,#6650,#6651);
#6182=AXIS2_PLACEMENT_3D('',#7928,#6657,#6658);
#6183=AXIS2_PLACEMENT_3D('',#7929,#6659,#6660);
#6184=AXIS2_PLACEMENT_3D('',#7933,#6662,#6663);
#6185=AXIS2_PLACEMENT_3D('',#7934,#6664,#6665);
#6186=AXIS2_PLACEMENT_3D('',#7937,#6668,#6669);
#6187=AXIS2_PLACEMENT_3D('',#7939,#6671,#6672);
#6188=AXIS2_PLACEMENT_3D('',#7943,#6674,#6675);
#6189=AXIS2_PLACEMENT_3D('',#7947,#6677,#6678);
#6190=AXIS2_PLACEMENT_3D('',#7948,#6679,#6680);
#6191=AXIS2_PLACEMENT_3D('',#7955,#6685,#6686);
#6192=AXIS2_PLACEMENT_3D('',#7965,#6692,#6693);
#6193=AXIS2_PLACEMENT_3D('',#7966,#6694,#6695);
#6194=AXIS2_PLACEMENT_3D('',#7970,#6697,#6698);
#6195=AXIS2_PLACEMENT_3D('',#7971,#6699,#6700);
#6196=AXIS2_PLACEMENT_3D('',#7974,#6703,#6704);
#6197=AXIS2_PLACEMENT_3D('',#7976,#6706,#6707);
#6198=AXIS2_PLACEMENT_3D('',#7980,#6709,#6710);
#6199=AXIS2_PLACEMENT_3D('',#7984,#6712,#6713);
#6200=AXIS2_PLACEMENT_3D('',#7985,#6714,#6715);
#6201=AXIS2_PLACEMENT_3D('',#7991,#6719,#6720);
#6202=AXIS2_PLACEMENT_3D('',#7992,#6721,#6722);
#6203=AXIS2_PLACEMENT_3D('',#7996,#6724,#6725);
#6204=AXIS2_PLACEMENT_3D('',#7997,#6726,#6727);
#6205=AXIS2_PLACEMENT_3D('',#8003,#6731,#6732);
#6206=AXIS2_PLACEMENT_3D('',#8004,#6733,#6734);
#6207=AXIS2_PLACEMENT_3D('',#8008,#6736,#6737);
#6208=AXIS2_PLACEMENT_3D('',#8009,#6738,#6739);
#6209=AXIS2_PLACEMENT_3D('',#8016,#6744,#6745);
#6210=AXIS2_PLACEMENT_3D('',#8023,#6750,#6751);
#6211=AXIS2_PLACEMENT_3D('',#8025,#6753,#6754);
#6212=AXIS2_PLACEMENT_3D('',#8029,#6756,#6757);
#6213=AXIS2_PLACEMENT_3D('',#8033,#6759,#6760);
#6214=AXIS2_PLACEMENT_3D('',#8034,#6761,#6762);
#6215=AXIS2_PLACEMENT_3D('',#8044,#6768,#6769);
#6216=AXIS2_PLACEMENT_3D('',#8057,#6776,#6777);
#6217=AXIS2_PLACEMENT_3D('',#8058,#6778,#6779);
#6218=AXIS2_PLACEMENT_3D('',#8062,#6781,#6782);
#6219=AXIS2_PLACEMENT_3D('',#8063,#6783,#6784);
#6220=AXIS2_PLACEMENT_3D('',#8066,#6787,#6788);
#6221=AXIS2_PLACEMENT_3D('',#8068,#6790,#6791);
#6222=AXIS2_PLACEMENT_3D('',#8116,#6817,#6818);
#6223=AXIS2_PLACEMENT_3D('',#8120,#6820,#6821);
#6224=AXIS2_PLACEMENT_3D('',#8124,#6823,#6824);
#6225=AXIS2_PLACEMENT_3D('',#8125,#6825,#6826);
#6226=AXIS2_PLACEMENT_3D('',#8131,#6830,#6831);
#6227=AXIS2_PLACEMENT_3D('',#8132,#6832,#6833);
#6228=AXIS2_PLACEMENT_3D('',#8136,#6835,#6836);
#6229=AXIS2_PLACEMENT_3D('',#8137,#6837,#6838);
#6230=AXIS2_PLACEMENT_3D('',#8144,#6843,#6844);
#6231=AXIS2_PLACEMENT_3D('',#8151,#6849,#6850);
#6232=AXIS2_PLACEMENT_3D('',#8153,#6852,#6853);
#6233=AXIS2_PLACEMENT_3D('',#8157,#6855,#6856);
#6234=AXIS2_PLACEMENT_3D('',#8161,#6858,#6859);
#6235=AXIS2_PLACEMENT_3D('',#8162,#6860,#6861);
#6236=AXIS2_PLACEMENT_3D('',#8169,#6866,#6867);
#6237=AXIS2_PLACEMENT_3D('',#8179,#6873,#6874);
#6238=AXIS2_PLACEMENT_3D('',#8180,#6875,#6876);
#6239=AXIS2_PLACEMENT_3D('',#8184,#6878,#6879);
#6240=AXIS2_PLACEMENT_3D('',#8185,#6880,#6881);
#6241=AXIS2_PLACEMENT_3D('',#8188,#6884,#6885);
#6242=AXIS2_PLACEMENT_3D('',#8190,#6887,#6888);
#6243=AXIS2_PLACEMENT_3D('',#8194,#6890,#6891);
#6244=AXIS2_PLACEMENT_3D('',#8198,#6893,#6894);
#6245=AXIS2_PLACEMENT_3D('',#8199,#6895,#6896);
#6246=AXIS2_PLACEMENT_3D('',#8205,#6900,#6901);
#6247=AXIS2_PLACEMENT_3D('',#8206,#6902,#6903);
#6248=AXIS2_PLACEMENT_3D('',#8210,#6905,#6906);
#6249=AXIS2_PLACEMENT_3D('',#8211,#6907,#6908);
#6250=AXIS2_PLACEMENT_3D('',#8218,#6913,#6914);
#6251=AXIS2_PLACEMENT_3D('',#8225,#6919,#6920);
#6252=AXIS2_PLACEMENT_3D('',#8227,#6922,#6923);
#6253=AXIS2_PLACEMENT_3D('',#8231,#6925,#6926);
#6254=AXIS2_PLACEMENT_3D('',#8235,#6928,#6929);
#6255=AXIS2_PLACEMENT_3D('',#8236,#6930,#6931);
#6256=AXIS2_PLACEMENT_3D('',#8242,#6935,#6936);
#6257=AXIS2_PLACEMENT_3D('',#8243,#6937,#6938);
#6258=AXIS2_PLACEMENT_3D('',#8247,#6940,#6941);
#6259=AXIS2_PLACEMENT_3D('',#8248,#6942,#6943);
#6260=AXIS2_PLACEMENT_3D('',#8255,#6948,#6949);
#6261=AXIS2_PLACEMENT_3D('',#8265,#6955,#6956);
#6262=AXIS2_PLACEMENT_3D('',#8266,#6957,#6958);
#6263=AXIS2_PLACEMENT_3D('',#8270,#6960,#6961);
#6264=AXIS2_PLACEMENT_3D('',#8271,#6962,#6963);
#6265=AXIS2_PLACEMENT_3D('',#8274,#6966,#6967);
#6266=AXIS2_PLACEMENT_3D('',#8276,#6969,#6970);
#6267=AXIS2_PLACEMENT_3D('',#8280,#6972,#6973);
#6268=AXIS2_PLACEMENT_3D('',#8284,#6975,#6976);
#6269=AXIS2_PLACEMENT_3D('',#8285,#6977,#6978);
#6270=AXIS2_PLACEMENT_3D('',#8291,#6982,#6983);
#6271=AXIS2_PLACEMENT_3D('',#8292,#6984,#6985);
#6272=AXIS2_PLACEMENT_3D('',#8296,#6987,#6988);
#6273=AXIS2_PLACEMENT_3D('',#8297,#6989,#6990);
#6274=AXIS2_PLACEMENT_3D('',#8303,#6994,#6995);
#6275=AXIS2_PLACEMENT_3D('',#8304,#6996,#6997);
#6276=AXIS2_PLACEMENT_3D('',#8308,#6999,#7000);
#6277=AXIS2_PLACEMENT_3D('',#8309,#7001,#7002);
#6278=AXIS2_PLACEMENT_3D('',#8316,#7007,#7008);
#6279=AXIS2_PLACEMENT_3D('',#8323,#7013,#7014);
#6280=AXIS2_PLACEMENT_3D('',#8325,#7016,#7017);
#6281=AXIS2_PLACEMENT_3D('',#8329,#7019,#7020);
#6282=AXIS2_PLACEMENT_3D('',#8333,#7022,#7023);
#6283=AXIS2_PLACEMENT_3D('',#8334,#7024,#7025);
#6284=AXIS2_PLACEMENT_3D('',#8344,#7031,#7032);
#6285=AXIS2_PLACEMENT_3D('',#8357,#7039,#7040);
#6286=AXIS2_PLACEMENT_3D('',#8358,#7041,#7042);
#6287=AXIS2_PLACEMENT_3D('',#8362,#7044,#7045);
#6288=AXIS2_PLACEMENT_3D('',#8363,#7046,#7047);
#6289=AXIS2_PLACEMENT_3D('',#8366,#7050,#7051);
#6290=AXIS2_PLACEMENT_3D('',#8368,#7053,#7054);
#6291=AXIS2_PLACEMENT_3D('',#8416,#7080,#7081);
#6292=AXIS2_PLACEMENT_3D('',#8420,#7083,#7084);
#6293=AXIS2_PLACEMENT_3D('',#8424,#7086,#7087);
#6294=AXIS2_PLACEMENT_3D('',#8425,#7088,#7089);
#6295=AXIS2_PLACEMENT_3D('',#8432,#7094,#7095);
#6296=AXIS2_PLACEMENT_3D('',#8442,#7101,#7102);
#6297=AXIS2_PLACEMENT_3D('',#8443,#7103,#7104);
#6298=AXIS2_PLACEMENT_3D('',#8447,#7106,#7107);
#6299=AXIS2_PLACEMENT_3D('',#8448,#7108,#7109);
#6300=AXIS2_PLACEMENT_3D('',#8451,#7112,#7113);
#6301=AXIS2_PLACEMENT_3D('',#8453,#7115,#7116);
#6302=AXIS2_PLACEMENT_3D('',#8457,#7118,#7119);
#6303=AXIS2_PLACEMENT_3D('',#8461,#7121,#7122);
#6304=AXIS2_PLACEMENT_3D('',#8462,#7123,#7124);
#6305=AXIS2_PLACEMENT_3D('',#8468,#7128,#7129);
#6306=AXIS2_PLACEMENT_3D('',#8469,#7130,#7131);
#6307=AXIS2_PLACEMENT_3D('',#8473,#7133,#7134);
#6308=AXIS2_PLACEMENT_3D('',#8474,#7135,#7136);
#6309=AXIS2_PLACEMENT_3D('',#8481,#7141,#7142);
#6310=AXIS2_PLACEMENT_3D('',#8488,#7147,#7148);
#6311=AXIS2_PLACEMENT_3D('',#8490,#7150,#7151);
#6312=AXIS2_PLACEMENT_3D('',#8494,#7153,#7154);
#6313=AXIS2_PLACEMENT_3D('',#8498,#7156,#7157);
#6314=AXIS2_PLACEMENT_3D('',#8499,#7158,#7159);
#6315=AXIS2_PLACEMENT_3D('',#8505,#7163,#7164);
#6316=AXIS2_PLACEMENT_3D('',#8506,#7165,#7166);
#6317=AXIS2_PLACEMENT_3D('',#8510,#7168,#7169);
#6318=AXIS2_PLACEMENT_3D('',#8511,#7170,#7171);
#6319=AXIS2_PLACEMENT_3D('',#8518,#7176,#7177);
#6320=AXIS2_PLACEMENT_3D('',#8525,#7182,#7183);
#6321=AXIS2_PLACEMENT_3D('',#8527,#7185,#7186);
#6322=AXIS2_PLACEMENT_3D('',#8531,#7188,#7189);
#6323=AXIS2_PLACEMENT_3D('',#8535,#7191,#7192);
#6324=AXIS2_PLACEMENT_3D('',#8536,#7193,#7194);
#6325=AXIS2_PLACEMENT_3D('',#8546,#7200,#7201);
#6326=AXIS2_PLACEMENT_3D('',#8559,#7208,#7209);
#6327=AXIS2_PLACEMENT_3D('',#8560,#7210,#7211);
#6328=AXIS2_PLACEMENT_3D('',#8564,#7213,#7214);
#6329=AXIS2_PLACEMENT_3D('',#8565,#7215,#7216);
#6330=AXIS2_PLACEMENT_3D('',#8568,#7219,#7220);
#6331=AXIS2_PLACEMENT_3D('',#8570,#7222,#7223);
#6332=AXIS2_PLACEMENT_3D('',#8615,#7248,#7249);
#6333=AXIS2_PLACEMENT_3D('',#8619,#7251,#7252);
#6334=AXIS2_PLACEMENT_3D('',#8623,#7254,#7255);
#6335=AXIS2_PLACEMENT_3D('',#8624,#7256,#7257);
#6336=AXIS2_PLACEMENT_3D('',#8630,#7261,#7262);
#6337=AXIS2_PLACEMENT_3D('',#8631,#7263,#7264);
#6338=AXIS2_PLACEMENT_3D('',#8635,#7266,#7267);
#6339=AXIS2_PLACEMENT_3D('',#8636,#7268,#7269);
#6340=AXIS2_PLACEMENT_3D('',#8642,#7273,#7274);
#6341=AXIS2_PLACEMENT_3D('',#8643,#7275,#7276);
#6342=AXIS2_PLACEMENT_3D('',#8647,#7278,#7279);
#6343=AXIS2_PLACEMENT_3D('',#8648,#7280,#7281);
#6344=AXIS2_PLACEMENT_3D('',#8655,#7286,#7287);
#6345=AXIS2_PLACEMENT_3D('',#8662,#7292,#7293);
#6346=AXIS2_PLACEMENT_3D('',#8664,#7295,#7296);
#6347=AXIS2_PLACEMENT_3D('',#8668,#7298,#7299);
#6348=AXIS2_PLACEMENT_3D('',#8672,#7301,#7302);
#6349=AXIS2_PLACEMENT_3D('',#8673,#7303,#7304);
#6350=AXIS2_PLACEMENT_3D('',#8680,#7309,#7310);
#6351=AXIS2_PLACEMENT_3D('',#8690,#7316,#7317);
#6352=AXIS2_PLACEMENT_3D('',#8691,#7318,#7319);
#6353=AXIS2_PLACEMENT_3D('',#8695,#7321,#7322);
#6354=AXIS2_PLACEMENT_3D('',#8696,#7323,#7324);
#6355=AXIS2_PLACEMENT_3D('',#8699,#7327,#7328);
#6356=AXIS2_PLACEMENT_3D('',#8701,#7330,#7331);
#6357=AXIS2_PLACEMENT_3D('',#8705,#7333,#7334);
#6358=AXIS2_PLACEMENT_3D('',#8709,#7336,#7337);
#6359=AXIS2_PLACEMENT_3D('',#8710,#7338,#7339);
#6360=AXIS2_PLACEMENT_3D('',#8717,#7344,#7345);
#6361=AXIS2_PLACEMENT_3D('',#8727,#7351,#7352);
#6362=AXIS2_PLACEMENT_3D('',#8728,#7353,#7354);
#6363=AXIS2_PLACEMENT_3D('',#8732,#7356,#7357);
#6364=AXIS2_PLACEMENT_3D('',#8733,#7358,#7359);
#6365=AXIS2_PLACEMENT_3D('',#8739,#7363,#7364);
#6366=AXIS2_PLACEMENT_3D('',#8740,#7365,#7366);
#6367=AXIS2_PLACEMENT_3D('',#8744,#7368,#7369);
#6368=AXIS2_PLACEMENT_3D('',#8745,#7370,#7371);
#6369=AXIS2_PLACEMENT_3D('',#8748,#7374,#7375);
#6370=AXIS2_PLACEMENT_3D('',#8750,#7377,#7378);
#6371=AXIS2_PLACEMENT_3D('',#8754,#7380,#7381);
#6372=AXIS2_PLACEMENT_3D('',#8758,#7383,#7384);
#6373=AXIS2_PLACEMENT_3D('',#8759,#7385,#7386);
#6374=AXIS2_PLACEMENT_3D('',#8766,#7391,#7392);
#6375=AXIS2_PLACEMENT_3D('',#8776,#7398,#7399);
#6376=AXIS2_PLACEMENT_3D('',#8777,#7400,#7401);
#6377=AXIS2_PLACEMENT_3D('',#8781,#7403,#7404);
#6378=AXIS2_PLACEMENT_3D('',#8782,#7405,#7406);
#6379=AXIS2_PLACEMENT_3D('',#8785,#7409,#7410);
#6380=AXIS2_PLACEMENT_3D('',#8787,#7412,#7413);
#6381=AXIS2_PLACEMENT_3D('',#8791,#7415,#7416);
#6382=AXIS2_PLACEMENT_3D('',#8795,#7418,#7419);
#6383=AXIS2_PLACEMENT_3D('',#8796,#7420,#7421);
#6384=AXIS2_PLACEMENT_3D('',#8803,#7426,#7427);
#6385=AXIS2_PLACEMENT_3D('',#8813,#7433,#7434);
#6386=AXIS2_PLACEMENT_3D('',#8814,#7435,#7436);
#6387=AXIS2_PLACEMENT_3D('',#8818,#7438,#7439);
#6388=AXIS2_PLACEMENT_3D('',#8819,#7440,#7441);
#6389=AXIS2_PLACEMENT_3D('',#8822,#7444,#7445);
#6390=AXIS2_PLACEMENT_3D('',#8824,#7447,#7448);
#6391=AXIS2_PLACEMENT_3D('',#8828,#7450,#7451);
#6392=AXIS2_PLACEMENT_3D('',#8832,#7453,#7454);
#6393=AXIS2_PLACEMENT_3D('',#8833,#7455,#7456);
#6394=AXIS2_PLACEMENT_3D('',#8840,#7461,#7462);
#6395=AXIS2_PLACEMENT_3D('',#8850,#7468,#7469);
#6396=AXIS2_PLACEMENT_3D('',#8851,#7470,#7471);
#6397=AXIS2_PLACEMENT_3D('',#8855,#7473,#7474);
#6398=AXIS2_PLACEMENT_3D('',#8856,#7475,#7476);
#6399=AXIS2_PLACEMENT_3D('',#8862,#7480,#7481);
#6400=AXIS2_PLACEMENT_3D('',#8863,#7482,#7483);
#6401=AXIS2_PLACEMENT_3D('',#8867,#7485,#7486);
#6402=AXIS2_PLACEMENT_3D('',#8868,#7487,#7488);
#6403=AXIS2_PLACEMENT_3D('',#8871,#7491,#7492);
#6404=AXIS2_PLACEMENT_3D('',#8873,#7494,#7495);
#6405=AXIS2_PLACEMENT_3D('',#8877,#7497,#7498);
#6406=AXIS2_PLACEMENT_3D('',#8881,#7500,#7501);
#6407=AXIS2_PLACEMENT_3D('',#8882,#7502,#7503);
#6408=AXIS2_PLACEMENT_3D('',#8888,#7507,#7508);
#6409=AXIS2_PLACEMENT_3D('',#8889,#7509,#7510);
#6410=AXIS2_PLACEMENT_3D('',#8893,#7512,#7513);
#6411=AXIS2_PLACEMENT_3D('',#8894,#7514,#7515);
#6412=AXIS2_PLACEMENT_3D('',#8900,#7519,#7520);
#6413=AXIS2_PLACEMENT_3D('',#8901,#7521,#7522);
#6414=AXIS2_PLACEMENT_3D('',#8905,#7524,#7525);
#6415=AXIS2_PLACEMENT_3D('',#8906,#7526,#7527);
#6416=AXIS2_PLACEMENT_3D('',#8913,#7532,#7533);
#6417=AXIS2_PLACEMENT_3D('',#8920,#7538,#7539);
#6418=AXIS2_PLACEMENT_3D('',#8922,#7541,#7542);
#6419=AXIS2_PLACEMENT_3D('',#8923,#7543,#7544);
#6420=AXIS2_PLACEMENT_3D('',#8925,#7545,#7546);
#6421=AXIS2_PLACEMENT_3D('',#8926,#7547,#7548);
#6422=AXIS2_PLACEMENT_3D('',#8928,#7549,#7550);
#6423=AXIS2_PLACEMENT_3D('',#8932,#7552,#7553);
#6424=AXIS2_PLACEMENT_3D('',#8936,#7555,#7556);
#6425=AXIS2_PLACEMENT_3D('',#8940,#7558,#7559);
#6426=AXIS2_PLACEMENT_3D('',#8945,#7562,#7563);
#6427=AXIS2_PLACEMENT_3D('',#8946,#7564,#7565);
#6428=AXIS2_PLACEMENT_3D('',#8952,#7569,#7570);
#6429=AXIS2_PLACEMENT_3D('',#8956,#7573,#7574);
#6430=AXIS2_PLACEMENT_3D('',#8960,#7577,#7578);
#6431=AXIS2_PLACEMENT_3D('',#8963,#7580,#7581);
#6432=AXIS2_PLACEMENT_3D('',#8964,#7582,#7583);
#6433=AXIS2_PLACEMENT_3D('',#8968,#7586,#7587);
#6434=AXIS2_PLACEMENT_3D('',#8971,#7589,#7590);
#6435=AXIS2_PLACEMENT_3D('',#8972,#7591,#7592);
#6436=AXIS2_PLACEMENT_3D('',#8976,#7595,#7596);
#6437=AXIS2_PLACEMENT_3D('',#8977,#7597,#7598);
#6438=AXIS2_PLACEMENT_3D('',#8978,#7599,#7600);
#6439=AXIS2_PLACEMENT_3D('',#8979,#7601,#7602);
#6440=AXIS2_PLACEMENT_3D('',#8981,#7604,#7605);
#6441=AXIS2_PLACEMENT_3D('',#8982,#7606,#7607);
#6442=AXIS2_PLACEMENT_3D('',#8984,#7609,#7610);
#6443=AXIS2_PLACEMENT_3D('',#8985,#7611,#7612);
#6444=AXIS2_PLACEMENT_3D('',#8987,#7614,#7615);
#6445=AXIS2_PLACEMENT_3D('',#8988,#7616,#7617);
#6446=AXIS2_PLACEMENT_3D('',#8990,#7619,#7620);
#6447=AXIS2_PLACEMENT_3D('',#8991,#7621,#7622);
#6448=AXIS2_PLACEMENT_3D('',#8993,#7624,#7625);
#6449=AXIS2_PLACEMENT_3D('',#8994,#7626,#7627);
#6450=AXIS2_PLACEMENT_3D('',#8996,#7629,#7630);
#6451=AXIS2_PLACEMENT_3D('',#8997,#7631,#7632);
#6452=AXIS2_PLACEMENT_3D('',#8999,#7634,#7635);
#6453=AXIS2_PLACEMENT_3D('',#9000,#7636,#7637);
#6454=AXIS2_PLACEMENT_3D('',#9002,#7639,#7640);
#6455=AXIS2_PLACEMENT_3D('',#9003,#7641,#7642);
#6456=AXIS2_PLACEMENT_3D('',#9005,#7644,#7645);
#6457=AXIS2_PLACEMENT_3D('',#9006,#7646,#7647);
#6458=AXIS2_PLACEMENT_3D('',#9008,#7649,#7650);
#6459=AXIS2_PLACEMENT_3D('',#9009,#7651,#7652);
#6460=AXIS2_PLACEMENT_3D('',#9011,#7654,#7655);
#6461=AXIS2_PLACEMENT_3D('',#9012,#7656,#7657);
#6462=AXIS2_PLACEMENT_3D('',#9014,#7659,#7660);
#6463=AXIS2_PLACEMENT_3D('',#9015,#7661,#7662);
#6464=AXIS2_PLACEMENT_3D('',#9017,#7664,#7665);
#6465=AXIS2_PLACEMENT_3D('',#9018,#7666,#7667);
#6466=AXIS2_PLACEMENT_3D('',#9020,#7669,#7670);
#6467=AXIS2_PLACEMENT_3D('',#9021,#7671,#7672);
#6468=AXIS2_PLACEMENT_3D('',#9023,#7674,#7675);
#6469=AXIS2_PLACEMENT_3D('',#9024,#7676,#7677);
#6470=AXIS2_PLACEMENT_3D('',#9026,#7679,#7680);
#6471=AXIS2_PLACEMENT_3D('',#9027,#7681,#7682);
#6472=AXIS2_PLACEMENT_3D('',#9029,#7684,#7685);
#6473=AXIS2_PLACEMENT_3D('',#9030,#7686,#7687);
#6474=AXIS2_PLACEMENT_3D('',#9032,#7689,#7690);
#6475=AXIS2_PLACEMENT_3D('',#9033,#7691,#7692);
#6476=AXIS2_PLACEMENT_3D('',#9035,#7694,#7695);
#6477=AXIS2_PLACEMENT_3D('',#9036,#7696,#7697);
#6478=AXIS2_PLACEMENT_3D('',#9038,#7699,#7700);
#6479=AXIS2_PLACEMENT_3D('',#9039,#7701,#7702);
#6480=AXIS2_PLACEMENT_3D('',#9041,#7704,#7705);
#6481=AXIS2_PLACEMENT_3D('',#9042,#7706,#7707);
#6482=AXIS2_PLACEMENT_3D('',#9044,#7709,#7710);
#6483=AXIS2_PLACEMENT_3D('',#9045,#7711,#7712);
#6484=AXIS2_PLACEMENT_3D('',#9047,#7714,#7715);
#6485=AXIS2_PLACEMENT_3D('',#9048,#7716,#7717);
#6486=AXIS2_PLACEMENT_3D('',#9050,#7719,#7720);
#6487=DIRECTION('',(0.,0.,1.));
#6488=DIRECTION('',(1.,0.,0.));
#6489=DIRECTION('',(0.,0.,1.));
#6490=DIRECTION('',(0.,-1.,0.));
#6491=DIRECTION('',(0.,0.,1.));
#6492=DIRECTION('',(0.,0.,-1.));
#6493=DIRECTION('',(0.,1.,0.));
#6494=DIRECTION('',(0.,0.,1.));
#6495=DIRECTION('',(0.,0.,1.));
#6496=DIRECTION('',(0.,-1.,0.));
#6497=DIRECTION('',(-1.,0.,0.));
#6498=DIRECTION('',(0.,-1.,0.));
#6499=DIRECTION('',(0.,-1.,0.));
#6500=DIRECTION('',(0.,0.,-1.));
#6501=DIRECTION('',(-1.0842021724855E-15,1.,0.));
#6502=DIRECTION('',(0.,0.,-1.));
#6503=DIRECTION('',(0.,1.,0.));
#6504=DIRECTION('',(1.,0.,0.));
#6505=DIRECTION('',(0.,1.,0.));
#6506=DIRECTION('',(0.,1.,0.));
#6507=DIRECTION('',(0.,0.,1.));
#6508=DIRECTION('',(0.,-1.,0.));
#6509=DIRECTION('',(-1.08420217248551E-15,-1.09712806076747E-30,1.));
#6510=DIRECTION('',(-1.0842021724855E-15,1.,0.));
#6511=DIRECTION('',(-1.08420217248551E-15,-1.09712806076747E-30,1.));
#6512=DIRECTION('',(0.,0.,1.));
#6513=DIRECTION('',(0.,-1.,0.));
#6514=DIRECTION('',(0.,0.,-1.));
#6515=DIRECTION('',(0.,-1.,0.));
#6516=DIRECTION('',(0.,0.,1.));
#6517=DIRECTION('',(0.,0.,1.));
#6518=DIRECTION('',(0.,-1.,0.));
#6519=DIRECTION('',(0.,-1.,0.));
#6520=DIRECTION('',(1.,0.,0.));
#6521=DIRECTION('',(1.,0.,0.));
#6522=DIRECTION('',(-1.,0.,0.));
#6523=DIRECTION('',(0.,0.,1.));
#6524=DIRECTION('',(0.,-1.,0.));
#6525=DIRECTION('',(-1.,-1.01192202765314E-15,0.));
#6526=DIRECTION('',(-1.0842021724855E-15,1.,0.));
#6527=DIRECTION('',(-1.,-1.0842021724855E-15,0.));
#6528=DIRECTION('',(1.,1.44560289664734E-16,0.));
#6529=DIRECTION('',(1.08420217248551E-15,1.09712806076747E-30,1.));
#6530=DIRECTION('',(1.,1.01192202765314E-15,0.));
#6531=DIRECTION('',(0.,0.,-1.));
#6532=DIRECTION('',(1.,1.44560289664734E-16,0.));
#6533=DIRECTION('',(0.,0.,-1.));
#6534=DIRECTION('',(1.,1.44560289664734E-16,0.));
#6535=DIRECTION('',(0.,0.,-1.));
#6536=DIRECTION('',(1.,1.44560289664734E-16,0.));
#6537=DIRECTION('',(0.,0.,1.));
#6538=DIRECTION('',(1.,1.01192202765314E-15,0.));
#6539=DIRECTION('',(4.33680868994201E-15,4.38851224306986E-30,-1.));
#6540=DIRECTION('',(1.,1.44560289664734E-16,0.));
#6541=DIRECTION('',(1.,1.01192202765314E-15,0.));
#6542=DIRECTION('',(1.,1.44560289664734E-16,0.));
#6543=DIRECTION('',(-1.08420217248551E-15,-1.09712806076747E-30,1.));
#6544=DIRECTION('',(1.,1.01192202765314E-15,0.));
#6545=DIRECTION('',(5.42101086242751E-16,5.48564030383733E-31,-1.));
#6546=DIRECTION('',(1.,1.44560289664734E-16,0.));
#6547=DIRECTION('',(1.49077798716757E-15,1.50855108355527E-30,1.));
#6548=DIRECTION('',(1.,1.01192202765314E-15,0.));
#6549=DIRECTION('',(-2.168404344971E-15,-2.19425612153493E-30,-1.));
#6550=DIRECTION('',(1.,1.44560289664734E-16,0.));
#6551=DIRECTION('',(0.,0.,1.));
#6552=DIRECTION('',(1.,1.01192202765314E-15,0.));
#6553=DIRECTION('',(0.,0.,-1.));
#6554=DIRECTION('',(0.,0.,1.));
#6555=DIRECTION('',(0.,-1.,0.));
#6556=DIRECTION('',(0.,0.,1.));
#6557=DIRECTION('',(0.,0.,-1.));
#6558=DIRECTION('',(0.,1.,0.));
#6559=DIRECTION('',(0.,0.,1.));
#6560=DIRECTION('',(0.,0.,1.));
#6561=DIRECTION('',(0.,-1.,0.));
#6562=DIRECTION('',(-1.,0.,0.));
#6563=DIRECTION('',(0.,-1.,0.));
#6564=DIRECTION('',(0.,-1.,0.));
#6565=DIRECTION('',(-1.0842021724855E-15,1.,0.));
#6566=DIRECTION('',(-2.168404344971E-15,-2.19425612153493E-30,-1.));
#6567=DIRECTION('',(0.,1.,0.));
#6568=DIRECTION('',(1.,0.,0.));
#6569=DIRECTION('',(0.,1.,0.));
#6570=DIRECTION('',(0.,1.,0.));
#6571=DIRECTION('',(0.,0.,1.));
#6572=DIRECTION('',(0.,-1.,0.));
#6573=DIRECTION('',(1.49077798716757E-15,1.50855108355527E-30,1.));
#6574=DIRECTION('',(-1.0842021724855E-15,1.,0.));
#6575=DIRECTION('',(0.,0.,1.));
#6576=DIRECTION('',(0.,-1.,0.));
#6577=DIRECTION('',(0.,0.,-1.));
#6578=DIRECTION('',(0.,-1.,0.));
#6579=DIRECTION('',(0.,0.,1.));
#6580=DIRECTION('',(0.,0.,1.));
#6581=DIRECTION('',(0.,-1.,0.));
#6582=DIRECTION('',(0.,-1.,0.));
#6583=DIRECTION('',(1.,0.,0.));
#6584=DIRECTION('',(1.,0.,0.));
#6585=DIRECTION('',(-1.,0.,0.));
#6586=DIRECTION('',(0.,0.,1.));
#6587=DIRECTION('',(0.,-1.,0.));
#6588=DIRECTION('',(-1.,-1.01192202765314E-15,0.));
#6589=DIRECTION('',(0.,0.,1.));
#6590=DIRECTION('',(0.,-1.,0.));
#6591=DIRECTION('',(0.,0.,1.));
#6592=DIRECTION('',(0.,0.,-1.));
#6593=DIRECTION('',(0.,1.,0.));
#6594=DIRECTION('',(0.,0.,1.));
#6595=DIRECTION('',(0.,0.,1.));
#6596=DIRECTION('',(0.,-1.,0.));
#6597=DIRECTION('',(-1.,-4.8186763221578E-16,0.));
#6598=DIRECTION('',(4.8186763221578E-16,-1.,0.));
#6599=DIRECTION('',(0.,-1.,0.));
#6600=DIRECTION('',(-1.0842021724855E-15,1.,0.));
#6601=DIRECTION('',(5.42101086242751E-16,5.48564030383733E-31,-1.));
#6602=DIRECTION('',(-4.8186763221578E-16,1.,0.));
#6603=DIRECTION('',(1.,-4.8186763221578E-16,0.));
#6604=DIRECTION('',(4.8186763221578E-16,1.,0.));
#6605=DIRECTION('',(0.,1.,0.));
#6606=DIRECTION('',(0.,0.,1.));
#6607=DIRECTION('',(-4.8186763221578E-16,-1.,0.));
#6608=DIRECTION('',(-1.08420217248551E-15,-1.09712806076747E-30,1.));
#6609=DIRECTION('',(-1.0842021724855E-15,1.,0.));
#6610=DIRECTION('',(0.,0.,1.));
#6611=DIRECTION('',(0.,-1.,0.));
#6612=DIRECTION('',(0.,0.,-1.));
#6613=DIRECTION('',(0.,-1.,0.));
#6614=DIRECTION('',(0.,0.,1.));
#6615=DIRECTION('',(0.,0.,1.));
#6616=DIRECTION('',(0.,-1.,0.));
#6617=DIRECTION('',(0.,-1.,0.));
#6618=DIRECTION('',(1.,0.,0.));
#6619=DIRECTION('',(1.,0.,0.));
#6620=DIRECTION('',(-1.,0.,0.));
#6621=DIRECTION('',(0.,0.,1.));
#6622=DIRECTION('',(0.,-1.,0.));
#6623=DIRECTION('',(-1.,-1.01192202765314E-15,0.));
#6624=DIRECTION('',(0.,0.,1.));
#6625=DIRECTION('',(0.,-1.,0.));
#6626=DIRECTION('',(0.,0.,1.));
#6627=DIRECTION('',(0.,0.,-1.));
#6628=DIRECTION('',(0.,-1.,0.));
#6629=DIRECTION('',(0.,0.,1.));
#6630=DIRECTION('',(0.,0.,1.));
#6631=DIRECTION('',(0.,-1.,0.));
#6632=DIRECTION('',(-2.52767734032921E-14,-1.,0.));
#6633=DIRECTION('',(1.,-2.52767734032921E-14,0.));
#6634=DIRECTION('',(1.,-2.52767734032921E-14,0.));
#6635=DIRECTION('',(0.,0.,1.));
#6636=DIRECTION('',(-1.,2.52767734032921E-14,0.));
#6637=DIRECTION('',(0.,0.,1.));
#6638=DIRECTION('',(0.,-1.,0.));
#6639=DIRECTION('',(0.,0.,-1.));
#6640=DIRECTION('',(0.,1.,0.));
#6641=DIRECTION('',(0.,0.,1.));
#6642=DIRECTION('',(0.,0.,1.));
#6643=DIRECTION('',(0.,-1.,0.));
#6644=DIRECTION('',(-1.,0.,0.));
#6645=DIRECTION('',(0.,-1.,0.));
#6646=DIRECTION('',(0.,-1.,0.));
#6647=DIRECTION('',(-1.0842021724855E-15,1.,0.));
#6648=DIRECTION('',(0.,0.,-1.));
#6649=DIRECTION('',(0.,1.,0.));
#6650=DIRECTION('',(1.,0.,0.));
#6651=DIRECTION('',(0.,1.,0.));
#6652=DIRECTION('',(0.,1.,0.));
#6653=DIRECTION('',(0.,0.,1.));
#6654=DIRECTION('',(0.,-1.,0.));
#6655=DIRECTION('',(0.,0.,1.));
#6656=DIRECTION('',(-1.0842021724855E-15,1.,0.));
#6657=DIRECTION('',(0.,0.,1.));
#6658=DIRECTION('',(0.,-1.,0.));
#6659=DIRECTION('',(0.,0.,-1.));
#6660=DIRECTION('',(0.,-1.,0.));
#6661=DIRECTION('',(0.,0.,1.));
#6662=DIRECTION('',(0.,0.,1.));
#6663=DIRECTION('',(0.,-1.,0.));
#6664=DIRECTION('',(0.707106781186538,-0.707106781186557,0.));
#6665=DIRECTION('',(0.707106781186557,0.707106781186538,0.));
#6666=DIRECTION('',(0.707106781186557,0.707106781186538,0.));
#6667=DIRECTION('',(-0.707106781186557,-0.707106781186538,0.));
#6668=DIRECTION('',(0.,0.,1.));
#6669=DIRECTION('',(0.,-1.,0.));
#6670=DIRECTION('',(-1.,-1.01192202765314E-15,0.));
#6671=DIRECTION('',(0.,0.,1.));
#6672=DIRECTION('',(0.,-1.,0.));
#6673=DIRECTION('',(0.,0.,1.));
#6674=DIRECTION('',(0.,0.,-1.));
#6675=DIRECTION('',(0.,1.,0.));
#6676=DIRECTION('',(0.,0.,1.));
#6677=DIRECTION('',(0.,0.,1.));
#6678=DIRECTION('',(0.,-1.,0.));
#6679=DIRECTION('',(-1.,-4.8186763221578E-16,0.));
#6680=DIRECTION('',(4.8186763221578E-16,-1.,0.));
#6681=DIRECTION('',(0.,-1.,0.));
#6682=DIRECTION('',(-1.0842021724855E-15,1.,0.));
#6683=DIRECTION('',(0.,0.,-1.));
#6684=DIRECTION('',(-4.8186763221578E-16,1.,0.));
#6685=DIRECTION('',(1.,-4.8186763221578E-16,0.));
#6686=DIRECTION('',(4.8186763221578E-16,1.,0.));
#6687=DIRECTION('',(0.,1.,0.));
#6688=DIRECTION('',(0.,0.,1.));
#6689=DIRECTION('',(-4.8186763221578E-16,-1.,0.));
#6690=DIRECTION('',(0.,0.,1.));
#6691=DIRECTION('',(-1.0842021724855E-15,1.,0.));
#6692=DIRECTION('',(0.,0.,1.));
#6693=DIRECTION('',(0.,-1.,0.));
#6694=DIRECTION('',(0.,0.,-1.));
#6695=DIRECTION('',(0.,-1.,0.));
#6696=DIRECTION('',(0.,0.,1.));
#6697=DIRECTION('',(0.,0.,1.));
#6698=DIRECTION('',(0.,-1.,0.));
#6699=DIRECTION('',(0.,-1.,0.));
#6700=DIRECTION('',(1.,0.,0.));
#6701=DIRECTION('',(1.,0.,0.));
#6702=DIRECTION('',(-1.,0.,0.));
#6703=DIRECTION('',(0.,0.,1.));
#6704=DIRECTION('',(0.,-1.,0.));
#6705=DIRECTION('',(-1.,-1.01192202765314E-15,0.));
#6706=DIRECTION('',(0.,0.,1.));
#6707=DIRECTION('',(0.,-1.,0.));
#6708=DIRECTION('',(0.,0.,1.));
#6709=DIRECTION('',(0.,0.,-1.));
#6710=DIRECTION('',(0.,-1.,0.));
#6711=DIRECTION('',(0.,0.,1.));
#6712=DIRECTION('',(0.,0.,1.));
#6713=DIRECTION('',(0.,-1.,0.));
#6714=DIRECTION('',(0.,-1.,0.));
#6715=DIRECTION('',(1.,0.,0.));
#6716=DIRECTION('',(1.,2.52767734032921E-14,0.));
#6717=DIRECTION('',(0.,0.,1.));
#6718=DIRECTION('',(-1.,0.,0.));
#6719=DIRECTION('',(0.,0.,1.));
#6720=DIRECTION('',(0.,-1.,0.));
#6721=DIRECTION('',(0.,0.,-1.));
#6722=DIRECTION('',(0.,1.,0.));
#6723=DIRECTION('',(0.,0.,1.));
#6724=DIRECTION('',(0.,0.,1.));
#6725=DIRECTION('',(0.,-1.,0.));
#6726=DIRECTION('',(-0.707106781186548,-0.707106781186548,0.));
#6727=DIRECTION('',(0.707106781186548,-0.707106781186548,0.));
#6728=DIRECTION('',(0.707106781186548,-0.707106781186548,0.));
#6729=DIRECTION('',(0.,0.,1.));
#6730=DIRECTION('',(-0.707106781186548,0.707106781186548,0.));
#6731=DIRECTION('',(0.,0.,1.));
#6732=DIRECTION('',(0.,-1.,0.));
#6733=DIRECTION('',(0.,0.,-1.));
#6734=DIRECTION('',(0.,1.,0.));
#6735=DIRECTION('',(0.,0.,1.));
#6736=DIRECTION('',(0.,0.,1.));
#6737=DIRECTION('',(0.,-1.,0.));
#6738=DIRECTION('',(-1.,0.,0.));
#6739=DIRECTION('',(0.,-1.,0.));
#6740=DIRECTION('',(0.,-1.,0.));
#6741=DIRECTION('',(-1.0842021724855E-15,1.,0.));
#6742=DIRECTION('',(0.,0.,-1.));
#6743=DIRECTION('',(0.,1.,0.));
#6744=DIRECTION('',(1.,0.,0.));
#6745=DIRECTION('',(0.,1.,0.));
#6746=DIRECTION('',(0.,1.,0.));
#6747=DIRECTION('',(0.,-1.,0.));
#6748=DIRECTION('',(1.08420217248551E-15,1.09712806076747E-30,1.));
#6749=DIRECTION('',(-1.0842021724855E-15,1.,0.));
#6750=DIRECTION('',(0.,0.,1.));
#6751=DIRECTION('',(0.,-1.,0.));
#6752=DIRECTION('',(-1.,-1.01192202765314E-15,0.));
#6753=DIRECTION('',(0.,0.,1.));
#6754=DIRECTION('',(0.,-1.,0.));
#6755=DIRECTION('',(0.,0.,1.));
#6756=DIRECTION('',(0.,0.,-1.));
#6757=DIRECTION('',(0.,1.,0.));
#6758=DIRECTION('',(0.,0.,1.));
#6759=DIRECTION('',(0.,0.,1.));
#6760=DIRECTION('',(0.,-1.,0.));
#6761=DIRECTION('',(0.,-1.,0.));
#6762=DIRECTION('',(1.,0.,0.));
#6763=DIRECTION('',(1.,0.,0.));
#6764=DIRECTION('',(5.48564030383733E-31,-5.42101086242751E-16,-1.));
#6765=DIRECTION('',(-1.,-1.0842021724855E-15,0.));
#6766=DIRECTION('',(5.48564030383733E-31,-5.42101086242751E-16,-1.));
#6767=DIRECTION('',(-1.,0.,0.));
#6768=DIRECTION('',(2.4093381610789E-16,1.,0.));
#6769=DIRECTION('',(-1.,2.4093381610789E-16,0.));
#6770=DIRECTION('',(-1.,2.4093381610789E-16,0.));
#6771=DIRECTION('',(0.,0.,1.));
#6772=DIRECTION('',(1.,-2.4093381610789E-16,0.));
#6773=DIRECTION('',(0.,0.,1.));
#6774=DIRECTION('',(-1.,-1.0842021724855E-15,0.));
#6775=DIRECTION('',(0.,0.,1.));
#6776=DIRECTION('',(0.,0.,1.));
#6777=DIRECTION('',(0.,-1.,0.));
#6778=DIRECTION('',(0.,0.,-1.));
#6779=DIRECTION('',(0.,-1.,0.));
#6780=DIRECTION('',(0.,0.,1.));
#6781=DIRECTION('',(0.,0.,1.));
#6782=DIRECTION('',(0.,-1.,0.));
#6783=DIRECTION('',(1.,0.,0.));
#6784=DIRECTION('',(0.,1.,0.));
#6785=DIRECTION('',(0.,1.,0.));
#6786=DIRECTION('',(0.,-1.,0.));
#6787=DIRECTION('',(0.,0.,1.));
#6788=DIRECTION('',(0.,-1.,0.));
#6789=DIRECTION('',(1.01192202765314E-15,-1.,0.));
#6790=DIRECTION('',(-1.,-1.0842021724855E-15,0.));
#6791=DIRECTION('',(1.0842021724855E-15,-1.,0.));
#6792=DIRECTION('',(0.,1.,0.));
#6793=DIRECTION('',(0.,0.,1.));
#6794=DIRECTION('',(-1.01192202765314E-15,1.,0.));
#6795=DIRECTION('',(0.,0.,-1.));
#6796=DIRECTION('',(0.,1.,0.));
#6797=DIRECTION('',(0.,0.,1.));
#6798=DIRECTION('',(-1.01192202765314E-15,1.,2.71050543121376E-16));
#6799=DIRECTION('',(0.,0.,-1.));
#6800=DIRECTION('',(0.,1.,0.));
#6801=DIRECTION('',(-1.01192202765314E-15,1.,2.71050543121376E-16));
#6802=DIRECTION('',(0.,1.,0.));
#6803=DIRECTION('',(-2.74282015191867E-31,2.71050543121376E-16,1.));
#6804=DIRECTION('',(-1.01192202765314E-15,1.,-2.71050543121376E-16));
#6805=DIRECTION('',(0.,0.,-1.));
#6806=DIRECTION('',(0.,1.,0.));
#6807=DIRECTION('',(0.,0.,1.));
#6808=DIRECTION('',(-1.01192202765314E-15,1.,-2.71050543121376E-16));
#6809=DIRECTION('',(0.,0.,-1.));
#6810=DIRECTION('',(0.,1.,0.));
#6811=DIRECTION('',(2.19425612153494E-30,-2.16840434497101E-15,1.));
#6812=DIRECTION('',(-1.01192202765314E-15,1.,0.));
#6813=DIRECTION('',(0.,0.,-1.));
#6814=DIRECTION('',(0.,1.,0.));
#6815=DIRECTION('',(0.,0.,-1.));
#6816=DIRECTION('',(0.,1.,0.));
#6817=DIRECTION('',(0.,0.,1.));
#6818=DIRECTION('',(0.,-1.,0.));
#6819=DIRECTION('',(0.,0.,1.));
#6820=DIRECTION('',(0.,0.,-1.));
#6821=DIRECTION('',(0.,-1.,0.));
#6822=DIRECTION('',(0.,0.,1.));
#6823=DIRECTION('',(0.,0.,1.));
#6824=DIRECTION('',(0.,-1.,0.));
#6825=DIRECTION('',(1.,0.,0.));
#6826=DIRECTION('',(0.,1.,0.));
#6827=DIRECTION('',(0.,1.,0.));
#6828=DIRECTION('',(0.,0.,1.));
#6829=DIRECTION('',(0.,-1.,0.));
#6830=DIRECTION('',(0.,0.,1.));
#6831=DIRECTION('',(0.,-1.,0.));
#6832=DIRECTION('',(0.,0.,-1.));
#6833=DIRECTION('',(0.,1.,0.));
#6834=DIRECTION('',(0.,0.,1.));
#6835=DIRECTION('',(0.,0.,1.));
#6836=DIRECTION('',(0.,-1.,0.));
#6837=DIRECTION('',(0.,-1.,0.));
#6838=DIRECTION('',(1.,0.,0.));
#6839=DIRECTION('',(1.,0.,0.));
#6840=DIRECTION('',(-1.,-1.0842021724855E-15,0.));
#6841=DIRECTION('',(0.,0.,-1.));
#6842=DIRECTION('',(-1.,0.,0.));
#6843=DIRECTION('',(0.,1.,0.));
#6844=DIRECTION('',(-1.,0.,0.));
#6845=DIRECTION('',(-1.,0.,0.));
#6846=DIRECTION('',(1.,0.,0.));
#6847=DIRECTION('',(0.,0.,1.));
#6848=DIRECTION('',(-1.,-1.0842021724855E-15,0.));
#6849=DIRECTION('',(0.,0.,1.));
#6850=DIRECTION('',(0.,-1.,0.));
#6851=DIRECTION('',(1.01192202765314E-15,-1.,0.));
#6852=DIRECTION('',(0.,0.,1.));
#6853=DIRECTION('',(0.,-1.,0.));
#6854=DIRECTION('',(0.,0.,1.));
#6855=DIRECTION('',(0.,0.,-1.));
#6856=DIRECTION('',(0.,1.,0.));
#6857=DIRECTION('',(0.,0.,1.));
#6858=DIRECTION('',(0.,0.,1.));
#6859=DIRECTION('',(0.,-1.,0.));
#6860=DIRECTION('',(0.,-1.,0.));
#6861=DIRECTION('',(1.,0.,0.));
#6862=DIRECTION('',(1.,0.,0.));
#6863=DIRECTION('',(-1.,-1.0842021724855E-15,0.));
#6864=DIRECTION('',(0.,0.,-1.));
#6865=DIRECTION('',(-1.,0.,0.));
#6866=DIRECTION('',(0.,1.,0.));
#6867=DIRECTION('',(-1.,0.,0.));
#6868=DIRECTION('',(-1.,0.,0.));
#6869=DIRECTION('',(0.,0.,1.));
#6870=DIRECTION('',(1.,0.,0.));
#6871=DIRECTION('',(0.,0.,1.));
#6872=DIRECTION('',(-1.,-1.0842021724855E-15,0.));
#6873=DIRECTION('',(0.,0.,1.));
#6874=DIRECTION('',(0.,-1.,0.));
#6875=DIRECTION('',(0.,0.,-1.));
#6876=DIRECTION('',(0.,-1.,0.));
#6877=DIRECTION('',(0.,0.,1.));
#6878=DIRECTION('',(0.,0.,1.));
#6879=DIRECTION('',(0.,-1.,0.));
#6880=DIRECTION('',(1.,0.,0.));
#6881=DIRECTION('',(0.,1.,0.));
#6882=DIRECTION('',(0.,1.,0.));
#6883=DIRECTION('',(0.,-1.,0.));
#6884=DIRECTION('',(0.,0.,1.));
#6885=DIRECTION('',(0.,-1.,0.));
#6886=DIRECTION('',(1.01192202765314E-15,-1.,0.));
#6887=DIRECTION('',(0.,0.,1.));
#6888=DIRECTION('',(0.,-1.,0.));
#6889=DIRECTION('',(0.,0.,1.));
#6890=DIRECTION('',(0.,0.,-1.));
#6891=DIRECTION('',(0.,-1.,0.));
#6892=DIRECTION('',(0.,0.,1.));
#6893=DIRECTION('',(0.,0.,1.));
#6894=DIRECTION('',(0.,-1.,0.));
#6895=DIRECTION('',(1.,4.33680868994202E-15,0.));
#6896=DIRECTION('',(-4.33680868994202E-15,1.,0.));
#6897=DIRECTION('',(0.,1.,0.));
#6898=DIRECTION('',(0.,0.,1.));
#6899=DIRECTION('',(4.33680868994202E-15,-1.,0.));
#6900=DIRECTION('',(0.,0.,1.));
#6901=DIRECTION('',(0.,-1.,0.));
#6902=DIRECTION('',(0.,0.,-1.));
#6903=DIRECTION('',(0.,1.,0.));
#6904=DIRECTION('',(0.,0.,1.));
#6905=DIRECTION('',(0.,0.,1.));
#6906=DIRECTION('',(0.,-1.,0.));
#6907=DIRECTION('',(-2.4093381610789E-16,-1.,0.));
#6908=DIRECTION('',(1.,-2.4093381610789E-16,0.));
#6909=DIRECTION('',(1.,-2.4093381610789E-16,0.));
#6910=DIRECTION('',(-1.,-1.0842021724855E-15,0.));
#6911=DIRECTION('',(0.,0.,-1.));
#6912=DIRECTION('',(-1.,2.4093381610789E-16,0.));
#6913=DIRECTION('',(1.20466908053945E-16,1.,0.));
#6914=DIRECTION('',(-1.,1.20466908053945E-16,0.));
#6915=DIRECTION('',(-1.,1.20466908053945E-16,0.));
#6916=DIRECTION('',(1.,-1.20466908053945E-16,0.));
#6917=DIRECTION('',(-2.74282015191867E-31,2.71050543121376E-16,1.));
#6918=DIRECTION('',(-1.,-1.0842021724855E-15,0.));
#6919=DIRECTION('',(0.,0.,1.));
#6920=DIRECTION('',(0.,-1.,0.));
#6921=DIRECTION('',(1.01192202765314E-15,-1.,0.));
#6922=DIRECTION('',(0.,0.,1.));
#6923=DIRECTION('',(0.,-1.,0.));
#6924=DIRECTION('',(0.,0.,1.));
#6925=DIRECTION('',(0.,0.,-1.));
#6926=DIRECTION('',(0.,1.,0.));
#6927=DIRECTION('',(0.,0.,1.));
#6928=DIRECTION('',(0.,0.,1.));
#6929=DIRECTION('',(0.,-1.,0.));
#6930=DIRECTION('',(0.707106781186548,-0.707106781186548,0.));
#6931=DIRECTION('',(0.707106781186548,0.707106781186548,0.));
#6932=DIRECTION('',(0.707106781186548,0.707106781186548,0.));
#6933=DIRECTION('',(0.,0.,1.));
#6934=DIRECTION('',(-0.707106781186548,-0.707106781186548,0.));
#6935=DIRECTION('',(0.,0.,1.));
#6936=DIRECTION('',(0.,-1.,0.));
#6937=DIRECTION('',(0.,0.,-1.));
#6938=DIRECTION('',(0.,1.,0.));
#6939=DIRECTION('',(0.,0.,1.));
#6940=DIRECTION('',(0.,0.,1.));
#6941=DIRECTION('',(0.,-1.,0.));
#6942=DIRECTION('',(0.,-1.,0.));
#6943=DIRECTION('',(1.,0.,0.));
#6944=DIRECTION('',(1.,0.,0.));
#6945=DIRECTION('',(-1.,-1.0842021724855E-15,0.));
#6946=DIRECTION('',(0.,0.,-1.));
#6947=DIRECTION('',(-1.,0.,0.));
#6948=DIRECTION('',(0.,1.,0.));
#6949=DIRECTION('',(-1.,0.,0.));
#6950=DIRECTION('',(-1.,0.,0.));
#6951=DIRECTION('',(0.,0.,1.));
#6952=DIRECTION('',(1.,0.,0.));
#6953=DIRECTION('',(0.,0.,1.));
#6954=DIRECTION('',(-1.,-1.0842021724855E-15,0.));
#6955=DIRECTION('',(0.,0.,1.));
#6956=DIRECTION('',(0.,-1.,0.));
#6957=DIRECTION('',(0.,0.,-1.));
#6958=DIRECTION('',(0.,-1.,0.));
#6959=DIRECTION('',(0.,0.,1.));
#6960=DIRECTION('',(0.,0.,1.));
#6961=DIRECTION('',(0.,-1.,0.));
#6962=DIRECTION('',(1.,0.,0.));
#6963=DIRECTION('',(0.,1.,0.));
#6964=DIRECTION('',(-2.52767734032918E-14,1.,0.));
#6965=DIRECTION('',(0.,-1.,0.));
#6966=DIRECTION('',(0.,0.,1.));
#6967=DIRECTION('',(0.,-1.,0.));
#6968=DIRECTION('',(1.01192202765314E-15,-1.,0.));
#6969=DIRECTION('',(0.,0.,1.));
#6970=DIRECTION('',(0.,-1.,0.));
#6971=DIRECTION('',(0.,0.,1.));
#6972=DIRECTION('',(0.,0.,-1.));
#6973=DIRECTION('',(0.,-1.,0.));
#6974=DIRECTION('',(0.,0.,1.));
#6975=DIRECTION('',(0.,0.,1.));
#6976=DIRECTION('',(0.,-1.,0.));
#6977=DIRECTION('',(0.707106781186557,0.707106781186538,0.));
#6978=DIRECTION('',(-0.707106781186538,0.707106781186557,0.));
#6979=DIRECTION('',(-0.707106781186538,0.707106781186557,0.));
#6980=DIRECTION('',(0.,0.,1.));
#6981=DIRECTION('',(0.707106781186538,-0.707106781186557,0.));
#6982=DIRECTION('',(0.,0.,1.));
#6983=DIRECTION('',(0.,-1.,0.));
#6984=DIRECTION('',(0.,0.,-1.));
#6985=DIRECTION('',(0.,-1.,0.));
#6986=DIRECTION('',(0.,0.,1.));
#6987=DIRECTION('',(0.,0.,1.));
#6988=DIRECTION('',(0.,-1.,0.));
#6989=DIRECTION('',(1.,-2.52767734032925E-14,0.));
#6990=DIRECTION('',(2.52767734032925E-14,1.,0.));
#6991=DIRECTION('',(5.05535468065849E-14,1.,0.));
#6992=DIRECTION('',(0.,0.,1.));
#6993=DIRECTION('',(-2.52767734032925E-14,-1.,0.));
#6994=DIRECTION('',(0.,0.,1.));
#6995=DIRECTION('',(0.,-1.,0.));
#6996=DIRECTION('',(0.,0.,-1.));
#6997=DIRECTION('',(0.,1.,0.));
#6998=DIRECTION('',(0.,0.,1.));
#6999=DIRECTION('',(0.,0.,1.));
#7000=DIRECTION('',(0.,-1.,0.));
#7001=DIRECTION('',(9.63735264431561E-16,-1.,0.));
#7002=DIRECTION('',(1.,9.63735264431561E-16,0.));
#7003=DIRECTION('',(1.,0.,0.));
#7004=DIRECTION('',(-1.,-1.0842021724855E-15,0.));
#7005=DIRECTION('',(0.,0.,-1.));
#7006=DIRECTION('',(-1.,-9.63735264431561E-16,0.));
#7007=DIRECTION('',(0.,1.,0.));
#7008=DIRECTION('',(-1.,0.,0.));
#7009=DIRECTION('',(-1.,0.,0.));
#7010=DIRECTION('',(1.,0.,0.));
#7011=DIRECTION('',(0.,0.,1.));
#7012=DIRECTION('',(-1.,-1.0842021724855E-15,0.));
#7013=DIRECTION('',(0.,0.,1.));
#7014=DIRECTION('',(0.,-1.,0.));
#7015=DIRECTION('',(1.01192202765314E-15,-1.,0.));
#7016=DIRECTION('',(0.,0.,1.));
#7017=DIRECTION('',(0.,-1.,0.));
#7018=DIRECTION('',(0.,0.,1.));
#7019=DIRECTION('',(0.,0.,-1.));
#7020=DIRECTION('',(0.,1.,0.));
#7021=DIRECTION('',(0.,0.,1.));
#7022=DIRECTION('',(0.,0.,1.));
#7023=DIRECTION('',(0.,-1.,0.));
#7024=DIRECTION('',(1.,-4.8186763221578E-16,0.));
#7025=DIRECTION('',(4.8186763221578E-16,1.,0.));
#7026=DIRECTION('',(4.8186763221578E-16,1.,0.));
#7027=DIRECTION('',(0.,0.,-1.));
#7028=DIRECTION('',(1.0842021724855E-15,-1.,0.));
#7029=DIRECTION('',(0.,0.,-1.));
#7030=DIRECTION('',(-4.8186763221578E-16,-1.,0.));
#7031=DIRECTION('',(-1.,4.8186763221578E-16,0.));
#7032=DIRECTION('',(-4.8186763221578E-16,-1.,0.));
#7033=DIRECTION('',(-4.8186763221578E-16,-1.,0.));
#7034=DIRECTION('',(0.,0.,1.));
#7035=DIRECTION('',(4.8186763221578E-16,1.,0.));
#7036=DIRECTION('',(0.,0.,1.));
#7037=DIRECTION('',(1.0842021724855E-15,-1.,0.));
#7038=DIRECTION('',(1.08420217248551E-15,1.09712806076747E-30,1.));
#7039=DIRECTION('',(0.,0.,1.));
#7040=DIRECTION('',(0.,-1.,0.));
#7041=DIRECTION('',(0.,0.,-1.));
#7042=DIRECTION('',(0.,-1.,0.));
#7043=DIRECTION('',(0.,0.,1.));
#7044=DIRECTION('',(0.,0.,1.));
#7045=DIRECTION('',(0.,-1.,0.));
#7046=DIRECTION('',(0.,1.,0.));
#7047=DIRECTION('',(-1.,0.,0.));
#7048=DIRECTION('',(-1.,0.,0.));
#7049=DIRECTION('',(1.,0.,0.));
#7050=DIRECTION('',(0.,0.,1.));
#7051=DIRECTION('',(0.,-1.,0.));
#7052=DIRECTION('',(1.,1.01192202765314E-15,0.));
#7053=DIRECTION('',(1.0842021724855E-15,-1.,0.));
#7054=DIRECTION('',(1.,1.0842021724855E-15,0.));
#7055=DIRECTION('',(-1.,-1.44560289664734E-16,0.));
#7056=DIRECTION('',(0.,0.,1.));
#7057=DIRECTION('',(-1.,-1.01192202765314E-15,0.));
#7058=DIRECTION('',(-2.168404344971E-15,-2.19425612153493E-30,-1.));
#7059=DIRECTION('',(-1.,-1.44560289664734E-16,0.));
#7060=DIRECTION('',(-1.08420217248551E-15,-1.09712806076747E-30,1.));
#7061=DIRECTION('',(-1.,-1.01192202765314E-15,0.));
#7062=DIRECTION('',(0.,0.,-1.));
#7063=DIRECTION('',(-1.,-1.44560289664734E-16,0.));
#7064=DIRECTION('',(0.,0.,-1.));
#7065=DIRECTION('',(-1.,-1.44560289664734E-16,0.));
#7066=DIRECTION('',(-1.,-1.44560289664734E-16,0.));
#7067=DIRECTION('',(0.,0.,1.));
#7068=DIRECTION('',(-1.,-1.01192202765314E-15,0.));
#7069=DIRECTION('',(-2.168404344971E-15,-2.19425612153493E-30,-1.));
#7070=DIRECTION('',(-1.,-1.44560289664734E-16,0.));
#7071=DIRECTION('',(-1.,-1.01192202765314E-15,0.));
#7072=DIRECTION('',(-1.,-1.44560289664734E-16,0.));
#7073=DIRECTION('',(2.71050543121376E-15,2.74282015191867E-30,1.));
#7074=DIRECTION('',(-1.,-1.01192202765314E-15,0.));
#7075=DIRECTION('',(0.,0.,-1.));
#7076=DIRECTION('',(-1.,-1.44560289664734E-16,0.));
#7077=DIRECTION('',(0.,0.,1.));
#7078=DIRECTION('',(-1.,-1.01192202765314E-15,0.));
#7079=DIRECTION('',(3.2526065174565E-15,3.2913841823024E-30,-1.));
#7080=DIRECTION('',(0.,0.,1.));
#7081=DIRECTION('',(0.,-1.,0.));
#7082=DIRECTION('',(0.,0.,1.));
#7083=DIRECTION('',(0.,0.,-1.));
#7084=DIRECTION('',(0.,1.,0.));
#7085=DIRECTION('',(0.,0.,1.));
#7086=DIRECTION('',(0.,0.,1.));
#7087=DIRECTION('',(0.,-1.,0.));
#7088=DIRECTION('',(1.,0.,0.));
#7089=DIRECTION('',(0.,1.,0.));
#7090=DIRECTION('',(0.,1.,0.));
#7091=DIRECTION('',(1.0842021724855E-15,-1.,0.));
#7092=DIRECTION('',(2.71050543121376E-15,2.74282015191867E-30,-1.));
#7093=DIRECTION('',(0.,-1.,0.));
#7094=DIRECTION('',(-1.,2.4093381610789E-16,0.));
#7095=DIRECTION('',(-2.4093381610789E-16,-1.,0.));
#7096=DIRECTION('',(-2.4093381610789E-16,-1.,0.));
#7097=DIRECTION('',(0.,0.,1.));
#7098=DIRECTION('',(2.4093381610789E-16,1.,0.));
#7099=DIRECTION('',(0.,0.,1.));
#7100=DIRECTION('',(1.0842021724855E-15,-1.,0.));
#7101=DIRECTION('',(0.,0.,1.));
#7102=DIRECTION('',(0.,-1.,0.));
#7103=DIRECTION('',(0.,0.,-1.));
#7104=DIRECTION('',(0.,-1.,0.));
#7105=DIRECTION('',(0.,0.,1.));
#7106=DIRECTION('',(0.,0.,1.));
#7107=DIRECTION('',(0.,-1.,0.));
#7108=DIRECTION('',(0.,1.,0.));
#7109=DIRECTION('',(-1.,0.,0.));
#7110=DIRECTION('',(-1.,0.,0.));
#7111=DIRECTION('',(1.,0.,0.));
#7112=DIRECTION('',(0.,0.,1.));
#7113=DIRECTION('',(0.,-1.,0.));
#7114=DIRECTION('',(1.,1.01192202765314E-15,0.));
#7115=DIRECTION('',(0.,0.,1.));
#7116=DIRECTION('',(0.,-1.,0.));
#7117=DIRECTION('',(0.,0.,1.));
#7118=DIRECTION('',(0.,0.,-1.));
#7119=DIRECTION('',(0.,-1.,0.));
#7120=DIRECTION('',(0.,0.,1.));
#7121=DIRECTION('',(0.,0.,1.));
#7122=DIRECTION('',(0.,-1.,0.));
#7123=DIRECTION('',(0.,1.,0.));
#7124=DIRECTION('',(-1.,0.,0.));
#7125=DIRECTION('',(-1.,0.,0.));
#7126=DIRECTION('',(0.,0.,1.));
#7127=DIRECTION('',(1.,0.,0.));
#7128=DIRECTION('',(0.,0.,1.));
#7129=DIRECTION('',(0.,-1.,0.));
#7130=DIRECTION('',(0.,0.,-1.));
#7131=DIRECTION('',(0.,1.,0.));
#7132=DIRECTION('',(0.,0.,1.));
#7133=DIRECTION('',(0.,0.,1.));
#7134=DIRECTION('',(0.,-1.,0.));
#7135=DIRECTION('',(1.,-2.4093381610789E-16,0.));
#7136=DIRECTION('',(2.4093381610789E-16,1.,0.));
#7137=DIRECTION('',(2.4093381610789E-16,1.,0.));
#7138=DIRECTION('',(1.0842021724855E-15,-1.,0.));
#7139=DIRECTION('',(0.,0.,-1.));
#7140=DIRECTION('',(-2.4093381610789E-16,-1.,0.));
#7141=DIRECTION('',(-1.,0.,0.));
#7142=DIRECTION('',(0.,-1.,0.));
#7143=DIRECTION('',(0.,-1.,0.));
#7144=DIRECTION('',(0.,1.,0.));
#7145=DIRECTION('',(3.2526065174565E-15,3.2913841823024E-30,1.));
#7146=DIRECTION('',(1.0842021724855E-15,-1.,0.));
#7147=DIRECTION('',(0.,0.,1.));
#7148=DIRECTION('',(0.,-1.,0.));
#7149=DIRECTION('',(1.,1.01192202765314E-15,0.));
#7150=DIRECTION('',(0.,0.,1.));
#7151=DIRECTION('',(0.,-1.,0.));
#7152=DIRECTION('',(0.,0.,1.));
#7153=DIRECTION('',(0.,0.,-1.));
#7154=DIRECTION('',(0.,-1.,0.));
#7155=DIRECTION('',(0.,0.,1.));
#7156=DIRECTION('',(0.,0.,1.));
#7157=DIRECTION('',(0.,-1.,0.));
#7158=DIRECTION('',(0.,1.,0.));
#7159=DIRECTION('',(-1.,0.,0.));
#7160=DIRECTION('',(-1.,0.,0.));
#7161=DIRECTION('',(0.,0.,1.));
#7162=DIRECTION('',(1.,0.,0.));
#7163=DIRECTION('',(0.,0.,1.));
#7164=DIRECTION('',(0.,-1.,0.));
#7165=DIRECTION('',(0.,0.,-1.));
#7166=DIRECTION('',(0.,1.,0.));
#7167=DIRECTION('',(0.,0.,1.));
#7168=DIRECTION('',(0.,0.,1.));
#7169=DIRECTION('',(0.,-1.,0.));
#7170=DIRECTION('',(1.,-4.8186763221578E-16,0.));
#7171=DIRECTION('',(4.8186763221578E-16,1.,0.));
#7172=DIRECTION('',(4.8186763221578E-16,1.,0.));
#7173=DIRECTION('',(1.0842021724855E-15,-1.,0.));
#7174=DIRECTION('',(2.16840434497101E-15,2.19425612153494E-30,-1.));
#7175=DIRECTION('',(-4.8186763221578E-16,-1.,0.));
#7176=DIRECTION('',(-1.,4.8186763221578E-16,0.));
#7177=DIRECTION('',(-4.8186763221578E-16,-1.,0.));
#7178=DIRECTION('',(-4.8186763221578E-16,-1.,0.));
#7179=DIRECTION('',(4.8186763221578E-16,1.,0.));
#7180=DIRECTION('',(0.,0.,1.));
#7181=DIRECTION('',(1.0842021724855E-15,-1.,0.));
#7182=DIRECTION('',(0.,0.,1.));
#7183=DIRECTION('',(0.,-1.,0.));
#7184=DIRECTION('',(1.,1.01192202765314E-15,0.));
#7185=DIRECTION('',(0.,0.,1.));
#7186=DIRECTION('',(0.,-1.,0.));
#7187=DIRECTION('',(0.,0.,1.));
#7188=DIRECTION('',(0.,0.,-1.));
#7189=DIRECTION('',(0.,1.,0.));
#7190=DIRECTION('',(0.,0.,1.));
#7191=DIRECTION('',(0.,0.,1.));
#7192=DIRECTION('',(0.,-1.,0.));
#7193=DIRECTION('',(4.8186763221578E-16,1.,0.));
#7194=DIRECTION('',(-1.,4.8186763221578E-16,0.));
#7195=DIRECTION('',(-1.,4.8186763221578E-16,0.));
#7196=DIRECTION('',(0.,0.,-1.));
#7197=DIRECTION('',(1.,0.,0.));
#7198=DIRECTION('',(0.,0.,-1.));
#7199=DIRECTION('',(1.,-4.8186763221578E-16,0.));
#7200=DIRECTION('',(-4.8186763221578E-16,-1.,0.));
#7201=DIRECTION('',(1.,-4.8186763221578E-16,0.));
#7202=DIRECTION('',(1.,-4.8186763221578E-16,0.));
#7203=DIRECTION('',(0.,0.,1.));
#7204=DIRECTION('',(-1.,4.8186763221578E-16,0.));
#7205=DIRECTION('',(0.,0.,1.));
#7206=DIRECTION('',(1.,0.,0.));
#7207=DIRECTION('',(0.,0.,1.));
#7208=DIRECTION('',(0.,0.,1.));
#7209=DIRECTION('',(0.,-1.,0.));
#7210=DIRECTION('',(0.,0.,-1.));
#7211=DIRECTION('',(0.,-1.,0.));
#7212=DIRECTION('',(0.,0.,1.));
#7213=DIRECTION('',(0.,0.,1.));
#7214=DIRECTION('',(0.,-1.,0.));
#7215=DIRECTION('',(-1.,4.33680868994201E-15,0.));
#7216=DIRECTION('',(-4.33680868994201E-15,-1.,0.));
#7217=DIRECTION('',(-4.33680868994201E-15,-1.,0.));
#7218=DIRECTION('',(4.33680868994201E-15,1.,0.));
#7219=DIRECTION('',(0.,0.,1.));
#7220=DIRECTION('',(0.,-1.,0.));
#7221=DIRECTION('',(0.,1.,0.));
#7222=DIRECTION('',(1.,0.,0.));
#7223=DIRECTION('',(0.,1.,0.));
#7224=DIRECTION('',(0.,-1.,0.));
#7225=DIRECTION('',(0.,-1.62630325872826E-14,1.));
#7226=DIRECTION('',(0.,-1.,0.));
#7227=DIRECTION('',(0.,0.,-1.));
#7228=DIRECTION('',(0.,-1.,0.));
#7229=DIRECTION('',(0.,-1.,0.));
#7230=DIRECTION('',(0.,-1.,0.));
#7231=DIRECTION('',(0.,0.,1.));
#7232=DIRECTION('',(0.,-1.,0.));
#7233=DIRECTION('',(0.,-2.168404344971E-14,-1.));
#7234=DIRECTION('',(0.,-1.,0.));
#7235=DIRECTION('',(0.,-1.,2.71050543121376E-16));
#7236=DIRECTION('',(0.,-1.,0.));
#7237=DIRECTION('',(0.,0.,1.));
#7238=DIRECTION('',(0.,-1.,2.71050543121376E-16));
#7239=DIRECTION('',(0.,5.42101086242751E-16,-1.));
#7240=DIRECTION('',(0.,-1.,0.));
#7241=DIRECTION('',(0.,-1.35525271560688E-16,1.));
#7242=DIRECTION('',(0.,-1.,-2.71050543121376E-16));
#7243=DIRECTION('',(0.,0.,-1.));
#7244=DIRECTION('',(0.,-1.,0.));
#7245=DIRECTION('',(0.,0.,1.));
#7246=DIRECTION('',(0.,-1.,-2.71050543121376E-16));
#7247=DIRECTION('',(0.,0.,-1.));
#7248=DIRECTION('',(0.,0.,1.));
#7249=DIRECTION('',(0.,-1.,0.));
#7250=DIRECTION('',(0.,0.,1.));
#7251=DIRECTION('',(0.,0.,-1.));
#7252=DIRECTION('',(0.,-1.,0.));
#7253=DIRECTION('',(0.,0.,1.));
#7254=DIRECTION('',(0.,0.,1.));
#7255=DIRECTION('',(0.,-1.,0.));
#7256=DIRECTION('',(-0.707106781186538,0.707106781186557,0.));
#7257=DIRECTION('',(-0.707106781186557,-0.707106781186538,0.));
#7258=DIRECTION('',(-0.707106781186557,-0.707106781186538,0.));
#7259=DIRECTION('',(0.,0.,1.));
#7260=DIRECTION('',(0.707106781186557,0.707106781186538,0.));
#7261=DIRECTION('',(0.,0.,1.));
#7262=DIRECTION('',(0.,-1.,0.));
#7263=DIRECTION('',(0.,0.,-1.));
#7264=DIRECTION('',(0.,-1.,0.));
#7265=DIRECTION('',(0.,0.,1.));
#7266=DIRECTION('',(0.,0.,1.));
#7267=DIRECTION('',(0.,-1.,0.));
#7268=DIRECTION('',(2.52767734032918E-14,1.,0.));
#7269=DIRECTION('',(-1.,2.52767734032918E-14,0.));
#7270=DIRECTION('',(-1.,5.05535468065836E-14,0.));
#7271=DIRECTION('',(0.,0.,1.));
#7272=DIRECTION('',(1.,-2.52767734032918E-14,0.));
#7273=DIRECTION('',(0.,0.,1.));
#7274=DIRECTION('',(0.,-1.,0.));
#7275=DIRECTION('',(0.,0.,-1.));
#7276=DIRECTION('',(0.,1.,0.));
#7277=DIRECTION('',(0.,0.,1.));
#7278=DIRECTION('',(0.,0.,1.));
#7279=DIRECTION('',(0.,-1.,0.));
#7280=DIRECTION('',(1.,0.,0.));
#7281=DIRECTION('',(0.,1.,0.));
#7282=DIRECTION('',(4.8186763221578E-16,1.,0.));
#7283=DIRECTION('',(1.0842021724855E-15,-1.,0.));
#7284=DIRECTION('',(-1.08420217248551E-15,-1.09712806076747E-30,-1.));
#7285=DIRECTION('',(0.,-1.,0.));
#7286=DIRECTION('',(-1.,0.,0.));
#7287=DIRECTION('',(0.,-1.,0.));
#7288=DIRECTION('',(0.,-1.,0.));
#7289=DIRECTION('',(0.,1.,0.));
#7290=DIRECTION('',(0.,0.,1.));
#7291=DIRECTION('',(1.0842021724855E-15,-1.,0.));
#7292=DIRECTION('',(0.,0.,1.));
#7293=DIRECTION('',(0.,-1.,0.));
#7294=DIRECTION('',(1.,1.01192202765314E-15,0.));
#7295=DIRECTION('',(0.,0.,1.));
#7296=DIRECTION('',(0.,-1.,0.));
#7297=DIRECTION('',(0.,0.,1.));
#7298=DIRECTION('',(0.,0.,-1.));
#7299=DIRECTION('',(0.,1.,0.));
#7300=DIRECTION('',(0.,0.,1.));
#7301=DIRECTION('',(0.,0.,1.));
#7302=DIRECTION('',(0.,-1.,0.));
#7303=DIRECTION('',(2.4093381610789E-16,1.,0.));
#7304=DIRECTION('',(-1.,2.4093381610789E-16,0.));
#7305=DIRECTION('',(-1.,2.4093381610789E-16,0.));
#7306=DIRECTION('',(1.,0.,0.));
#7307=DIRECTION('',(0.,0.,-1.));
#7308=DIRECTION('',(1.,-2.4093381610789E-16,0.));
#7309=DIRECTION('',(-2.4093381610789E-16,-1.,0.));
#7310=DIRECTION('',(1.,-2.4093381610789E-16,0.));
#7311=DIRECTION('',(1.,-2.4093381610789E-16,0.));
#7312=DIRECTION('',(0.,0.,1.));
#7313=DIRECTION('',(-1.,2.4093381610789E-16,0.));
#7314=DIRECTION('',(0.,-1.35525271560688E-16,1.));
#7315=DIRECTION('',(1.,0.,0.));
#7316=DIRECTION('',(0.,0.,1.));
#7317=DIRECTION('',(0.,-1.,0.));
#7318=DIRECTION('',(0.,0.,-1.));
#7319=DIRECTION('',(0.,-1.,0.));
#7320=DIRECTION('',(0.,0.,1.));
#7321=DIRECTION('',(0.,0.,1.));
#7322=DIRECTION('',(0.,-1.,0.));
#7323=DIRECTION('',(-1.,0.,0.));
#7324=DIRECTION('',(0.,-1.,0.));
#7325=DIRECTION('',(0.,-1.,0.));
#7326=DIRECTION('',(0.,1.,0.));
#7327=DIRECTION('',(0.,0.,1.));
#7328=DIRECTION('',(0.,-1.,0.));
#7329=DIRECTION('',(0.,1.,0.));
#7330=DIRECTION('',(0.,0.,1.));
#7331=DIRECTION('',(0.,-1.,0.));
#7332=DIRECTION('',(0.,0.,1.));
#7333=DIRECTION('',(0.,0.,-1.));
#7334=DIRECTION('',(0.,1.,0.));
#7335=DIRECTION('',(0.,0.,1.));
#7336=DIRECTION('',(0.,0.,1.));
#7337=DIRECTION('',(0.,-1.,0.));
#7338=DIRECTION('',(1.,1.18118551293693E-15,0.));
#7339=DIRECTION('',(-1.18118551293693E-15,1.,0.));
#7340=DIRECTION('',(0.,1.,0.));
#7341=DIRECTION('',(1.0842021724855E-15,-1.,0.));
#7342=DIRECTION('',(0.,0.,-1.));
#7343=DIRECTION('',(1.18118551293693E-15,-1.,0.));
#7344=DIRECTION('',(-1.,9.63735264431561E-16,0.));
#7345=DIRECTION('',(-9.63735264431561E-16,-1.,0.));
#7346=DIRECTION('',(-4.8186763221578E-16,-1.,0.));
#7347=DIRECTION('',(0.,0.,1.));
#7348=DIRECTION('',(9.63735264431561E-16,1.,0.));
#7349=DIRECTION('',(-2.168404344971E-15,-2.19425612153493E-30,1.));
#7350=DIRECTION('',(1.0842021724855E-15,-1.,0.));
#7351=DIRECTION('',(0.,0.,1.));
#7352=DIRECTION('',(0.,-1.,0.));
#7353=DIRECTION('',(0.,0.,-1.));
#7354=DIRECTION('',(0.,-1.,0.));
#7355=DIRECTION('',(0.,0.,1.));
#7356=DIRECTION('',(0.,0.,1.));
#7357=DIRECTION('',(0.,-1.,0.));
#7358=DIRECTION('',(0.,1.,0.));
#7359=DIRECTION('',(-1.,0.,0.));
#7360=DIRECTION('',(-1.,-2.52767734032925E-14,0.));
#7361=DIRECTION('',(0.,0.,1.));
#7362=DIRECTION('',(1.,0.,0.));
#7363=DIRECTION('',(0.,0.,1.));
#7364=DIRECTION('',(0.,-1.,0.));
#7365=DIRECTION('',(0.,0.,-1.));
#7366=DIRECTION('',(0.,1.,0.));
#7367=DIRECTION('',(0.,0.,1.));
#7368=DIRECTION('',(0.,0.,1.));
#7369=DIRECTION('',(0.,-1.,0.));
#7370=DIRECTION('',(0.707106781186548,0.707106781186548,0.));
#7371=DIRECTION('',(-0.707106781186548,0.707106781186548,0.));
#7372=DIRECTION('',(-0.707106781186548,0.707106781186548,0.));
#7373=DIRECTION('',(0.707106781186548,-0.707106781186548,0.));
#7374=DIRECTION('',(0.,0.,1.));
#7375=DIRECTION('',(0.,-1.,0.));
#7376=DIRECTION('',(1.,1.01192202765314E-15,0.));
#7377=DIRECTION('',(0.,0.,1.));
#7378=DIRECTION('',(0.,-1.,0.));
#7379=DIRECTION('',(0.,0.,1.));
#7380=DIRECTION('',(0.,0.,-1.));
#7381=DIRECTION('',(0.,1.,0.));
#7382=DIRECTION('',(0.,0.,1.));
#7383=DIRECTION('',(0.,0.,1.));
#7384=DIRECTION('',(0.,-1.,0.));
#7385=DIRECTION('',(2.4093381610789E-16,1.,0.));
#7386=DIRECTION('',(-1.,2.4093381610789E-16,0.));
#7387=DIRECTION('',(-1.,2.4093381610789E-16,0.));
#7388=DIRECTION('',(1.,0.,0.));
#7389=DIRECTION('',(0.,5.42101086242751E-16,-1.));
#7390=DIRECTION('',(1.,-2.4093381610789E-16,0.));
#7391=DIRECTION('',(-2.4093381610789E-16,-1.,0.));
#7392=DIRECTION('',(1.,-2.4093381610789E-16,0.));
#7393=DIRECTION('',(1.,-2.4093381610789E-16,0.));
#7394=DIRECTION('',(0.,0.,1.));
#7395=DIRECTION('',(-1.,2.4093381610789E-16,0.));
#7396=DIRECTION('',(0.,0.,1.));
#7397=DIRECTION('',(1.,0.,0.));
#7398=DIRECTION('',(0.,0.,1.));
#7399=DIRECTION('',(0.,-1.,0.));
#7400=DIRECTION('',(0.,0.,-1.));
#7401=DIRECTION('',(0.,-1.,0.));
#7402=DIRECTION('',(0.,0.,1.));
#7403=DIRECTION('',(0.,0.,1.));
#7404=DIRECTION('',(0.,-1.,0.));
#7405=DIRECTION('',(-1.,0.,0.));
#7406=DIRECTION('',(0.,-1.,0.));
#7407=DIRECTION('',(0.,-1.,0.));
#7408=DIRECTION('',(0.,1.,0.));
#7409=DIRECTION('',(0.,0.,1.));
#7410=DIRECTION('',(0.,-1.,0.));
#7411=DIRECTION('',(0.,1.,0.));
#7412=DIRECTION('',(0.,0.,1.));
#7413=DIRECTION('',(0.,-1.,0.));
#7414=DIRECTION('',(0.,0.,1.));
#7415=DIRECTION('',(0.,0.,-1.));
#7416=DIRECTION('',(0.,1.,0.));
#7417=DIRECTION('',(0.,0.,1.));
#7418=DIRECTION('',(0.,0.,1.));
#7419=DIRECTION('',(0.,-1.,0.));
#7420=DIRECTION('',(4.8186763221578E-16,1.,0.));
#7421=DIRECTION('',(-1.,4.8186763221578E-16,0.));
#7422=DIRECTION('',(-1.,4.8186763221578E-16,0.));
#7423=DIRECTION('',(1.,0.,0.));
#7424=DIRECTION('',(0.,0.,-1.));
#7425=DIRECTION('',(1.,-4.8186763221578E-16,0.));
#7426=DIRECTION('',(-4.8186763221578E-16,-1.,0.));
#7427=DIRECTION('',(1.,-4.8186763221578E-16,0.));
#7428=DIRECTION('',(1.,-4.8186763221578E-16,0.));
#7429=DIRECTION('',(0.,0.,1.));
#7430=DIRECTION('',(-1.,4.8186763221578E-16,0.));
#7431=DIRECTION('',(0.,0.,1.));
#7432=DIRECTION('',(1.,0.,0.));
#7433=DIRECTION('',(0.,0.,1.));
#7434=DIRECTION('',(0.,-1.,0.));
#7435=DIRECTION('',(0.,0.,-1.));
#7436=DIRECTION('',(0.,-1.,0.));
#7437=DIRECTION('',(0.,0.,1.));
#7438=DIRECTION('',(0.,0.,1.));
#7439=DIRECTION('',(0.,-1.,0.));
#7440=DIRECTION('',(-1.,4.33680868994202E-15,0.));
#7441=DIRECTION('',(-4.33680868994202E-15,-1.,0.));
#7442=DIRECTION('',(-4.33680868994202E-15,-1.,0.));
#7443=DIRECTION('',(4.33680868994202E-15,1.,0.));
#7444=DIRECTION('',(0.,0.,1.));
#7445=DIRECTION('',(0.,-1.,0.));
#7446=DIRECTION('',(0.,1.,0.));
#7447=DIRECTION('',(0.,0.,1.));
#7448=DIRECTION('',(0.,-1.,0.));
#7449=DIRECTION('',(0.,0.,1.));
#7450=DIRECTION('',(0.,0.,-1.));
#7451=DIRECTION('',(0.,1.,0.));
#7452=DIRECTION('',(0.,0.,1.));
#7453=DIRECTION('',(0.,0.,1.));
#7454=DIRECTION('',(0.,-1.,0.));
#7455=DIRECTION('',(0.,1.,0.));
#7456=DIRECTION('',(-1.,0.,0.));
#7457=DIRECTION('',(-1.,0.,0.));
#7458=DIRECTION('',(1.,0.,0.));
#7459=DIRECTION('',(0.,0.,-1.));
#7460=DIRECTION('',(1.,0.,0.));
#7461=DIRECTION('',(-4.8186763221578E-16,-1.,0.));
#7462=DIRECTION('',(1.,-4.8186763221578E-16,0.));
#7463=DIRECTION('',(1.,-4.8186763221578E-16,0.));
#7464=DIRECTION('',(0.,0.,1.));
#7465=DIRECTION('',(-1.,4.8186763221578E-16,0.));
#7466=DIRECTION('',(0.,-1.62630325872826E-14,1.));
#7467=DIRECTION('',(1.,0.,0.));
#7468=DIRECTION('',(0.,0.,1.));
#7469=DIRECTION('',(0.,-1.,0.));
#7470=DIRECTION('',(0.,0.,-1.));
#7471=DIRECTION('',(0.,-1.,0.));
#7472=DIRECTION('',(0.,0.,1.));
#7473=DIRECTION('',(0.,0.,1.));
#7474=DIRECTION('',(0.,-1.,0.));
#7475=DIRECTION('',(-1.,0.,0.));
#7476=DIRECTION('',(0.,-1.,0.));
#7477=DIRECTION('',(2.52767734032921E-14,-1.,0.));
#7478=DIRECTION('',(0.,0.,1.));
#7479=DIRECTION('',(0.,1.,0.));
#7480=DIRECTION('',(0.,0.,1.));
#7481=DIRECTION('',(0.,-1.,0.));
#7482=DIRECTION('',(0.,0.,-1.));
#7483=DIRECTION('',(0.,1.,0.));
#7484=DIRECTION('',(0.,0.,1.));
#7485=DIRECTION('',(0.,0.,1.));
#7486=DIRECTION('',(0.,-1.,0.));
#7487=DIRECTION('',(-0.707106781186543,0.707106781186552,0.));
#7488=DIRECTION('',(-0.707106781186552,-0.707106781186543,0.));
#7489=DIRECTION('',(-0.707106781186548,-0.707106781186548,0.));
#7490=DIRECTION('',(0.707106781186552,0.707106781186543,0.));
#7491=DIRECTION('',(0.,0.,1.));
#7492=DIRECTION('',(0.,-1.,0.));
#7493=DIRECTION('',(0.,1.,0.));
#7494=DIRECTION('',(0.,0.,1.));
#7495=DIRECTION('',(0.,-1.,0.));
#7496=DIRECTION('',(0.,0.,1.));
#7497=DIRECTION('',(0.,0.,-1.));
#7498=DIRECTION('',(0.,-1.,0.));
#7499=DIRECTION('',(0.,0.,1.));
#7500=DIRECTION('',(0.,0.,1.));
#7501=DIRECTION('',(0.,-1.,0.));
#7502=DIRECTION('',(-0.707106781186557,-0.707106781186538,0.));
#7503=DIRECTION('',(0.707106781186538,-0.707106781186557,0.));
#7504=DIRECTION('',(0.707106781186538,-0.707106781186557,0.));
#7505=DIRECTION('',(0.,0.,1.));
#7506=DIRECTION('',(-0.707106781186538,0.707106781186557,0.));
#7507=DIRECTION('',(0.,0.,1.));
#7508=DIRECTION('',(0.,-1.,0.));
#7509=DIRECTION('',(0.,0.,-1.));
#7510=DIRECTION('',(0.,-1.,0.));
#7511=DIRECTION('',(0.,0.,1.));
#7512=DIRECTION('',(0.,0.,1.));
#7513=DIRECTION('',(0.,-1.,0.));
#7514=DIRECTION('',(-1.,2.52767734032921E-14,0.));
#7515=DIRECTION('',(-2.52767734032921E-14,-1.,0.));
#7516=DIRECTION('',(-5.05535468065843E-14,-1.,0.));
#7517=DIRECTION('',(0.,0.,1.));
#7518=DIRECTION('',(2.52767734032921E-14,1.,0.));
#7519=DIRECTION('',(0.,0.,1.));
#7520=DIRECTION('',(0.,-1.,0.));
#7521=DIRECTION('',(0.,0.,-1.));
#7522=DIRECTION('',(0.,1.,0.));
#7523=DIRECTION('',(0.,0.,1.));
#7524=DIRECTION('',(0.,0.,1.));
#7525=DIRECTION('',(0.,-1.,0.));
#7526=DIRECTION('',(0.,1.,0.));
#7527=DIRECTION('',(-1.,0.,0.));
#7528=DIRECTION('',(-1.,4.8186763221578E-16,0.));
#7529=DIRECTION('',(1.,0.,0.));
#7530=DIRECTION('',(0.,-1.73472347597681E-14,-1.));
#7531=DIRECTION('',(1.,0.,0.));
#7532=DIRECTION('',(0.,-1.,0.));
#7533=DIRECTION('',(1.,0.,0.));
#7534=DIRECTION('',(1.,0.,0.));
#7535=DIRECTION('',(-1.,0.,0.));
#7536=DIRECTION('',(0.,0.,1.));
#7537=DIRECTION('',(1.,0.,0.));
#7538=DIRECTION('',(0.,0.,1.));
#7539=DIRECTION('',(0.,-1.,0.));
#7540=DIRECTION('',(0.,1.,0.));
#7541=DIRECTION('',(0.,0.,1.));
#7542=DIRECTION('',(0.,-1.,0.));
#7543=DIRECTION('',(0.,0.,1.));
#7544=DIRECTION('',(0.,-1.,0.));
#7545=DIRECTION('',(0.,0.,1.));
#7546=DIRECTION('',(0.,-1.,0.));
#7547=DIRECTION('',(0.,0.,1.));
#7548=DIRECTION('',(0.,-1.,0.));
#7549=DIRECTION('',(0.,0.,1.));
#7550=DIRECTION('',(0.,-1.,0.));
#7551=DIRECTION('',(0.,-1.,0.));
#7552=DIRECTION('',(0.,0.,-1.));
#7553=DIRECTION('',(0.,1.,0.));
#7554=DIRECTION('',(1.,-1.54886024640787E-16,0.));
#7555=DIRECTION('',(0.,0.,-1.));
#7556=DIRECTION('',(0.,-1.,0.));
#7557=DIRECTION('',(0.,1.,0.));
#7558=DIRECTION('',(0.,0.,-1.));
#7559=DIRECTION('',(0.,1.,0.));
#7560=DIRECTION('',(-1.,1.73472347597681E-16,0.));
#7561=DIRECTION('',(-0.707106781186547,-0.707106781186548,0.));
#7562=DIRECTION('',(0.,0.,1.));
#7563=DIRECTION('',(0.,-1.,0.));
#7564=DIRECTION('',(-1.,-9.94680892188536E-17,0.));
#7565=DIRECTION('',(9.94680892188536E-17,-1.,0.));
#7566=DIRECTION('',(0.,0.,1.));
#7567=DIRECTION('',(-9.94680892188536E-17,1.,0.));
#7568=DIRECTION('',(0.,0.,1.));
#7569=DIRECTION('',(-0.707106781186548,0.707106781186547,0.));
#7570=DIRECTION('',(-0.707106781186547,-0.707106781186548,0.));
#7571=DIRECTION('',(0.,0.,1.));
#7572=DIRECTION('',(0.707106781186547,0.707106781186548,0.));
#7573=DIRECTION('',(1.73472347597681E-16,1.,0.));
#7574=DIRECTION('',(-1.,1.73472347597681E-16,0.));
#7575=DIRECTION('',(0.,0.,1.));
#7576=DIRECTION('',(1.,-1.73472347597681E-16,0.));
#7577=DIRECTION('',(0.,0.,1.));
#7578=DIRECTION('',(0.,-1.,0.));
#7579=DIRECTION('',(0.,0.,1.));
#7580=DIRECTION('',(0.,0.,1.));
#7581=DIRECTION('',(0.,-1.,0.));
#7582=DIRECTION('',(1.,0.,0.));
#7583=DIRECTION('',(0.,1.,0.));
#7584=DIRECTION('',(0.,0.,1.));
#7585=DIRECTION('',(0.,-1.,0.));
#7586=DIRECTION('',(0.,0.,1.));
#7587=DIRECTION('',(0.,-1.,0.));
#7588=DIRECTION('',(0.,0.,1.));
#7589=DIRECTION('',(0.,0.,1.));
#7590=DIRECTION('',(0.,-1.,0.));
#7591=DIRECTION('',(-7.74430123203933E-17,-1.,0.));
#7592=DIRECTION('',(1.,-7.74430123203933E-17,0.));
#7593=DIRECTION('',(0.,0.,1.));
#7594=DIRECTION('',(-1.,7.74430123203933E-17,0.));
#7595=DIRECTION('',(0.,0.,1.));
#7596=DIRECTION('',(0.,-1.,0.));
#7597=DIRECTION('',(0.,0.,1.));
#7598=DIRECTION('',(0.,-1.,0.));
#7599=DIRECTION('',(0.,0.,1.));
#7600=DIRECTION('',(0.,-1.,0.));
#7601=DIRECTION('',(1.01192202765314E-15,-1.,0.));
#7602=DIRECTION('',(1.,1.01192202765314E-15,0.));
#7603=DIRECTION('',(-1.,-1.01192202765314E-15,0.));
#7604=DIRECTION('',(0.,0.,1.));
#7605=DIRECTION('',(0.,-1.,0.));
#7606=DIRECTION('',(1.01192202765314E-15,-1.,0.));
#7607=DIRECTION('',(1.,1.01192202765314E-15,0.));
#7608=DIRECTION('',(-1.,-1.01192202765314E-15,0.));
#7609=DIRECTION('',(0.,0.,1.));
#7610=DIRECTION('',(0.,-1.,0.));
#7611=DIRECTION('',(1.01192202765314E-15,-1.,0.));
#7612=DIRECTION('',(1.,1.01192202765314E-15,0.));
#7613=DIRECTION('',(-1.,-1.01192202765314E-15,0.));
#7614=DIRECTION('',(0.,0.,1.));
#7615=DIRECTION('',(0.,-1.,0.));
#7616=DIRECTION('',(1.01192202765314E-15,-1.,0.));
#7617=DIRECTION('',(1.,1.01192202765314E-15,0.));
#7618=DIRECTION('',(-1.,-1.01192202765314E-15,0.));
#7619=DIRECTION('',(0.,0.,1.));
#7620=DIRECTION('',(0.,-1.,0.));
#7621=DIRECTION('',(1.01192202765314E-15,-1.,0.));
#7622=DIRECTION('',(1.,1.01192202765314E-15,0.));
#7623=DIRECTION('',(-1.,-1.01192202765314E-15,0.));
#7624=DIRECTION('',(0.,0.,1.));
#7625=DIRECTION('',(0.,-1.,0.));
#7626=DIRECTION('',(1.01192202765314E-15,-1.,0.));
#7627=DIRECTION('',(1.,1.01192202765314E-15,0.));
#7628=DIRECTION('',(-1.,-1.01192202765314E-15,0.));
#7629=DIRECTION('',(0.,0.,1.));
#7630=DIRECTION('',(0.,-1.,0.));
#7631=DIRECTION('',(-1.,-1.01192202765314E-15,0.));
#7632=DIRECTION('',(1.01192202765314E-15,-1.,0.));
#7633=DIRECTION('',(-1.01192202765314E-15,1.,0.));
#7634=DIRECTION('',(0.,0.,1.));
#7635=DIRECTION('',(0.,-1.,0.));
#7636=DIRECTION('',(-1.,-1.01192202765314E-15,0.));
#7637=DIRECTION('',(1.01192202765314E-15,-1.,0.));
#7638=DIRECTION('',(-1.01192202765314E-15,1.,-2.71050543121376E-16));
#7639=DIRECTION('',(-2.93873587705572E-31,2.71050543121376E-16,1.));
#7640=DIRECTION('',(0.,-1.,2.71050543121376E-16));
#7641=DIRECTION('',(-1.,-1.01192202765314E-15,0.));
#7642=DIRECTION('',(1.01192202765314E-15,-1.,0.));
#7643=DIRECTION('',(-1.01192202765314E-15,1.,-2.71050543121376E-16));
#7644=DIRECTION('',(-2.93873587705572E-31,2.71050543121376E-16,1.));
#7645=DIRECTION('',(0.,-1.,2.71050543121376E-16));
#7646=DIRECTION('',(-1.,-1.01192202765314E-15,0.));
#7647=DIRECTION('',(1.01192202765314E-15,-1.,0.));
#7648=DIRECTION('',(-1.01192202765314E-15,1.,2.71050543121376E-16));
#7649=DIRECTION('',(2.93873587705572E-31,-2.71050543121376E-16,1.));
#7650=DIRECTION('',(0.,-1.,-2.71050543121376E-16));
#7651=DIRECTION('',(-1.,-1.01192202765314E-15,0.));
#7652=DIRECTION('',(1.01192202765314E-15,-1.,0.));
#7653=DIRECTION('',(-1.01192202765314E-15,1.,2.71050543121376E-16));
#7654=DIRECTION('',(2.93873587705572E-31,-2.71050543121376E-16,1.));
#7655=DIRECTION('',(0.,-1.,-2.71050543121376E-16));
#7656=DIRECTION('',(-1.,-1.01192202765314E-15,0.));
#7657=DIRECTION('',(1.01192202765314E-15,-1.,0.));
#7658=DIRECTION('',(-1.01192202765314E-15,1.,0.));
#7659=DIRECTION('',(0.,0.,1.));
#7660=DIRECTION('',(0.,-1.,0.));
#7661=DIRECTION('',(1.,0.,0.));
#7662=DIRECTION('',(0.,1.,0.));
#7663=DIRECTION('',(0.,-1.,0.));
#7664=DIRECTION('',(0.,0.,1.));
#7665=DIRECTION('',(0.,-1.,0.));
#7666=DIRECTION('',(1.,0.,0.));
#7667=DIRECTION('',(0.,1.,0.));
#7668=DIRECTION('',(0.,-1.,2.71050543121376E-16));
#7669=DIRECTION('',(0.,2.71050543121376E-16,1.));
#7670=DIRECTION('',(0.,-1.,2.71050543121376E-16));
#7671=DIRECTION('',(1.,0.,0.));
#7672=DIRECTION('',(0.,1.,0.));
#7673=DIRECTION('',(0.,-1.,2.71050543121376E-16));
#7674=DIRECTION('',(0.,2.71050543121376E-16,1.));
#7675=DIRECTION('',(0.,-1.,2.71050543121376E-16));
#7676=DIRECTION('',(1.,0.,0.));
#7677=DIRECTION('',(0.,1.,0.));
#7678=DIRECTION('',(0.,-1.,-2.71050543121376E-16));
#7679=DIRECTION('',(0.,-2.71050543121376E-16,1.));
#7680=DIRECTION('',(0.,-1.,-2.71050543121376E-16));
#7681=DIRECTION('',(1.,0.,0.));
#7682=DIRECTION('',(0.,1.,0.));
#7683=DIRECTION('',(0.,-1.,-2.71050543121376E-16));
#7684=DIRECTION('',(0.,-2.71050543121376E-16,1.));
#7685=DIRECTION('',(0.,-1.,-2.71050543121376E-16));
#7686=DIRECTION('',(1.,0.,0.));
#7687=DIRECTION('',(0.,1.,0.));
#7688=DIRECTION('',(0.,-1.,0.));
#7689=DIRECTION('',(0.,0.,1.));
#7690=DIRECTION('',(0.,-1.,0.));
#7691=DIRECTION('',(-1.01192202765314E-15,1.,0.));
#7692=DIRECTION('',(-1.,-1.01192202765314E-15,0.));
#7693=DIRECTION('',(1.,1.01192202765314E-15,0.));
#7694=DIRECTION('',(0.,0.,1.));
#7695=DIRECTION('',(0.,-1.,0.));
#7696=DIRECTION('',(-1.01192202765314E-15,1.,0.));
#7697=DIRECTION('',(-1.,-1.01192202765314E-15,0.));
#7698=DIRECTION('',(1.,1.01192202765314E-15,0.));
#7699=DIRECTION('',(0.,0.,1.));
#7700=DIRECTION('',(0.,-1.,0.));
#7701=DIRECTION('',(-1.01192202765314E-15,1.,0.));
#7702=DIRECTION('',(-1.,-1.01192202765314E-15,0.));
#7703=DIRECTION('',(1.,1.01192202765314E-15,0.));
#7704=DIRECTION('',(0.,0.,1.));
#7705=DIRECTION('',(0.,-1.,0.));
#7706=DIRECTION('',(-1.01192202765314E-15,1.,0.));
#7707=DIRECTION('',(-1.,-1.01192202765314E-15,0.));
#7708=DIRECTION('',(1.,1.01192202765314E-15,0.));
#7709=DIRECTION('',(0.,0.,1.));
#7710=DIRECTION('',(0.,-1.,0.));
#7711=DIRECTION('',(-1.01192202765314E-15,1.,0.));
#7712=DIRECTION('',(-1.,-1.01192202765314E-15,0.));
#7713=DIRECTION('',(1.,1.01192202765314E-15,0.));
#7714=DIRECTION('',(0.,0.,1.));
#7715=DIRECTION('',(0.,-1.,0.));
#7716=DIRECTION('',(-1.01192202765314E-15,1.,0.));
#7717=DIRECTION('',(-1.,-1.01192202765314E-15,0.));
#7718=DIRECTION('',(1.,1.01192202765314E-15,0.));
#7719=DIRECTION('',(0.,0.,1.));
#7720=DIRECTION('',(0.,-1.,0.));
#7721=CARTESIAN_POINT('',(0.,0.,0.));
#7722=CARTESIAN_POINT('',(-0.575,-1.325,-3.34381777829016));
#7723=CARTESIAN_POINT('',(-0.575,-1.25,-3.34381777829016));
#7724=CARTESIAN_POINT('',(-0.575,-1.25,-3.25260651745651E-16));
#7725=CARTESIAN_POINT('',(-0.575,-1.25,0.0499999999999998));
#7726=CARTESIAN_POINT('',(-0.575,-1.325,0.0499999999999998));
#7727=CARTESIAN_POINT('',(-0.5,-1.325,0.0499999999999998));
#7728=CARTESIAN_POINT('',(-0.5,-1.325,-3.34381777829016));
#7729=CARTESIAN_POINT('',(-0.5,-1.325,-3.25260651745651E-16));
#7730=CARTESIAN_POINT('',(-0.575,-1.325,-3.25260651745651E-16));
#7731=CARTESIAN_POINT('',(-0.5,-1.325,-3.34381777829016));
#7732=CARTESIAN_POINT('',(-0.5,-1.325,0.0499999999999998));
#7733=CARTESIAN_POINT('',(-0.5,-1.55,0.0499999999999998));
#7734=CARTESIAN_POINT('',(-0.5,-1.55,-3.32036915323686E-16));
#7735=CARTESIAN_POINT('',(-0.5,-1.55,0.15));
#7736=CARTESIAN_POINT('',(-0.5,-1.55259613542218,0.15));
#7737=CARTESIAN_POINT('',(-0.5,-1.55259613542218,0.15));
#7738=CARTESIAN_POINT('',(-0.5,-1.55259613542218,-3.32036915323686E-16));
#7739=CARTESIAN_POINT('',(-0.5,-1.55259613542218,-3.32036915323686E-16));
#7740=CARTESIAN_POINT('',(-0.5,-1.325,-3.25260651745651E-16));
#7741=CARTESIAN_POINT('',(-0.7,-1.55,-3.34381777829016));
#7742=CARTESIAN_POINT('',(-0.7,-1.325,0.0499999999999998));
#7743=CARTESIAN_POINT('',(-0.7,-1.55,0.0499999999999998));
#7744=CARTESIAN_POINT('',(-0.7,-1.325,0.0499999999999998));
#7745=CARTESIAN_POINT('',(-0.7,-1.325,-3.34381777829016));
#7746=CARTESIAN_POINT('',(-0.7,-1.325,-3.25260651745651E-16));
#7747=CARTESIAN_POINT('',(-0.7,-1.55,-3.25260651745651E-16));
#7748=CARTESIAN_POINT('',(-0.700000000000001,-1.55259613542218,-3.32036915323686E-16));
#7749=CARTESIAN_POINT('',(-0.700000000000001,-1.55259613542218,0.0499999999999998));
#7750=CARTESIAN_POINT('',(-0.700000000000001,-1.55259613542218,0.15));
#7751=CARTESIAN_POINT('',(-0.700000000000001,-1.55259613542218,0.15));
#7752=CARTESIAN_POINT('',(-0.700000000000001,-1.55,0.15));
#7753=CARTESIAN_POINT('',(-0.700000000000001,-1.55,0.0499999999999998));
#7754=CARTESIAN_POINT('',(-0.625,-1.325,-3.34381777829016));
#7755=CARTESIAN_POINT('',(-0.625,-1.325,0.0499999999999998));
#7756=CARTESIAN_POINT('',(-0.625,-1.25,0.0499999999999998));
#7757=CARTESIAN_POINT('',(-0.625,-1.25,-3.34381777829016));
#7758=CARTESIAN_POINT('',(-0.625,-1.25,-3.25260651745651E-16));
#7759=CARTESIAN_POINT('',(-0.625,-1.325,-3.25260651745651E-16));
#7760=CARTESIAN_POINT('',(-0.625,-1.25,-3.34381777829016));
#7761=CARTESIAN_POINT('',(-0.575,-1.25,0.0499999999999998));
#7762=CARTESIAN_POINT('',(-0.625,-1.25,-3.25260651745651E-16));
#7763=CARTESIAN_POINT('',(0.,-0.0500000000000004,-3.25260651745651E-16));
#7764=CARTESIAN_POINT('',(-0.700000000000001,-1.55259613542218,-3.32036915323686E-16));
#7765=CARTESIAN_POINT('',(-0.5,-1.55,-3.34381777829016));
#7766=CARTESIAN_POINT('',(1.5,-1.55,0.0499999999999998));
#7767=CARTESIAN_POINT('',(0.700000000000004,-1.55,0.0499999999999998));
#7768=CARTESIAN_POINT('',(0.9,-1.55,0.0499999999999998));
#7769=CARTESIAN_POINT('',(0.900000000000004,-1.55,0.15));
#7770=CARTESIAN_POINT('',(0.900000000000004,-1.55,0.15));
#7771=CARTESIAN_POINT('',(1.1,-1.55,0.15));
#7772=CARTESIAN_POINT('',(1.1,-1.55,0.15));
#7773=CARTESIAN_POINT('',(1.1,-1.55,-3.32036915323686E-16));
#7774=CARTESIAN_POINT('',(1.1,-1.55,0.0499999999999998));
#7775=CARTESIAN_POINT('',(1.5,-1.55,0.0499999999999998));
#7776=CARTESIAN_POINT('',(1.5,-1.55,0.0499999999999998));
#7777=CARTESIAN_POINT('',(1.5,-1.55,1.05));
#7778=CARTESIAN_POINT('',(1.5,-1.55,1.));
#7779=CARTESIAN_POINT('',(1.5,-1.55,1.));
#7780=CARTESIAN_POINT('',(-1.5,-1.55,1.));
#7781=CARTESIAN_POINT('',(-1.5,-1.55,1.05));
#7782=CARTESIAN_POINT('',(-1.5,-1.55,0.0499999999999998));
#7783=CARTESIAN_POINT('',(1.5,-1.55,0.0499999999999998));
#7784=CARTESIAN_POINT('',(-1.1,-1.55,0.0499999999999998));
#7785=CARTESIAN_POINT('',(-1.1,-1.55,0.0499999999999998));
#7786=CARTESIAN_POINT('',(-1.1,-1.55,0.15));
#7787=CARTESIAN_POINT('',(-1.1,-1.55,0.15));
#7788=CARTESIAN_POINT('',(-0.900000000000001,-1.55,0.15));
#7789=CARTESIAN_POINT('',(-0.9,-1.55,-3.32036915323686E-16));
#7790=CARTESIAN_POINT('',(-0.900000000000001,-1.55,0.0499999999999998));
#7791=CARTESIAN_POINT('',(1.5,-1.55,0.0499999999999998));
#7792=CARTESIAN_POINT('',(-0.700000000000001,-1.55,0.15));
#7793=CARTESIAN_POINT('',(1.5,-1.55,0.0499999999999998));
#7794=CARTESIAN_POINT('',(-0.3,-1.55,0.0499999999999998));
#7795=CARTESIAN_POINT('',(-0.3,-1.55,0.0499999999999998));
#7796=CARTESIAN_POINT('',(-0.3,-1.55,0.15));
#7797=CARTESIAN_POINT('',(-0.3,-1.55,0.15));
#7798=CARTESIAN_POINT('',(-0.1,-1.55,0.15));
#7799=CARTESIAN_POINT('',(-0.1,-1.55,-3.32036915323686E-16));
#7800=CARTESIAN_POINT('',(-0.1,-1.55,0.0499999999999998));
#7801=CARTESIAN_POINT('',(1.5,-1.55,0.0499999999999998));
#7802=CARTESIAN_POINT('',(0.0999999999999998,-1.55,0.0499999999999998));
#7803=CARTESIAN_POINT('',(0.100000000000004,-1.55,0.15));
#7804=CARTESIAN_POINT('',(0.100000000000004,-1.55,0.15));
#7805=CARTESIAN_POINT('',(0.300000000000004,-1.55,0.15));
#7806=CARTESIAN_POINT('',(0.300000000000004,-1.55,0.15));
#7807=CARTESIAN_POINT('',(0.300000000000003,-1.55,-3.32036915323686E-16));
#7808=CARTESIAN_POINT('',(0.300000000000004,-1.55,0.0499999999999998));
#7809=CARTESIAN_POINT('',(1.5,-1.55,0.0499999999999998));
#7810=CARTESIAN_POINT('',(0.5,-1.55,0.0499999999999998));
#7811=CARTESIAN_POINT('',(0.500000000000004,-1.55,0.15));
#7812=CARTESIAN_POINT('',(0.500000000000004,-1.55,0.15));
#7813=CARTESIAN_POINT('',(0.700000000000004,-1.55,0.15));
#7814=CARTESIAN_POINT('',(0.700000000000004,-1.55,0.15));
#7815=CARTESIAN_POINT('',(0.700000000000004,-1.55,-3.32036915323686E-16));
#7816=CARTESIAN_POINT('',(0.225,-1.325,-3.34381777829016));
#7817=CARTESIAN_POINT('',(0.225,-1.25,-3.34381777829016));
#7818=CARTESIAN_POINT('',(0.225,-1.25,-3.25260651745651E-16));
#7819=CARTESIAN_POINT('',(0.225,-1.25,0.0499999999999998));
#7820=CARTESIAN_POINT('',(0.225,-1.325,0.0499999999999998));
#7821=CARTESIAN_POINT('',(0.3,-1.325,0.0499999999999998));
#7822=CARTESIAN_POINT('',(0.3,-1.325,-3.34381777829016));
#7823=CARTESIAN_POINT('',(0.3,-1.325,-3.25260651745651E-16));
#7824=CARTESIAN_POINT('',(0.225,-1.325,-3.25260651745651E-16));
#7825=CARTESIAN_POINT('',(0.3,-1.325,-3.34381777829016));
#7826=CARTESIAN_POINT('',(0.3,-1.325,0.0499999999999998));
#7827=CARTESIAN_POINT('',(0.300000000000004,-1.55259613542218,0.15));
#7828=CARTESIAN_POINT('',(0.300000000000004,-1.55259613542218,0.15));
#7829=CARTESIAN_POINT('',(0.300000000000003,-1.55259613542218,-3.32036915323686E-16));
#7830=CARTESIAN_POINT('',(0.300000000000003,-1.55259613542218,-3.32036915323686E-16));
#7831=CARTESIAN_POINT('',(0.3,-1.325,-3.25260651745651E-16));
#7832=CARTESIAN_POINT('',(0.0999999999999998,-1.55,-3.34381777829016));
#7833=CARTESIAN_POINT('',(0.0999999999999998,-1.325,0.0499999999999998));
#7834=CARTESIAN_POINT('',(0.0999999999999998,-1.325,0.0499999999999998));
#7835=CARTESIAN_POINT('',(0.0999999999999998,-1.325,-3.34381777829016));
#7836=CARTESIAN_POINT('',(0.0999999999999999,-1.325,-3.25260651745651E-16));
#7837=CARTESIAN_POINT('',(0.0999999999999998,-1.55,-3.25260651745651E-16));
#7838=CARTESIAN_POINT('',(0.100000000000004,-1.55259613542218,-3.32036915323686E-16));
#7839=CARTESIAN_POINT('',(0.100000000000004,-1.55259613542218,0.15));
#7840=CARTESIAN_POINT('',(0.100000000000004,-1.55259613542218,0.15));
#7841=CARTESIAN_POINT('',(0.100000000000004,-1.55259613542218,0.15));
#7842=CARTESIAN_POINT('',(0.175,-1.325,-3.34381777829016));
#7843=CARTESIAN_POINT('',(0.175,-1.325,0.0499999999999998));
#7844=CARTESIAN_POINT('',(0.175,-1.25,0.0499999999999998));
#7845=CARTESIAN_POINT('',(0.175,-1.25,-3.34381777829016));
#7846=CARTESIAN_POINT('',(0.175,-1.25,-3.25260651745651E-16));
#7847=CARTESIAN_POINT('',(0.175,-1.325,-3.25260651745651E-16));
#7848=CARTESIAN_POINT('',(0.175,-1.25,-3.34381777829016));
#7849=CARTESIAN_POINT('',(0.225,-1.25,0.0499999999999998));
#7850=CARTESIAN_POINT('',(0.175,-1.25,-3.25260651745651E-16));
#7851=CARTESIAN_POINT('',(0.,-0.0500000000000004,-3.25260651745651E-16));
#7852=CARTESIAN_POINT('',(0.100000000000004,-1.55259613542218,-3.32036915323686E-16));
#7853=CARTESIAN_POINT('',(-0.175,-1.325,-3.34381777829016));
#7854=CARTESIAN_POINT('',(-0.175,-1.25,-3.34381777829016));
#7855=CARTESIAN_POINT('',(-0.175,-1.25,-3.25260651745651E-16));
#7856=CARTESIAN_POINT('',(-0.175,-1.25,0.0499999999999998));
#7857=CARTESIAN_POINT('',(-0.175,-1.325,0.0499999999999998));
#7858=CARTESIAN_POINT('',(-0.1,-1.325,0.0499999999999998));
#7859=CARTESIAN_POINT('',(-0.1,-1.325,-3.34381777829016));
#7860=CARTESIAN_POINT('',(-0.1,-1.325,-3.25260651745651E-16));
#7861=CARTESIAN_POINT('',(-0.175,-1.325,-3.25260651745651E-16));
#7862=CARTESIAN_POINT('',(-0.1,-1.325,-3.34381777829016));
#7863=CARTESIAN_POINT('',(-0.1,-1.325,0.0499999999999998));
#7864=CARTESIAN_POINT('',(-0.1,-1.55259613542218,0.15));
#7865=CARTESIAN_POINT('',(-0.1,-1.55259613542218,0.15));
#7866=CARTESIAN_POINT('',(-0.1,-1.55259613542218,-3.32036915323686E-16));
#7867=CARTESIAN_POINT('',(-0.1,-1.55259613542218,-3.32036915323686E-16));
#7868=CARTESIAN_POINT('',(-0.1,-1.325,-3.25260651745651E-16));
#7869=CARTESIAN_POINT('',(-0.3,-1.55,-3.34381777829016));
#7870=CARTESIAN_POINT('',(-0.3,-1.325,0.0499999999999998));
#7871=CARTESIAN_POINT('',(-0.3,-1.325,0.0499999999999998));
#7872=CARTESIAN_POINT('',(-0.3,-1.325,-3.34381777829016));
#7873=CARTESIAN_POINT('',(-0.3,-1.325,-3.25260651745651E-16));
#7874=CARTESIAN_POINT('',(-0.3,-1.55,-3.25260651745651E-16));
#7875=CARTESIAN_POINT('',(-0.3,-1.55259613542218,-3.32036915323686E-16));
#7876=CARTESIAN_POINT('',(-0.3,-1.55259613542218,0.0499999999999998));
#7877=CARTESIAN_POINT('',(-0.3,-1.55259613542218,0.15));
#7878=CARTESIAN_POINT('',(-0.3,-1.55259613542218,0.15));
#7879=CARTESIAN_POINT('',(-0.225,-1.325,-3.34381777829016));
#7880=CARTESIAN_POINT('',(-0.225,-1.325,0.0499999999999998));
#7881=CARTESIAN_POINT('',(-0.225,-1.25,0.0499999999999998));
#7882=CARTESIAN_POINT('',(-0.225,-1.25,-3.34381777829016));
#7883=CARTESIAN_POINT('',(-0.225,-1.25,-3.25260651745651E-16));
#7884=CARTESIAN_POINT('',(-0.225,-1.325,-3.25260651745651E-16));
#7885=CARTESIAN_POINT('',(-0.225,-1.25,-3.34381777829016));
#7886=CARTESIAN_POINT('',(-0.175,-1.25,0.0499999999999998));
#7887=CARTESIAN_POINT('',(-0.225,-1.25,-3.25260651745651E-16));
#7888=CARTESIAN_POINT('',(0.,-0.0500000000000004,-3.25260651745651E-16));
#7889=CARTESIAN_POINT('',(-0.3,-1.55259613542218,-3.32036915323686E-16));
#7890=CARTESIAN_POINT('',(-0.983578643762691,-1.35,-3.34381777829016));
#7891=CARTESIAN_POINT('',(-1.05428932188135,-1.27928932188135,-3.34381777829016));
#7892=CARTESIAN_POINT('',(-1.05428932188135,-1.27928932188135,-3.25260651745651E-16));
#7893=CARTESIAN_POINT('',(-1.05428932188135,-1.27928932188135,0.0499999999999998));
#7894=CARTESIAN_POINT('',(-0.983578643762691,-1.35,0.0499999999999998));
#7895=CARTESIAN_POINT('',(-0.983578643762691,-1.25,0.0499999999999998));
#7896=CARTESIAN_POINT('',(-0.983578643762691,-1.25,-3.34381777829016));
#7897=CARTESIAN_POINT('',(-0.983578643762691,-1.25,-3.25260651745651E-16));
#7898=CARTESIAN_POINT('',(-0.983578643762691,-1.35,-3.25260651745651E-16));
#7899=CARTESIAN_POINT('',(-0.983578643762691,-1.25,-3.34381777829016));
#7900=CARTESIAN_POINT('',(-0.975,-1.25,0.0499999999999998));
#7901=CARTESIAN_POINT('',(-0.975,-1.25,0.0499999999999998));
#7902=CARTESIAN_POINT('',(-0.975,-1.25,-3.34381777829016));
#7903=CARTESIAN_POINT('',(-0.975,-1.25,-3.25260651745651E-16));
#7904=CARTESIAN_POINT('',(-0.983578643762691,-1.25,-3.25260651745651E-16));
#7905=CARTESIAN_POINT('',(-0.975,-1.325,-3.34381777829016));
#7906=CARTESIAN_POINT('',(-0.975,-1.325,0.0499999999999998));
#7907=CARTESIAN_POINT('',(-0.9,-1.325,0.0499999999999998));
#7908=CARTESIAN_POINT('',(-0.9,-1.325,-3.34381777829016));
#7909=CARTESIAN_POINT('',(-0.9,-1.325,-3.25260651745651E-16));
#7910=CARTESIAN_POINT('',(-0.975,-1.325,-3.25260651745651E-16));
#7911=CARTESIAN_POINT('',(-0.9,-1.325,-3.34381777829016));
#7912=CARTESIAN_POINT('',(-0.9,-1.325,0.0499999999999998));
#7913=CARTESIAN_POINT('',(-0.900000000000001,-1.55259613542218,0.15));
#7914=CARTESIAN_POINT('',(-0.900000000000001,-1.55259613542218,0.15));
#7915=CARTESIAN_POINT('',(-0.900000000000001,-1.55259613542218,0.15));
#7916=CARTESIAN_POINT('',(-0.9,-1.55259613542218,-3.32036915323686E-16));
#7917=CARTESIAN_POINT('',(-0.9,-1.325,-3.25260651745651E-16));
#7918=CARTESIAN_POINT('',(-1.1,-1.55,-3.34381777829016));
#7919=CARTESIAN_POINT('',(-1.1,-1.36642135623731,0.0499999999999998));
#7920=CARTESIAN_POINT('',(-1.1,-1.36642135623731,0.0499999999999998));
#7921=CARTESIAN_POINT('',(-1.1,-1.36642135623731,-3.34381777829016));
#7922=CARTESIAN_POINT('',(-1.1,-1.36642135623731,-3.25260651745651E-16));
#7923=CARTESIAN_POINT('',(-1.1,-1.55,-3.25260651745651E-16));
#7924=CARTESIAN_POINT('',(-1.1,-1.55259613542218,-3.32036915323686E-16));
#7925=CARTESIAN_POINT('',(-1.1,-1.55259613542218,-3.32036915323686E-16));
#7926=CARTESIAN_POINT('',(-1.1,-1.55259613542218,0.15));
#7927=CARTESIAN_POINT('',(-1.1,-1.55259613542218,0.15));
#7928=CARTESIAN_POINT('',(-1.,-1.36642135623731,-3.34381777829016));
#7929=CARTESIAN_POINT('',(-1.,-1.36642135623731,0.0499999999999998));
#7930=CARTESIAN_POINT('',(-1.07071067811865,-1.29571067811865,0.0499999999999998));
#7931=CARTESIAN_POINT('',(-1.07071067811865,-1.29571067811865,-3.34381777829016));
#7932=CARTESIAN_POINT('',(-1.07071067811865,-1.29571067811865,-3.25260651745651E-16));
#7933=CARTESIAN_POINT('',(-1.,-1.36642135623731,-3.25260651745651E-16));
#7934=CARTESIAN_POINT('',(-1.07071067811865,-1.29571067811865,-3.34381777829016));
#7935=CARTESIAN_POINT('',(-1.05428932188135,-1.27928932188135,0.0499999999999998));
#7936=CARTESIAN_POINT('',(-1.07071067811865,-1.29571067811865,-3.25260651745651E-16));
#7937=CARTESIAN_POINT('',(0.,-0.0500000000000004,-3.25260651745651E-16));
#7938=CARTESIAN_POINT('',(-1.1,-1.55259613542218,-3.32036915323686E-16));
#7939=CARTESIAN_POINT('',(0.625,-1.325,-3.34381777829016));
#7940=CARTESIAN_POINT('',(0.625,-1.25,-3.34381777829016));
#7941=CARTESIAN_POINT('',(0.625,-1.25,-3.25260651745651E-16));
#7942=CARTESIAN_POINT('',(0.625,-1.25,0.0499999999999998));
#7943=CARTESIAN_POINT('',(0.625,-1.325,0.0499999999999998));
#7944=CARTESIAN_POINT('',(0.7,-1.325,0.0499999999999998));
#7945=CARTESIAN_POINT('',(0.7,-1.325,-3.34381777829016));
#7946=CARTESIAN_POINT('',(0.7,-1.325,-3.25260651745651E-16));
#7947=CARTESIAN_POINT('',(0.625,-1.325,-3.25260651745651E-16));
#7948=CARTESIAN_POINT('',(0.7,-1.325,-3.34381777829016));
#7949=CARTESIAN_POINT('',(0.7,-1.325,0.0499999999999998));
#7950=CARTESIAN_POINT('',(0.700000000000004,-1.55259613542218,0.15));
#7951=CARTESIAN_POINT('',(0.700000000000004,-1.55259613542218,0.15));
#7952=CARTESIAN_POINT('',(0.700000000000004,-1.55259613542218,-3.32036915323686E-16));
#7953=CARTESIAN_POINT('',(0.700000000000004,-1.55259613542218,-3.32036915323686E-16));
#7954=CARTESIAN_POINT('',(0.7,-1.325,-3.25260651745651E-16));
#7955=CARTESIAN_POINT('',(0.5,-1.55,-3.34381777829016));
#7956=CARTESIAN_POINT('',(0.5,-1.325,0.0499999999999998));
#7957=CARTESIAN_POINT('',(0.5,-1.325,0.0499999999999998));
#7958=CARTESIAN_POINT('',(0.5,-1.325,-3.34381777829016));
#7959=CARTESIAN_POINT('',(0.5,-1.325,-3.25260651745651E-16));
#7960=CARTESIAN_POINT('',(0.5,-1.55,-3.25260651745651E-16));
#7961=CARTESIAN_POINT('',(0.500000000000004,-1.55259613542218,-3.32036915323686E-16));
#7962=CARTESIAN_POINT('',(0.500000000000004,-1.55259613542218,0.15));
#7963=CARTESIAN_POINT('',(0.500000000000004,-1.55259613542218,0.15));
#7964=CARTESIAN_POINT('',(0.500000000000004,-1.55259613542218,0.15));
#7965=CARTESIAN_POINT('',(0.575,-1.325,-3.34381777829016));
#7966=CARTESIAN_POINT('',(0.575,-1.325,0.0499999999999998));
#7967=CARTESIAN_POINT('',(0.575,-1.25,0.0499999999999998));
#7968=CARTESIAN_POINT('',(0.575,-1.25,-3.34381777829016));
#7969=CARTESIAN_POINT('',(0.575,-1.25,-3.25260651745651E-16));
#7970=CARTESIAN_POINT('',(0.575,-1.325,-3.25260651745651E-16));
#7971=CARTESIAN_POINT('',(0.575,-1.25,-3.34381777829016));
#7972=CARTESIAN_POINT('',(0.625,-1.25,0.0499999999999998));
#7973=CARTESIAN_POINT('',(0.575,-1.25,-3.25260651745651E-16));
#7974=CARTESIAN_POINT('',(0.,-0.0500000000000004,-3.25260651745651E-16));
#7975=CARTESIAN_POINT('',(0.500000000000004,-1.55259613542218,-3.32036915323686E-16));
#7976=CARTESIAN_POINT('',(0.975,-1.325,-3.34381777829016));
#7977=CARTESIAN_POINT('',(0.9,-1.325,-3.34381777829016));
#7978=CARTESIAN_POINT('',(0.9,-1.325,-3.25260651745651E-16));
#7979=CARTESIAN_POINT('',(0.9,-1.325,0.0499999999999998));
#7980=CARTESIAN_POINT('',(0.975,-1.325,0.0499999999999998));
#7981=CARTESIAN_POINT('',(0.975,-1.25,0.0499999999999998));
#7982=CARTESIAN_POINT('',(0.975,-1.25,-3.34381777829016));
#7983=CARTESIAN_POINT('',(0.975,-1.25,-3.25260651745651E-16));
#7984=CARTESIAN_POINT('',(0.975,-1.325,-3.25260651745651E-16));
#7985=CARTESIAN_POINT('',(0.975,-1.25,-3.34381777829016));
#7986=CARTESIAN_POINT('',(0.975,-1.25,0.0499999999999998));
#7987=CARTESIAN_POINT('',(0.983578643762691,-1.25,0.0499999999999998));
#7988=CARTESIAN_POINT('',(0.983578643762691,-1.25,-3.34381777829016));
#7989=CARTESIAN_POINT('',(0.983578643762691,-1.25,-3.25260651745651E-16));
#7990=CARTESIAN_POINT('',(0.975,-1.25,-3.25260651745651E-16));
#7991=CARTESIAN_POINT('',(0.983578643762691,-1.35,-3.34381777829016));
#7992=CARTESIAN_POINT('',(0.983578643762691,-1.35,0.0499999999999998));
#7993=CARTESIAN_POINT('',(1.05428932188135,-1.27928932188135,0.0499999999999998));
#7994=CARTESIAN_POINT('',(1.05428932188135,-1.27928932188135,-3.34381777829016));
#7995=CARTESIAN_POINT('',(1.05428932188135,-1.27928932188135,-3.25260651745651E-16));
#7996=CARTESIAN_POINT('',(0.983578643762691,-1.35,-3.25260651745651E-16));
#7997=CARTESIAN_POINT('',(1.05428932188135,-1.27928932188135,-3.34381777829016));
#7998=CARTESIAN_POINT('',(1.05428932188135,-1.27928932188135,0.0499999999999998));
#7999=CARTESIAN_POINT('',(1.07071067811865,-1.29571067811865,0.0499999999999998));
#8000=CARTESIAN_POINT('',(1.07071067811865,-1.29571067811865,-3.34381777829016));
#8001=CARTESIAN_POINT('',(1.07071067811865,-1.29571067811865,-3.25260651745651E-16));
#8002=CARTESIAN_POINT('',(1.05428932188135,-1.27928932188135,-3.25260651745651E-16));
#8003=CARTESIAN_POINT('',(1.,-1.36642135623731,-3.34381777829016));
#8004=CARTESIAN_POINT('',(1.,-1.36642135623731,0.0499999999999998));
#8005=CARTESIAN_POINT('',(1.1,-1.36642135623731,0.0499999999999998));
#8006=CARTESIAN_POINT('',(1.1,-1.36642135623731,-3.34381777829016));
#8007=CARTESIAN_POINT('',(1.1,-1.36642135623731,-3.25260651745651E-16));
#8008=CARTESIAN_POINT('',(1.,-1.36642135623731,-3.25260651745651E-16));
#8009=CARTESIAN_POINT('',(1.1,-1.36642135623731,-3.34381777829016));
#8010=CARTESIAN_POINT('',(1.1,-1.36642135623731,0.0499999999999998));
#8011=CARTESIAN_POINT('',(1.1,-1.55259613542218,0.15));
#8012=CARTESIAN_POINT('',(1.1,-1.55259613542218,0.15));
#8013=CARTESIAN_POINT('',(1.1,-1.55259613542218,-3.32036915323686E-16));
#8014=CARTESIAN_POINT('',(1.1,-1.55259613542218,-3.32036915323686E-16));
#8015=CARTESIAN_POINT('',(1.1,-1.36642135623731,-3.25260651745651E-16));
#8016=CARTESIAN_POINT('',(0.9,-1.55,-3.34381777829016));
#8017=CARTESIAN_POINT('',(0.9,-1.325,0.0499999999999998));
#8018=CARTESIAN_POINT('',(0.9,-1.55,-3.25260651745651E-16));
#8019=CARTESIAN_POINT('',(0.900000000000004,-1.55259613542218,-3.32036915323686E-16));
#8020=CARTESIAN_POINT('',(0.900000000000004,-1.55259613542218,0.15));
#8021=CARTESIAN_POINT('',(0.900000000000004,-1.55259613542218,0.15));
#8022=CARTESIAN_POINT('',(0.900000000000004,-1.55259613542218,0.15));
#8023=CARTESIAN_POINT('',(0.,-0.0500000000000004,-3.25260651745651E-16));
#8024=CARTESIAN_POINT('',(0.900000000000004,-1.55259613542218,-3.32036915323686E-16));
#8025=CARTESIAN_POINT('',(1.275,-0.225000000000001,-3.34381777829016));
#8026=CARTESIAN_POINT('',(1.2,-0.225000000000001,-3.34381777829016));
#8027=CARTESIAN_POINT('',(1.2,-0.225000000000001,-3.25260651745651E-16));
#8028=CARTESIAN_POINT('',(1.2,-0.225000000000001,0.0499999999999998));
#8029=CARTESIAN_POINT('',(1.275,-0.225000000000001,0.0499999999999998));
#8030=CARTESIAN_POINT('',(1.275,-0.150000000000001,0.0499999999999998));
#8031=CARTESIAN_POINT('',(1.275,-0.150000000000001,-3.34381777829016));
#8032=CARTESIAN_POINT('',(1.275,-0.150000000000001,-3.25260651745651E-16));
#8033=CARTESIAN_POINT('',(1.275,-0.225000000000001,-3.25260651745651E-16));
#8034=CARTESIAN_POINT('',(1.275,-0.150000000000001,-3.34381777829016));
#8035=CARTESIAN_POINT('',(1.275,-0.150000000000001,0.0499999999999998));
#8036=CARTESIAN_POINT('',(1.5,-0.150000000000001,0.0499999999999998));
#8037=CARTESIAN_POINT('',(1.5,-0.150000000000001,-3.32036915323686E-16));
#8038=CARTESIAN_POINT('',(1.5,-0.150000000000001,0.15));
#8039=CARTESIAN_POINT('',(1.50557155429445,-0.150000000000001,0.15));
#8040=CARTESIAN_POINT('',(1.50557155429445,-0.150000000000001,0.15));
#8041=CARTESIAN_POINT('',(1.50557155429445,-0.150000000000001,-3.32036915323686E-16));
#8042=CARTESIAN_POINT('',(1.50557155429445,-0.150000000000001,-3.32036915323686E-16));
#8043=CARTESIAN_POINT('',(1.275,-0.150000000000001,-3.25260651745651E-16));
#8044=CARTESIAN_POINT('',(1.5,-0.350000000000001,-3.34381777829016));
#8045=CARTESIAN_POINT('',(1.275,-0.350000000000001,0.0499999999999998));
#8046=CARTESIAN_POINT('',(1.5,-0.350000000000001,0.0499999999999998));
#8047=CARTESIAN_POINT('',(1.275,-0.350000000000001,0.0499999999999998));
#8048=CARTESIAN_POINT('',(1.275,-0.350000000000001,-3.34381777829016));
#8049=CARTESIAN_POINT('',(1.275,-0.350000000000001,-3.25260651745651E-16));
#8050=CARTESIAN_POINT('',(1.5,-0.350000000000001,-3.25260651745651E-16));
#8051=CARTESIAN_POINT('',(1.50557155429445,-0.350000000000001,-3.32036915323686E-16));
#8052=CARTESIAN_POINT('',(1.50557155429445,-0.350000000000001,0.0499999999999998));
#8053=CARTESIAN_POINT('',(1.50557155429445,-0.350000000000001,0.15));
#8054=CARTESIAN_POINT('',(1.50557155429445,-0.350000000000001,0.15));
#8055=CARTESIAN_POINT('',(1.5,-0.350000000000001,0.15));
#8056=CARTESIAN_POINT('',(1.5,-0.350000000000001,0.0499999999999998));
#8057=CARTESIAN_POINT('',(1.275,-0.275000000000001,-3.34381777829016));
#8058=CARTESIAN_POINT('',(1.275,-0.275000000000001,0.0499999999999998));
#8059=CARTESIAN_POINT('',(1.2,-0.275000000000001,0.0499999999999998));
#8060=CARTESIAN_POINT('',(1.2,-0.275000000000001,-3.34381777829016));
#8061=CARTESIAN_POINT('',(1.2,-0.275000000000001,-3.25260651745651E-16));
#8062=CARTESIAN_POINT('',(1.275,-0.275000000000001,-3.25260651745651E-16));
#8063=CARTESIAN_POINT('',(1.2,-0.275000000000001,-3.34381777829016));
#8064=CARTESIAN_POINT('',(1.2,-0.225000000000001,0.0499999999999998));
#8065=CARTESIAN_POINT('',(1.2,-0.275000000000001,-3.25260651745651E-16));
#8066=CARTESIAN_POINT('',(0.,-0.0500000000000004,-3.25260651745651E-16));
#8067=CARTESIAN_POINT('',(1.50557155429445,-0.350000000000001,-3.32036915323686E-16));
#8068=CARTESIAN_POINT('',(1.5,-0.150000000000001,-3.34381777829016));
#8069=CARTESIAN_POINT('',(1.5,-1.55,0.0499999999999998));
#8070=CARTESIAN_POINT('',(1.5,-1.15,0.0499999999999998));
#8071=CARTESIAN_POINT('',(1.5,-1.15,0.0499999999999998));
#8072=CARTESIAN_POINT('',(1.5,-1.15,0.15));
#8073=CARTESIAN_POINT('',(1.5,-1.15,0.15));
#8074=CARTESIAN_POINT('',(1.5,-0.950000000000001,0.15));
#8075=CARTESIAN_POINT('',(1.5,-0.950000000000001,-3.32036915323686E-16));
#8076=CARTESIAN_POINT('',(1.5,-0.950000000000001,0.0499999999999998));
#8077=CARTESIAN_POINT('',(1.5,-1.55,0.0499999999999998));
#8078=CARTESIAN_POINT('',(1.5,-0.750000000000001,0.0499999999999998));
#8079=CARTESIAN_POINT('',(1.5,-0.750000000000001,0.0499999999999998));
#8080=CARTESIAN_POINT('',(1.5,-0.750000000000001,0.15));
#8081=CARTESIAN_POINT('',(1.5,-0.550000000000001,0.15));
#8082=CARTESIAN_POINT('',(1.5,-0.550000000000001,0.15));
#8083=CARTESIAN_POINT('',(1.5,-0.550000000000001,-3.32036915323686E-16));
#8084=CARTESIAN_POINT('',(1.5,-0.550000000000001,0.0499999999999998));
#8085=CARTESIAN_POINT('',(1.5,-1.55,0.0499999999999998));
#8086=CARTESIAN_POINT('',(1.5,-0.150000000000001,0.15));
#8087=CARTESIAN_POINT('',(1.5,-1.55,0.0499999999999998));
#8088=CARTESIAN_POINT('',(1.5,0.0499999999999993,0.0499999999999998));
#8089=CARTESIAN_POINT('',(1.5,0.0500000000000032,0.0499999999999998));
#8090=CARTESIAN_POINT('',(1.5,0.0500000000000032,0.15));
#8091=CARTESIAN_POINT('',(1.5,0.0500000000000032,0.15));
#8092=CARTESIAN_POINT('',(1.5,0.250000000000003,0.15));
#8093=CARTESIAN_POINT('',(1.5,0.250000000000003,-3.32036915323686E-16));
#8094=CARTESIAN_POINT('',(1.5,0.250000000000003,0.0499999999999998));
#8095=CARTESIAN_POINT('',(1.5,-1.55,0.0499999999999998));
#8096=CARTESIAN_POINT('',(1.5,0.449999999999999,0.0499999999999998));
#8097=CARTESIAN_POINT('',(1.5,0.450000000000003,0.0499999999999998));
#8098=CARTESIAN_POINT('',(1.5,0.450000000000003,0.15));
#8099=CARTESIAN_POINT('',(1.5,0.450000000000003,0.15));
#8100=CARTESIAN_POINT('',(1.5,0.650000000000003,0.15));
#8101=CARTESIAN_POINT('',(1.5,0.650000000000003,-3.32036915323686E-16));
#8102=CARTESIAN_POINT('',(1.5,0.650000000000003,0.0499999999999998));
#8103=CARTESIAN_POINT('',(1.5,-1.55,0.0499999999999998));
#8104=CARTESIAN_POINT('',(1.5,0.85,0.0499999999999998));
#8105=CARTESIAN_POINT('',(1.5,0.850000000000003,0.15));
#8106=CARTESIAN_POINT('',(1.5,0.850000000000003,0.15));
#8107=CARTESIAN_POINT('',(1.5,1.05,0.15));
#8108=CARTESIAN_POINT('',(1.5,1.05,0.15));
#8109=CARTESIAN_POINT('',(1.5,1.05,-3.32036915323686E-16));
#8110=CARTESIAN_POINT('',(1.5,1.05,0.0499999999999998));
#8111=CARTESIAN_POINT('',(1.5,-1.55,0.0499999999999998));
#8112=CARTESIAN_POINT('',(1.5,1.45,0.0499999999999998));
#8113=CARTESIAN_POINT('',(1.5,1.45,1.05));
#8114=CARTESIAN_POINT('',(1.5,1.45,1.));
#8115=CARTESIAN_POINT('',(1.5,-1.55,1.));
#8116=CARTESIAN_POINT('',(1.275,-0.675000000000001,-3.34381777829016));
#8117=CARTESIAN_POINT('',(1.275,-0.750000000000001,-3.34381777829016));
#8118=CARTESIAN_POINT('',(1.275,-0.750000000000001,-3.25260651745651E-16));
#8119=CARTESIAN_POINT('',(1.275,-0.750000000000001,0.0499999999999998));
#8120=CARTESIAN_POINT('',(1.275,-0.675000000000001,0.0499999999999998));
#8121=CARTESIAN_POINT('',(1.2,-0.675000000000001,0.0499999999999998));
#8122=CARTESIAN_POINT('',(1.2,-0.675000000000001,-3.34381777829016));
#8123=CARTESIAN_POINT('',(1.2,-0.675000000000001,-3.25260651745651E-16));
#8124=CARTESIAN_POINT('',(1.275,-0.675000000000001,-3.25260651745651E-16));
#8125=CARTESIAN_POINT('',(1.2,-0.675000000000001,-3.34381777829016));
#8126=CARTESIAN_POINT('',(1.2,-0.625000000000001,0.0499999999999998));
#8127=CARTESIAN_POINT('',(1.2,-0.625000000000001,0.0499999999999998));
#8128=CARTESIAN_POINT('',(1.2,-0.625000000000001,-3.34381777829016));
#8129=CARTESIAN_POINT('',(1.2,-0.625000000000001,-3.25260651745651E-16));
#8130=CARTESIAN_POINT('',(1.2,-0.675000000000001,-3.25260651745651E-16));
#8131=CARTESIAN_POINT('',(1.275,-0.625000000000001,-3.34381777829016));
#8132=CARTESIAN_POINT('',(1.275,-0.625000000000001,0.0499999999999998));
#8133=CARTESIAN_POINT('',(1.275,-0.550000000000001,0.0499999999999998));
#8134=CARTESIAN_POINT('',(1.275,-0.550000000000001,-3.34381777829016));
#8135=CARTESIAN_POINT('',(1.275,-0.550000000000001,-3.25260651745651E-16));
#8136=CARTESIAN_POINT('',(1.275,-0.625000000000001,-3.25260651745651E-16));
#8137=CARTESIAN_POINT('',(1.275,-0.550000000000001,-3.34381777829016));
#8138=CARTESIAN_POINT('',(1.275,-0.550000000000001,0.0499999999999998));
#8139=CARTESIAN_POINT('',(1.50557155429445,-0.550000000000001,0.15));
#8140=CARTESIAN_POINT('',(1.50557155429445,-0.550000000000001,0.15));
#8141=CARTESIAN_POINT('',(1.50557155429445,-0.550000000000001,-3.32036915323686E-16));
#8142=CARTESIAN_POINT('',(1.50557155429445,-0.550000000000001,-3.32036915323686E-16));
#8143=CARTESIAN_POINT('',(1.275,-0.550000000000001,-3.25260651745651E-16));
#8144=CARTESIAN_POINT('',(1.5,-0.750000000000001,-3.34381777829016));
#8145=CARTESIAN_POINT('',(1.275,-0.750000000000001,0.0499999999999998));
#8146=CARTESIAN_POINT('',(1.5,-0.750000000000001,-3.25260651745651E-16));
#8147=CARTESIAN_POINT('',(1.50557155429445,-0.750000000000001,-3.32036915323686E-16));
#8148=CARTESIAN_POINT('',(1.50557155429445,-0.750000000000001,0.0499999999999998));
#8149=CARTESIAN_POINT('',(1.50557155429445,-0.750000000000001,0.15));
#8150=CARTESIAN_POINT('',(1.50557155429445,-0.750000000000001,0.15));
#8151=CARTESIAN_POINT('',(0.,-0.0500000000000004,-3.25260651745651E-16));
#8152=CARTESIAN_POINT('',(1.50557155429445,-0.750000000000001,-3.32036915323686E-16));
#8153=CARTESIAN_POINT('',(1.275,0.574999999999999,-3.34381777829016));
#8154=CARTESIAN_POINT('',(1.2,0.574999999999999,-3.34381777829016));
#8155=CARTESIAN_POINT('',(1.2,0.574999999999999,-3.25260651745651E-16));
#8156=CARTESIAN_POINT('',(1.2,0.574999999999999,0.0499999999999998));
#8157=CARTESIAN_POINT('',(1.275,0.574999999999999,0.0499999999999998));
#8158=CARTESIAN_POINT('',(1.275,0.649999999999999,0.0499999999999998));
#8159=CARTESIAN_POINT('',(1.275,0.649999999999999,-3.34381777829016));
#8160=CARTESIAN_POINT('',(1.275,0.649999999999999,-3.25260651745651E-16));
#8161=CARTESIAN_POINT('',(1.275,0.574999999999999,-3.25260651745651E-16));
#8162=CARTESIAN_POINT('',(1.275,0.649999999999999,-3.34381777829016));
#8163=CARTESIAN_POINT('',(1.275,0.649999999999999,0.0499999999999998));
#8164=CARTESIAN_POINT('',(1.50557155429445,0.650000000000003,0.15));
#8165=CARTESIAN_POINT('',(1.50557155429445,0.650000000000003,0.15));
#8166=CARTESIAN_POINT('',(1.50557155429445,0.650000000000003,-3.32036915323686E-16));
#8167=CARTESIAN_POINT('',(1.50557155429445,0.650000000000003,-3.32036915323686E-16));
#8168=CARTESIAN_POINT('',(1.275,0.649999999999999,-3.25260651745651E-16));
#8169=CARTESIAN_POINT('',(1.5,0.449999999999999,-3.34381777829016));
#8170=CARTESIAN_POINT('',(1.275,0.449999999999999,0.0499999999999998));
#8171=CARTESIAN_POINT('',(1.275,0.449999999999999,0.0499999999999998));
#8172=CARTESIAN_POINT('',(1.275,0.449999999999999,-3.34381777829016));
#8173=CARTESIAN_POINT('',(1.275,0.449999999999999,-3.25260651745651E-16));
#8174=CARTESIAN_POINT('',(1.5,0.449999999999999,-3.25260651745651E-16));
#8175=CARTESIAN_POINT('',(1.50557155429445,0.450000000000003,-3.32036915323686E-16));
#8176=CARTESIAN_POINT('',(1.50557155429445,0.450000000000003,0.0499999999999998));
#8177=CARTESIAN_POINT('',(1.50557155429445,0.450000000000003,0.15));
#8178=CARTESIAN_POINT('',(1.50557155429445,0.450000000000003,0.15));
#8179=CARTESIAN_POINT('',(1.275,0.524999999999999,-3.34381777829016));
#8180=CARTESIAN_POINT('',(1.275,0.524999999999999,0.0499999999999998));
#8181=CARTESIAN_POINT('',(1.2,0.524999999999999,0.0499999999999998));
#8182=CARTESIAN_POINT('',(1.2,0.524999999999999,-3.34381777829016));
#8183=CARTESIAN_POINT('',(1.2,0.524999999999999,-3.25260651745651E-16));
#8184=CARTESIAN_POINT('',(1.275,0.524999999999999,-3.25260651745651E-16));
#8185=CARTESIAN_POINT('',(1.2,0.524999999999999,-3.34381777829016));
#8186=CARTESIAN_POINT('',(1.2,0.574999999999999,0.0499999999999998));
#8187=CARTESIAN_POINT('',(1.2,0.524999999999999,-3.25260651745651E-16));
#8188=CARTESIAN_POINT('',(0.,-0.0500000000000004,-3.25260651745651E-16));
#8189=CARTESIAN_POINT('',(1.50557155429445,0.450000000000003,-3.32036915323686E-16));
#8190=CARTESIAN_POINT('',(1.275,0.124999999999999,-3.34381777829016));
#8191=CARTESIAN_POINT('',(1.275,0.0499999999999993,-3.34381777829016));
#8192=CARTESIAN_POINT('',(1.275,0.0499999999999993,-3.25260651745651E-16));
#8193=CARTESIAN_POINT('',(1.275,0.0499999999999994,0.0499999999999998));
#8194=CARTESIAN_POINT('',(1.275,0.124999999999999,0.0499999999999998));
#8195=CARTESIAN_POINT('',(1.2,0.124999999999999,0.0499999999999998));
#8196=CARTESIAN_POINT('',(1.2,0.124999999999999,-3.34381777829016));
#8197=CARTESIAN_POINT('',(1.2,0.124999999999999,-3.25260651745651E-16));
#8198=CARTESIAN_POINT('',(1.275,0.124999999999999,-3.25260651745651E-16));
#8199=CARTESIAN_POINT('',(1.2,0.124999999999999,-3.34381777829016));
#8200=CARTESIAN_POINT('',(1.2,0.174999999999999,0.0499999999999998));
#8201=CARTESIAN_POINT('',(1.2,0.174999999999999,0.0499999999999998));
#8202=CARTESIAN_POINT('',(1.2,0.174999999999999,-3.34381777829016));
#8203=CARTESIAN_POINT('',(1.2,0.174999999999999,-3.25260651745651E-16));
#8204=CARTESIAN_POINT('',(1.2,0.124999999999999,-3.25260651745651E-16));
#8205=CARTESIAN_POINT('',(1.275,0.174999999999999,-3.34381777829016));
#8206=CARTESIAN_POINT('',(1.275,0.174999999999999,0.0499999999999998));
#8207=CARTESIAN_POINT('',(1.275,0.249999999999999,0.0499999999999998));
#8208=CARTESIAN_POINT('',(1.275,0.249999999999999,-3.34381777829016));
#8209=CARTESIAN_POINT('',(1.275,0.249999999999999,-3.25260651745651E-16));
#8210=CARTESIAN_POINT('',(1.275,0.174999999999999,-3.25260651745651E-16));
#8211=CARTESIAN_POINT('',(1.275,0.249999999999999,-3.34381777829016));
#8212=CARTESIAN_POINT('',(1.275,0.249999999999999,0.0499999999999998));
#8213=CARTESIAN_POINT('',(1.50557155429445,0.250000000000003,0.15));
#8214=CARTESIAN_POINT('',(1.50557155429445,0.250000000000003,0.15));
#8215=CARTESIAN_POINT('',(1.50557155429445,0.250000000000003,-3.32036915323686E-16));
#8216=CARTESIAN_POINT('',(1.50557155429445,0.250000000000003,-3.32036915323686E-16));
#8217=CARTESIAN_POINT('',(1.275,0.249999999999999,-3.25260651745651E-16));
#8218=CARTESIAN_POINT('',(1.5,0.0499999999999993,-3.34381777829016));
#8219=CARTESIAN_POINT('',(1.275,0.0499999999999993,0.0499999999999998));
#8220=CARTESIAN_POINT('',(1.5,0.0499999999999993,-3.25260651745651E-16));
#8221=CARTESIAN_POINT('',(1.50557155429445,0.0500000000000031,-3.32036915323686E-16));
#8222=CARTESIAN_POINT('',(1.50557155429445,0.0500000000000032,0.0499999999999998));
#8223=CARTESIAN_POINT('',(1.50557155429445,0.0500000000000032,0.15));
#8224=CARTESIAN_POINT('',(1.50557155429445,0.0500000000000032,0.15));
#8225=CARTESIAN_POINT('',(0.,-0.0500000000000004,-3.25260651745651E-16));
#8226=CARTESIAN_POINT('',(1.50557155429445,0.0500000000000031,-3.32036915323686E-16));
#8227=CARTESIAN_POINT('',(1.3,0.933578643762691,-3.34381777829016));
#8228=CARTESIAN_POINT('',(1.2,0.933578643762691,-3.34381777829016));
#8229=CARTESIAN_POINT('',(1.2,0.933578643762691,-3.25260651745651E-16));
#8230=CARTESIAN_POINT('',(1.2,0.933578643762691,0.0499999999999998));
#8231=CARTESIAN_POINT('',(1.3,0.933578643762691,0.0499999999999998));
#8232=CARTESIAN_POINT('',(1.22928932188135,1.00428932188135,0.0499999999999998));
#8233=CARTESIAN_POINT('',(1.22928932188135,1.00428932188135,-3.34381777829016));
#8234=CARTESIAN_POINT('',(1.22928932188135,1.00428932188135,-3.25260651745651E-16));
#8235=CARTESIAN_POINT('',(1.3,0.933578643762691,-3.25260651745651E-16));
#8236=CARTESIAN_POINT('',(1.22928932188135,1.00428932188135,-3.34381777829016));
#8237=CARTESIAN_POINT('',(1.22928932188135,1.00428932188135,0.0499999999999998));
#8238=CARTESIAN_POINT('',(1.24571067811865,1.02071067811865,0.0499999999999998));
#8239=CARTESIAN_POINT('',(1.24571067811865,1.02071067811865,-3.34381777829016));
#8240=CARTESIAN_POINT('',(1.24571067811865,1.02071067811865,-3.25260651745651E-16));
#8241=CARTESIAN_POINT('',(1.22928932188135,1.00428932188135,-3.25260651745651E-16));
#8242=CARTESIAN_POINT('',(1.31642135623731,0.95,-3.34381777829016));
#8243=CARTESIAN_POINT('',(1.31642135623731,0.95,0.0499999999999998));
#8244=CARTESIAN_POINT('',(1.31642135623731,1.05,0.0499999999999998));
#8245=CARTESIAN_POINT('',(1.31642135623731,1.05,-3.34381777829016));
#8246=CARTESIAN_POINT('',(1.31642135623731,1.05,-3.25260651745651E-16));
#8247=CARTESIAN_POINT('',(1.31642135623731,0.95,-3.25260651745651E-16));
#8248=CARTESIAN_POINT('',(1.31642135623731,1.05,-3.34381777829016));
#8249=CARTESIAN_POINT('',(1.31642135623731,1.05,0.0499999999999998));
#8250=CARTESIAN_POINT('',(1.50557155429445,1.05,0.15));
#8251=CARTESIAN_POINT('',(1.50557155429445,1.05,0.15));
#8252=CARTESIAN_POINT('',(1.50557155429445,1.05,0.0499999999999998));
#8253=CARTESIAN_POINT('',(1.50557155429445,1.05,-3.32036915323686E-16));
#8254=CARTESIAN_POINT('',(1.31642135623731,1.05,-3.25260651745651E-16));
#8255=CARTESIAN_POINT('',(1.5,0.85,-3.34381777829016));
#8256=CARTESIAN_POINT('',(1.275,0.85,0.0499999999999998));
#8257=CARTESIAN_POINT('',(1.275,0.85,0.0499999999999998));
#8258=CARTESIAN_POINT('',(1.275,0.85,-3.34381777829016));
#8259=CARTESIAN_POINT('',(1.275,0.85,-3.25260651745651E-16));
#8260=CARTESIAN_POINT('',(1.5,0.85,-3.25260651745651E-16));
#8261=CARTESIAN_POINT('',(1.50557155429445,0.850000000000003,-3.32036915323686E-16));
#8262=CARTESIAN_POINT('',(1.50557155429445,0.850000000000003,-3.32036915323686E-16));
#8263=CARTESIAN_POINT('',(1.50557155429445,0.850000000000003,0.15));
#8264=CARTESIAN_POINT('',(1.50557155429445,0.850000000000003,0.15));
#8265=CARTESIAN_POINT('',(1.275,0.925,-3.34381777829016));
#8266=CARTESIAN_POINT('',(1.275,0.925,0.0499999999999998));
#8267=CARTESIAN_POINT('',(1.2,0.925,0.0499999999999998));
#8268=CARTESIAN_POINT('',(1.2,0.925,-3.34381777829016));
#8269=CARTESIAN_POINT('',(1.2,0.925,-3.25260651745651E-16));
#8270=CARTESIAN_POINT('',(1.275,0.925,-3.25260651745651E-16));
#8271=CARTESIAN_POINT('',(1.2,0.925,-3.34381777829016));
#8272=CARTESIAN_POINT('',(1.2,0.925,0.0499999999999998));
#8273=CARTESIAN_POINT('',(1.2,0.925,-3.25260651745651E-16));
#8274=CARTESIAN_POINT('',(0.,-0.0500000000000004,-3.25260651745651E-16));
#8275=CARTESIAN_POINT('',(1.50557155429445,0.850000000000003,-3.32036915323686E-16));
#8276=CARTESIAN_POINT('',(1.31642135623731,-1.05,-3.34381777829016));
#8277=CARTESIAN_POINT('',(1.31642135623731,-1.15,-3.34381777829016));
#8278=CARTESIAN_POINT('',(1.31642135623731,-1.15,-3.25260651745651E-16));
#8279=CARTESIAN_POINT('',(1.31642135623731,-1.15,0.0499999999999998));
#8280=CARTESIAN_POINT('',(1.31642135623731,-1.05,0.0499999999999998));
#8281=CARTESIAN_POINT('',(1.24571067811865,-1.12071067811866,0.0499999999999998));
#8282=CARTESIAN_POINT('',(1.24571067811865,-1.12071067811866,-3.34381777829016));
#8283=CARTESIAN_POINT('',(1.24571067811865,-1.12071067811866,-3.25260651745651E-16));
#8284=CARTESIAN_POINT('',(1.31642135623731,-1.05,-3.25260651745651E-16));
#8285=CARTESIAN_POINT('',(1.24571067811865,-1.12071067811866,-3.34381777829016));
#8286=CARTESIAN_POINT('',(1.22928932188135,-1.10428932188135,0.0499999999999998));
#8287=CARTESIAN_POINT('',(1.22928932188135,-1.10428932188135,0.0499999999999998));
#8288=CARTESIAN_POINT('',(1.22928932188135,-1.10428932188135,-3.34381777829016));
#8289=CARTESIAN_POINT('',(1.22928932188135,-1.10428932188135,-3.25260651745651E-16));
#8290=CARTESIAN_POINT('',(1.24571067811865,-1.12071067811866,-3.25260651745651E-16));
#8291=CARTESIAN_POINT('',(1.3,-1.03357864376269,-3.34381777829016));
#8292=CARTESIAN_POINT('',(1.3,-1.03357864376269,0.0499999999999998));
#8293=CARTESIAN_POINT('',(1.2,-1.03357864376269,0.0499999999999998));
#8294=CARTESIAN_POINT('',(1.2,-1.03357864376269,-3.34381777829016));
#8295=CARTESIAN_POINT('',(1.2,-1.03357864376269,-3.25260651745651E-16));
#8296=CARTESIAN_POINT('',(1.3,-1.03357864376269,-3.25260651745651E-16));
#8297=CARTESIAN_POINT('',(1.2,-1.03357864376269,-3.34381777829016));
#8298=CARTESIAN_POINT('',(1.2,-1.025,0.0499999999999998));
#8299=CARTESIAN_POINT('',(1.2,-1.025,0.0499999999999998));
#8300=CARTESIAN_POINT('',(1.2,-1.025,-3.34381777829016));
#8301=CARTESIAN_POINT('',(1.2,-1.025,-3.25260651745651E-16));
#8302=CARTESIAN_POINT('',(1.2,-1.03357864376269,-3.25260651745651E-16));
#8303=CARTESIAN_POINT('',(1.275,-1.025,-3.34381777829016));
#8304=CARTESIAN_POINT('',(1.275,-1.025,0.0499999999999998));
#8305=CARTESIAN_POINT('',(1.275,-0.950000000000001,0.0499999999999998));
#8306=CARTESIAN_POINT('',(1.275,-0.950000000000001,-3.34381777829016));
#8307=CARTESIAN_POINT('',(1.275,-0.950000000000001,-3.25260651745651E-16));
#8308=CARTESIAN_POINT('',(1.275,-1.025,-3.25260651745651E-16));
#8309=CARTESIAN_POINT('',(1.275,-0.950000000000001,-3.34381777829016));
#8310=CARTESIAN_POINT('',(1.275,-0.950000000000001,0.0499999999999998));
#8311=CARTESIAN_POINT('',(1.50557155429445,-0.950000000000001,0.15));
#8312=CARTESIAN_POINT('',(1.50557155429445,-0.950000000000001,0.15));
#8313=CARTESIAN_POINT('',(1.50557155429445,-0.950000000000001,-3.32036915323686E-16));
#8314=CARTESIAN_POINT('',(1.50557155429445,-0.950000000000001,-3.32036915323686E-16));
#8315=CARTESIAN_POINT('',(1.275,-0.950000000000001,-3.25260651745651E-16));
#8316=CARTESIAN_POINT('',(1.5,-1.15,-3.34381777829016));
#8317=CARTESIAN_POINT('',(1.31642135623731,-1.15,0.0499999999999998));
#8318=CARTESIAN_POINT('',(1.5,-1.15,-3.25260651745651E-16));
#8319=CARTESIAN_POINT('',(1.50557155429445,-1.15,-3.32036915323686E-16));
#8320=CARTESIAN_POINT('',(1.50557155429445,-1.15,0.0499999999999998));
#8321=CARTESIAN_POINT('',(1.50557155429445,-1.15,0.15));
#8322=CARTESIAN_POINT('',(1.50557155429445,-1.15,0.15));
#8323=CARTESIAN_POINT('',(0.,-0.0500000000000004,-3.25260651745651E-16));
#8324=CARTESIAN_POINT('',(1.50557155429445,-1.15,-3.32036915323686E-16));
#8325=CARTESIAN_POINT('',(0.575,1.225,-3.34381777829016));
#8326=CARTESIAN_POINT('',(0.575,1.15,-3.34381777829016));
#8327=CARTESIAN_POINT('',(0.575,1.15,-3.25260651745651E-16));
#8328=CARTESIAN_POINT('',(0.575,1.15,0.0499999999999998));
#8329=CARTESIAN_POINT('',(0.575,1.225,0.0499999999999998));
#8330=CARTESIAN_POINT('',(0.5,1.225,0.0499999999999998));
#8331=CARTESIAN_POINT('',(0.5,1.225,-3.34381777829016));
#8332=CARTESIAN_POINT('',(0.5,1.225,-3.25260651745651E-16));
#8333=CARTESIAN_POINT('',(0.575,1.225,-3.25260651745651E-16));
#8334=CARTESIAN_POINT('',(0.5,1.225,-3.34381777829016));
#8335=CARTESIAN_POINT('',(0.5,1.225,0.0499999999999998));
#8336=CARTESIAN_POINT('',(0.5,1.45,0.0499999999999998));
#8337=CARTESIAN_POINT('',(0.5,1.45,-3.32036915323686E-16));
#8338=CARTESIAN_POINT('',(0.5,1.45,0.15));
#8339=CARTESIAN_POINT('',(0.5,1.46010180284257,0.15));
#8340=CARTESIAN_POINT('',(0.5,1.46010180284257,0.15));
#8341=CARTESIAN_POINT('',(0.5,1.46010180284257,0.15));
#8342=CARTESIAN_POINT('',(0.5,1.46010180284257,-3.32036915323686E-16));
#8343=CARTESIAN_POINT('',(0.5,1.225,-3.25260651745651E-16));
#8344=CARTESIAN_POINT('',(0.700000000000001,1.45,-3.34381777829016));
#8345=CARTESIAN_POINT('',(0.7,1.225,0.0499999999999998));
#8346=CARTESIAN_POINT('',(0.700000000000001,1.45,0.0499999999999998));
#8347=CARTESIAN_POINT('',(0.7,1.225,0.0499999999999998));
#8348=CARTESIAN_POINT('',(0.7,1.225,-3.34381777829016));
#8349=CARTESIAN_POINT('',(0.7,1.225,-3.25260651745651E-16));
#8350=CARTESIAN_POINT('',(0.700000000000001,1.45,-3.25260651745651E-16));
#8351=CARTESIAN_POINT('',(0.700000000000001,1.46010180284257,-3.32036915323686E-16));
#8352=CARTESIAN_POINT('',(0.700000000000001,1.46010180284257,-3.32036915323686E-16));
#8353=CARTESIAN_POINT('',(0.700000000000001,1.46010180284257,0.15));
#8354=CARTESIAN_POINT('',(0.700000000000001,1.46010180284257,0.15));
#8355=CARTESIAN_POINT('',(0.700000000000001,1.45,0.15));
#8356=CARTESIAN_POINT('',(0.700000000000001,1.45,0.0499999999999998));
#8357=CARTESIAN_POINT('',(0.625,1.225,-3.34381777829016));
#8358=CARTESIAN_POINT('',(0.625,1.225,0.0499999999999998));
#8359=CARTESIAN_POINT('',(0.625,1.15,0.0499999999999998));
#8360=CARTESIAN_POINT('',(0.625,1.15,-3.34381777829016));
#8361=CARTESIAN_POINT('',(0.625,1.15,-3.25260651745651E-16));
#8362=CARTESIAN_POINT('',(0.625,1.225,-3.25260651745651E-16));
#8363=CARTESIAN_POINT('',(0.625,1.15,-3.34381777829016));
#8364=CARTESIAN_POINT('',(0.575,1.15,0.0499999999999998));
#8365=CARTESIAN_POINT('',(0.625,1.15,-3.25260651745651E-16));
#8366=CARTESIAN_POINT('',(0.,-0.0500000000000004,-3.25260651745651E-16));
#8367=CARTESIAN_POINT('',(0.700000000000001,1.46010180284257,-3.32036915323686E-16));
#8368=CARTESIAN_POINT('',(0.5,1.45,-3.34381777829016));
#8369=CARTESIAN_POINT('',(1.5,1.45,0.0499999999999998));
#8370=CARTESIAN_POINT('',(-0.300000000000003,1.45,0.0499999999999998));
#8371=CARTESIAN_POINT('',(-0.5,1.45,0.0499999999999998));
#8372=CARTESIAN_POINT('',(-0.500000000000004,1.45,0.15));
#8373=CARTESIAN_POINT('',(-0.500000000000004,1.45,0.15));
#8374=CARTESIAN_POINT('',(-0.700000000000004,1.45,0.15));
#8375=CARTESIAN_POINT('',(-0.700000000000004,1.45,0.15));
#8376=CARTESIAN_POINT('',(-0.700000000000004,1.45,-3.32036915323686E-16));
#8377=CARTESIAN_POINT('',(-0.700000000000004,1.45,0.0499999999999998));
#8378=CARTESIAN_POINT('',(1.5,1.45,0.0499999999999998));
#8379=CARTESIAN_POINT('',(-0.9,1.45,0.0499999999999998));
#8380=CARTESIAN_POINT('',(-0.900000000000004,1.45,0.15));
#8381=CARTESIAN_POINT('',(-0.900000000000004,1.45,0.15));
#8382=CARTESIAN_POINT('',(-1.1,1.45,0.15));
#8383=CARTESIAN_POINT('',(-1.1,1.45,0.15));
#8384=CARTESIAN_POINT('',(-1.1,1.45,-3.32036915323686E-16));
#8385=CARTESIAN_POINT('',(-1.1,1.45,0.0499999999999998));
#8386=CARTESIAN_POINT('',(1.5,1.45,0.0499999999999998));
#8387=CARTESIAN_POINT('',(-1.5,1.45,0.0499999999999998));
#8388=CARTESIAN_POINT('',(-1.5,1.45,1.05));
#8389=CARTESIAN_POINT('',(-1.5,1.45,1.));
#8390=CARTESIAN_POINT('',(1.5,1.45,1.));
#8391=CARTESIAN_POINT('',(1.5,1.45,0.0499999999999998));
#8392=CARTESIAN_POINT('',(1.1,1.45,0.0499999999999998));
#8393=CARTESIAN_POINT('',(1.1,1.45,0.0499999999999998));
#8394=CARTESIAN_POINT('',(1.1,1.45,0.15));
#8395=CARTESIAN_POINT('',(1.1,1.45,0.15));
#8396=CARTESIAN_POINT('',(0.900000000000001,1.45,0.15));
#8397=CARTESIAN_POINT('',(0.9,1.45,-3.32036915323686E-16));
#8398=CARTESIAN_POINT('',(0.9,1.45,0.0499999999999998));
#8399=CARTESIAN_POINT('',(1.5,1.45,0.0499999999999998));
#8400=CARTESIAN_POINT('',(0.700000000000001,1.45,0.15));
#8401=CARTESIAN_POINT('',(1.5,1.45,0.0499999999999998));
#8402=CARTESIAN_POINT('',(0.3,1.45,0.0499999999999998));
#8403=CARTESIAN_POINT('',(0.3,1.45,0.0499999999999998));
#8404=CARTESIAN_POINT('',(0.3,1.45,0.15));
#8405=CARTESIAN_POINT('',(0.3,1.45,0.15));
#8406=CARTESIAN_POINT('',(0.1,1.45,0.15));
#8407=CARTESIAN_POINT('',(0.1,1.45,-3.32036915323686E-16));
#8408=CARTESIAN_POINT('',(0.1,1.45,0.0499999999999998));
#8409=CARTESIAN_POINT('',(1.5,1.45,0.0499999999999998));
#8410=CARTESIAN_POINT('',(-0.0999999999999996,1.45,0.0499999999999998));
#8411=CARTESIAN_POINT('',(-0.100000000000004,1.45,0.15));
#8412=CARTESIAN_POINT('',(-0.100000000000004,1.45,0.15));
#8413=CARTESIAN_POINT('',(-0.300000000000004,1.45,0.15));
#8414=CARTESIAN_POINT('',(-0.300000000000004,1.45,0.15));
#8415=CARTESIAN_POINT('',(-0.300000000000003,1.45,-3.32036915323686E-16));
#8416=CARTESIAN_POINT('',(-0.225,1.225,-3.34381777829016));
#8417=CARTESIAN_POINT('',(-0.225,1.15,-3.34381777829016));
#8418=CARTESIAN_POINT('',(-0.225,1.15,-3.25260651745651E-16));
#8419=CARTESIAN_POINT('',(-0.225,1.15,0.0499999999999998));
#8420=CARTESIAN_POINT('',(-0.225,1.225,0.0499999999999998));
#8421=CARTESIAN_POINT('',(-0.3,1.225,0.0499999999999998));
#8422=CARTESIAN_POINT('',(-0.3,1.225,-3.34381777829016));
#8423=CARTESIAN_POINT('',(-0.3,1.225,-3.25260651745651E-16));
#8424=CARTESIAN_POINT('',(-0.225,1.225,-3.25260651745651E-16));
#8425=CARTESIAN_POINT('',(-0.3,1.225,-3.34381777829016));
#8426=CARTESIAN_POINT('',(-0.3,1.225,0.0499999999999998));
#8427=CARTESIAN_POINT('',(-0.300000000000004,1.46010180284257,0.15));
#8428=CARTESIAN_POINT('',(-0.300000000000004,1.46010180284257,0.15));
#8429=CARTESIAN_POINT('',(-0.300000000000003,1.46010180284257,0.0499999999999998));
#8430=CARTESIAN_POINT('',(-0.300000000000003,1.46010180284257,-3.32036915323686E-16));
#8431=CARTESIAN_POINT('',(-0.3,1.225,-3.25260651745651E-16));
#8432=CARTESIAN_POINT('',(-0.0999999999999996,1.45,-3.34381777829016));
#8433=CARTESIAN_POINT('',(-0.0999999999999997,1.225,0.0499999999999998));
#8434=CARTESIAN_POINT('',(-0.0999999999999998,1.225,0.0499999999999998));
#8435=CARTESIAN_POINT('',(-0.0999999999999997,1.225,-3.34381777829016));
#8436=CARTESIAN_POINT('',(-0.0999999999999998,1.225,-3.25260651745651E-16));
#8437=CARTESIAN_POINT('',(-0.0999999999999996,1.45,-3.25260651745651E-16));
#8438=CARTESIAN_POINT('',(-0.100000000000004,1.46010180284257,-3.32036915323686E-16));
#8439=CARTESIAN_POINT('',(-0.100000000000004,1.46010180284257,-3.32036915323686E-16));
#8440=CARTESIAN_POINT('',(-0.100000000000004,1.46010180284257,0.15));
#8441=CARTESIAN_POINT('',(-0.100000000000004,1.46010180284257,0.15));
#8442=CARTESIAN_POINT('',(-0.175,1.225,-3.34381777829016));
#8443=CARTESIAN_POINT('',(-0.175,1.225,0.0499999999999998));
#8444=CARTESIAN_POINT('',(-0.175,1.15,0.0499999999999998));
#8445=CARTESIAN_POINT('',(-0.175,1.15,-3.34381777829016));
#8446=CARTESIAN_POINT('',(-0.175,1.15,-3.25260651745651E-16));
#8447=CARTESIAN_POINT('',(-0.175,1.225,-3.25260651745651E-16));
#8448=CARTESIAN_POINT('',(-0.175,1.15,-3.34381777829016));
#8449=CARTESIAN_POINT('',(-0.225,1.15,0.0499999999999998));
#8450=CARTESIAN_POINT('',(-0.175,1.15,-3.25260651745651E-16));
#8451=CARTESIAN_POINT('',(0.,-0.0500000000000004,-3.25260651745651E-16));
#8452=CARTESIAN_POINT('',(-0.100000000000004,1.46010180284257,-3.32036915323686E-16));
#8453=CARTESIAN_POINT('',(0.225,1.225,-3.34381777829016));
#8454=CARTESIAN_POINT('',(0.3,1.225,-3.34381777829016));
#8455=CARTESIAN_POINT('',(0.3,1.225,-3.25260651745651E-16));
#8456=CARTESIAN_POINT('',(0.3,1.225,0.0499999999999998));
#8457=CARTESIAN_POINT('',(0.225,1.225,0.0499999999999998));
#8458=CARTESIAN_POINT('',(0.225,1.15,0.0499999999999998));
#8459=CARTESIAN_POINT('',(0.225,1.15,-3.34381777829016));
#8460=CARTESIAN_POINT('',(0.225,1.15,-3.25260651745651E-16));
#8461=CARTESIAN_POINT('',(0.225,1.225,-3.25260651745651E-16));
#8462=CARTESIAN_POINT('',(0.225,1.15,-3.34381777829016));
#8463=CARTESIAN_POINT('',(0.175,1.15,0.0499999999999998));
#8464=CARTESIAN_POINT('',(0.175,1.15,0.0499999999999998));
#8465=CARTESIAN_POINT('',(0.175,1.15,-3.34381777829016));
#8466=CARTESIAN_POINT('',(0.175,1.15,-3.25260651745651E-16));
#8467=CARTESIAN_POINT('',(0.225,1.15,-3.25260651745651E-16));
#8468=CARTESIAN_POINT('',(0.175,1.225,-3.34381777829016));
#8469=CARTESIAN_POINT('',(0.175,1.225,0.0499999999999998));
#8470=CARTESIAN_POINT('',(0.1,1.225,0.0499999999999998));
#8471=CARTESIAN_POINT('',(0.1,1.225,-3.34381777829016));
#8472=CARTESIAN_POINT('',(0.1,1.225,-3.25260651745651E-16));
#8473=CARTESIAN_POINT('',(0.175,1.225,-3.25260651745651E-16));
#8474=CARTESIAN_POINT('',(0.1,1.225,-3.34381777829016));
#8475=CARTESIAN_POINT('',(0.1,1.225,0.0499999999999998));
#8476=CARTESIAN_POINT('',(0.1,1.46010180284257,0.15));
#8477=CARTESIAN_POINT('',(0.1,1.46010180284257,0.15));
#8478=CARTESIAN_POINT('',(0.1,1.46010180284257,0.15));
#8479=CARTESIAN_POINT('',(0.1,1.46010180284257,-3.32036915323686E-16));
#8480=CARTESIAN_POINT('',(0.1,1.225,-3.25260651745651E-16));
#8481=CARTESIAN_POINT('',(0.3,1.45,-3.34381777829016));
#8482=CARTESIAN_POINT('',(0.3,1.225,0.0499999999999998));
#8483=CARTESIAN_POINT('',(0.3,1.45,-3.25260651745651E-16));
#8484=CARTESIAN_POINT('',(0.3,1.46010180284257,-3.32036915323686E-16));
#8485=CARTESIAN_POINT('',(0.3,1.46010180284257,-3.32036915323686E-16));
#8486=CARTESIAN_POINT('',(0.3,1.46010180284257,0.15));
#8487=CARTESIAN_POINT('',(0.3,1.46010180284257,0.15));
#8488=CARTESIAN_POINT('',(0.,-0.0500000000000004,-3.25260651745651E-16));
#8489=CARTESIAN_POINT('',(0.3,1.46010180284257,-3.32036915323686E-16));
#8490=CARTESIAN_POINT('',(-0.575,1.225,-3.34381777829016));
#8491=CARTESIAN_POINT('',(-0.5,1.225,-3.34381777829016));
#8492=CARTESIAN_POINT('',(-0.5,1.225,-3.25260651745651E-16));
#8493=CARTESIAN_POINT('',(-0.5,1.225,0.0499999999999998));
#8494=CARTESIAN_POINT('',(-0.575,1.225,0.0499999999999998));
#8495=CARTESIAN_POINT('',(-0.575,1.15,0.0499999999999998));
#8496=CARTESIAN_POINT('',(-0.575,1.15,-3.34381777829016));
#8497=CARTESIAN_POINT('',(-0.575,1.15,-3.25260651745651E-16));
#8498=CARTESIAN_POINT('',(-0.575,1.225,-3.25260651745651E-16));
#8499=CARTESIAN_POINT('',(-0.575,1.15,-3.34381777829016));
#8500=CARTESIAN_POINT('',(-0.625,1.15,0.0499999999999998));
#8501=CARTESIAN_POINT('',(-0.625,1.15,0.0499999999999998));
#8502=CARTESIAN_POINT('',(-0.625,1.15,-3.34381777829016));
#8503=CARTESIAN_POINT('',(-0.625,1.15,-3.25260651745651E-16));
#8504=CARTESIAN_POINT('',(-0.575,1.15,-3.25260651745651E-16));
#8505=CARTESIAN_POINT('',(-0.625,1.225,-3.34381777829016));
#8506=CARTESIAN_POINT('',(-0.625,1.225,0.0499999999999998));
#8507=CARTESIAN_POINT('',(-0.7,1.225,0.0499999999999998));
#8508=CARTESIAN_POINT('',(-0.7,1.225,-3.34381777829016));
#8509=CARTESIAN_POINT('',(-0.7,1.225,-3.25260651745651E-16));
#8510=CARTESIAN_POINT('',(-0.625,1.225,-3.25260651745651E-16));
#8511=CARTESIAN_POINT('',(-0.7,1.225,-3.34381777829016));
#8512=CARTESIAN_POINT('',(-0.7,1.225,0.0499999999999998));
#8513=CARTESIAN_POINT('',(-0.700000000000004,1.46010180284257,0.15));
#8514=CARTESIAN_POINT('',(-0.700000000000004,1.46010180284257,0.15));
#8515=CARTESIAN_POINT('',(-0.700000000000004,1.46010180284257,0.0499999999999998));
#8516=CARTESIAN_POINT('',(-0.700000000000004,1.46010180284257,-3.32036915323686E-16));
#8517=CARTESIAN_POINT('',(-0.7,1.225,-3.25260651745651E-16));
#8518=CARTESIAN_POINT('',(-0.5,1.45,-3.34381777829016));
#8519=CARTESIAN_POINT('',(-0.5,1.225,0.0499999999999998));
#8520=CARTESIAN_POINT('',(-0.5,1.45,-3.25260651745651E-16));
#8521=CARTESIAN_POINT('',(-0.500000000000004,1.46010180284257,-3.32036915323686E-16));
#8522=CARTESIAN_POINT('',(-0.500000000000004,1.46010180284257,-3.32036915323686E-16));
#8523=CARTESIAN_POINT('',(-0.500000000000004,1.46010180284257,0.15));
#8524=CARTESIAN_POINT('',(-0.500000000000004,1.46010180284257,0.15));
#8525=CARTESIAN_POINT('',(0.,-0.0500000000000004,-3.25260651745651E-16));
#8526=CARTESIAN_POINT('',(-0.500000000000004,1.46010180284257,-3.32036915323686E-16));
#8527=CARTESIAN_POINT('',(-1.275,0.525,-3.34381777829016));
#8528=CARTESIAN_POINT('',(-1.2,0.525,-3.34381777829016));
#8529=CARTESIAN_POINT('',(-1.2,0.525,-3.25260651745651E-16));
#8530=CARTESIAN_POINT('',(-1.2,0.525,0.0499999999999998));
#8531=CARTESIAN_POINT('',(-1.275,0.525,0.0499999999999998));
#8532=CARTESIAN_POINT('',(-1.275,0.45,0.0499999999999998));
#8533=CARTESIAN_POINT('',(-1.275,0.45,-3.34381777829016));
#8534=CARTESIAN_POINT('',(-1.275,0.45,-3.25260651745651E-16));
#8535=CARTESIAN_POINT('',(-1.275,0.525,-3.25260651745651E-16));
#8536=CARTESIAN_POINT('',(-1.275,0.45,-3.34381777829016));
#8537=CARTESIAN_POINT('',(-1.275,0.45,0.0499999999999998));
#8538=CARTESIAN_POINT('',(-1.5,0.450000000000003,0.0499999999999998));
#8539=CARTESIAN_POINT('',(-1.5,0.450000000000003,-3.32036915323686E-16));
#8540=CARTESIAN_POINT('',(-1.5,0.450000000000003,0.15));
#8541=CARTESIAN_POINT('',(-1.50395217109774,0.450000000000003,0.15));
#8542=CARTESIAN_POINT('',(-1.50395217109774,0.450000000000003,0.15));
#8543=CARTESIAN_POINT('',(-1.50395217109774,0.450000000000003,-3.32036915323686E-16));
#8544=CARTESIAN_POINT('',(-1.50395217109774,0.450000000000003,-3.32036915323686E-16));
#8545=CARTESIAN_POINT('',(-1.275,0.45,-3.25260651745651E-16));
#8546=CARTESIAN_POINT('',(-1.5,0.65,-3.34381777829016));
#8547=CARTESIAN_POINT('',(-1.275,0.65,0.0499999999999998));
#8548=CARTESIAN_POINT('',(-1.5,0.65,0.0499999999999998));
#8549=CARTESIAN_POINT('',(-1.275,0.65,0.0499999999999998));
#8550=CARTESIAN_POINT('',(-1.275,0.65,-3.34381777829016));
#8551=CARTESIAN_POINT('',(-1.275,0.65,-3.25260651745651E-16));
#8552=CARTESIAN_POINT('',(-1.5,0.65,-3.25260651745651E-16));
#8553=CARTESIAN_POINT('',(-1.50395217109774,0.650000000000003,-3.32036915323686E-16));
#8554=CARTESIAN_POINT('',(-1.50395217109774,0.650000000000003,0.0499999999999998));
#8555=CARTESIAN_POINT('',(-1.50395217109774,0.650000000000003,0.15));
#8556=CARTESIAN_POINT('',(-1.50395217109774,0.650000000000003,0.15));
#8557=CARTESIAN_POINT('',(-1.5,0.650000000000003,0.15));
#8558=CARTESIAN_POINT('',(-1.5,0.650000000000003,0.0499999999999998));
#8559=CARTESIAN_POINT('',(-1.275,0.575,-3.34381777829016));
#8560=CARTESIAN_POINT('',(-1.275,0.575,0.0499999999999998));
#8561=CARTESIAN_POINT('',(-1.2,0.575,0.0499999999999998));
#8562=CARTESIAN_POINT('',(-1.2,0.575,-3.34381777829016));
#8563=CARTESIAN_POINT('',(-1.2,0.575,-3.25260651745651E-16));
#8564=CARTESIAN_POINT('',(-1.275,0.575,-3.25260651745651E-16));
#8565=CARTESIAN_POINT('',(-1.2,0.575,-3.34381777829016));
#8566=CARTESIAN_POINT('',(-1.2,0.525,0.0499999999999998));
#8567=CARTESIAN_POINT('',(-1.2,0.575,-3.25260651745651E-16));
#8568=CARTESIAN_POINT('',(0.,-0.0500000000000004,-3.25260651745651E-16));
#8569=CARTESIAN_POINT('',(-1.50395217109774,0.650000000000003,-3.32036915323686E-16));
#8570=CARTESIAN_POINT('',(-1.5,0.45,-3.34381777829016));
#8571=CARTESIAN_POINT('',(-1.5,-1.55,0.0499999999999998));
#8572=CARTESIAN_POINT('',(-1.5,-0.750000000000004,0.0499999999999998));
#8573=CARTESIAN_POINT('',(-1.5,-0.95,0.0499999999999998));
#8574=CARTESIAN_POINT('',(-1.5,-0.950000000000004,0.15));
#8575=CARTESIAN_POINT('',(-1.5,-0.950000000000004,0.15));
#8576=CARTESIAN_POINT('',(-1.5,-1.15,0.15));
#8577=CARTESIAN_POINT('',(-1.5,-1.15,0.15));
#8578=CARTESIAN_POINT('',(-1.5,-1.15,-3.32036915323686E-16));
#8579=CARTESIAN_POINT('',(-1.5,-1.15,0.0499999999999998));
#8580=CARTESIAN_POINT('',(-1.5,-1.55,0.0499999999999998));
#8581=CARTESIAN_POINT('',(-1.5,-1.55,1.));
#8582=CARTESIAN_POINT('',(-1.5,-1.55,0.0499999999999998));
#8583=CARTESIAN_POINT('',(-1.5,1.05,0.0499999999999998));
#8584=CARTESIAN_POINT('',(-1.5,1.05,0.0499999999999998));
#8585=CARTESIAN_POINT('',(-1.5,1.05,0.15));
#8586=CARTESIAN_POINT('',(-1.5,1.05,0.15));
#8587=CARTESIAN_POINT('',(-1.5,0.850000000000003,0.15));
#8588=CARTESIAN_POINT('',(-1.5,0.85,-3.32036915323686E-16));
#8589=CARTESIAN_POINT('',(-1.5,0.850000000000001,0.0499999999999998));
#8590=CARTESIAN_POINT('',(-1.5,-1.55,0.0499999999999998));
#8591=CARTESIAN_POINT('',(-1.5,0.650000000000003,0.15));
#8592=CARTESIAN_POINT('',(-1.5,-1.55,0.0499999999999998));
#8593=CARTESIAN_POINT('',(-1.5,0.25,0.0499999999999998));
#8594=CARTESIAN_POINT('',(-1.5,0.250000000000003,0.0499999999999998));
#8595=CARTESIAN_POINT('',(-1.5,0.250000000000003,0.15));
#8596=CARTESIAN_POINT('',(-1.5,0.250000000000003,0.15));
#8597=CARTESIAN_POINT('',(-1.5,0.0500000000000032,0.15));
#8598=CARTESIAN_POINT('',(-1.5,0.0500000000000031,-3.32036915323686E-16));
#8599=CARTESIAN_POINT('',(-1.5,0.0500000000000031,0.0499999999999998));
#8600=CARTESIAN_POINT('',(-1.5,-1.55,0.0499999999999998));
#8601=CARTESIAN_POINT('',(-1.5,-0.15,0.0499999999999998));
#8602=CARTESIAN_POINT('',(-1.5,-0.150000000000004,0.15));
#8603=CARTESIAN_POINT('',(-1.5,-0.150000000000004,0.15));
#8604=CARTESIAN_POINT('',(-1.5,-0.350000000000004,0.15));
#8605=CARTESIAN_POINT('',(-1.5,-0.350000000000004,0.15));
#8606=CARTESIAN_POINT('',(-1.5,-0.350000000000004,-3.32036915323686E-16));
#8607=CARTESIAN_POINT('',(-1.5,-0.350000000000004,0.0499999999999998));
#8608=CARTESIAN_POINT('',(-1.5,-1.55,0.0499999999999998));
#8609=CARTESIAN_POINT('',(-1.5,-0.55,0.0499999999999998));
#8610=CARTESIAN_POINT('',(-1.5,-0.550000000000004,0.15));
#8611=CARTESIAN_POINT('',(-1.5,-0.550000000000004,0.15));
#8612=CARTESIAN_POINT('',(-1.5,-0.750000000000004,0.15));
#8613=CARTESIAN_POINT('',(-1.5,-0.750000000000004,0.15));
#8614=CARTESIAN_POINT('',(-1.5,-0.750000000000004,-3.32036915323686E-16));
#8615=CARTESIAN_POINT('',(1.,1.26642135623731,-3.34381777829016));
#8616=CARTESIAN_POINT('',(1.1,1.26642135623731,-3.34381777829016));
#8617=CARTESIAN_POINT('',(1.1,1.26642135623731,-3.25260651745651E-16));
#8618=CARTESIAN_POINT('',(1.1,1.26642135623731,0.0499999999999998));
#8619=CARTESIAN_POINT('',(1.,1.26642135623731,0.0499999999999998));
#8620=CARTESIAN_POINT('',(1.07071067811865,1.19571067811865,0.0499999999999998));
#8621=CARTESIAN_POINT('',(1.07071067811865,1.19571067811865,-3.34381777829016));
#8622=CARTESIAN_POINT('',(1.07071067811865,1.19571067811865,-3.25260651745651E-16));
#8623=CARTESIAN_POINT('',(1.,1.26642135623731,-3.25260651745651E-16));
#8624=CARTESIAN_POINT('',(1.07071067811865,1.19571067811865,-3.34381777829016));
#8625=CARTESIAN_POINT('',(1.05428932188135,1.17928932188134,0.0499999999999998));
#8626=CARTESIAN_POINT('',(1.05428932188135,1.17928932188134,0.0499999999999998));
#8627=CARTESIAN_POINT('',(1.05428932188135,1.17928932188134,-3.34381777829016));
#8628=CARTESIAN_POINT('',(1.05428932188135,1.17928932188134,-3.25260651745651E-16));
#8629=CARTESIAN_POINT('',(1.07071067811865,1.19571067811865,-3.25260651745651E-16));
#8630=CARTESIAN_POINT('',(0.983578643762692,1.25,-3.34381777829016));
#8631=CARTESIAN_POINT('',(0.983578643762692,1.25,0.0499999999999998));
#8632=CARTESIAN_POINT('',(0.983578643762691,1.15,0.0499999999999998));
#8633=CARTESIAN_POINT('',(0.983578643762691,1.15,-3.34381777829016));
#8634=CARTESIAN_POINT('',(0.983578643762691,1.15,-3.25260651745651E-16));
#8635=CARTESIAN_POINT('',(0.983578643762692,1.25,-3.25260651745651E-16));
#8636=CARTESIAN_POINT('',(0.983578643762691,1.15,-3.34381777829016));
#8637=CARTESIAN_POINT('',(0.975,1.15,0.0499999999999998));
#8638=CARTESIAN_POINT('',(0.975,1.15,0.0499999999999998));
#8639=CARTESIAN_POINT('',(0.975,1.15,-3.34381777829016));
#8640=CARTESIAN_POINT('',(0.975,1.15,-3.25260651745651E-16));
#8641=CARTESIAN_POINT('',(0.983578643762691,1.15,-3.25260651745651E-16));
#8642=CARTESIAN_POINT('',(0.975,1.225,-3.34381777829016));
#8643=CARTESIAN_POINT('',(0.975,1.225,0.0499999999999998));
#8644=CARTESIAN_POINT('',(0.9,1.225,0.0499999999999998));
#8645=CARTESIAN_POINT('',(0.9,1.225,-3.34381777829016));
#8646=CARTESIAN_POINT('',(0.9,1.225,-3.25260651745651E-16));
#8647=CARTESIAN_POINT('',(0.975,1.225,-3.25260651745651E-16));
#8648=CARTESIAN_POINT('',(0.9,1.225,-3.34381777829016));
#8649=CARTESIAN_POINT('',(0.9,1.225,0.0499999999999998));
#8650=CARTESIAN_POINT('',(0.900000000000001,1.46010180284257,0.15));
#8651=CARTESIAN_POINT('',(0.900000000000001,1.46010180284257,0.15));
#8652=CARTESIAN_POINT('',(0.900000000000001,1.46010180284257,0.15));
#8653=CARTESIAN_POINT('',(0.9,1.46010180284257,-3.32036915323686E-16));
#8654=CARTESIAN_POINT('',(0.9,1.225,-3.25260651745651E-16));
#8655=CARTESIAN_POINT('',(1.1,1.45,-3.34381777829016));
#8656=CARTESIAN_POINT('',(1.1,1.26642135623731,0.0499999999999998));
#8657=CARTESIAN_POINT('',(1.1,1.45,-3.25260651745651E-16));
#8658=CARTESIAN_POINT('',(1.1,1.46010180284257,-3.32036915323686E-16));
#8659=CARTESIAN_POINT('',(1.1,1.46010180284257,-3.32036915323686E-16));
#8660=CARTESIAN_POINT('',(1.1,1.46010180284257,0.15));
#8661=CARTESIAN_POINT('',(1.1,1.46010180284257,0.15));
#8662=CARTESIAN_POINT('',(0.,-0.0500000000000004,-3.25260651745651E-16));
#8663=CARTESIAN_POINT('',(1.1,1.46010180284257,-3.32036915323686E-16));
#8664=CARTESIAN_POINT('',(-1.275,-0.275,-3.34381777829016));
#8665=CARTESIAN_POINT('',(-1.2,-0.275,-3.34381777829016));
#8666=CARTESIAN_POINT('',(-1.2,-0.275,-3.25260651745651E-16));
#8667=CARTESIAN_POINT('',(-1.2,-0.275,0.0499999999999998));
#8668=CARTESIAN_POINT('',(-1.275,-0.275,0.0499999999999998));
#8669=CARTESIAN_POINT('',(-1.275,-0.35,0.0499999999999998));
#8670=CARTESIAN_POINT('',(-1.275,-0.35,-3.34381777829016));
#8671=CARTESIAN_POINT('',(-1.275,-0.35,-3.25260651745651E-16));
#8672=CARTESIAN_POINT('',(-1.275,-0.275,-3.25260651745651E-16));
#8673=CARTESIAN_POINT('',(-1.275,-0.35,-3.34381777829016));
#8674=CARTESIAN_POINT('',(-1.275,-0.35,0.0499999999999998));
#8675=CARTESIAN_POINT('',(-1.50395217109774,-0.350000000000004,0.15));
#8676=CARTESIAN_POINT('',(-1.50395217109774,-0.350000000000004,0.15));
#8677=CARTESIAN_POINT('',(-1.50395217109774,-0.350000000000004,-3.32036915323686E-16));
#8678=CARTESIAN_POINT('',(-1.50395217109774,-0.350000000000004,-3.32036915323686E-16));
#8679=CARTESIAN_POINT('',(-1.275,-0.35,-3.25260651745651E-16));
#8680=CARTESIAN_POINT('',(-1.5,-0.15,-3.34381777829016));
#8681=CARTESIAN_POINT('',(-1.275,-0.15,0.0499999999999998));
#8682=CARTESIAN_POINT('',(-1.275,-0.15,0.0499999999999998));
#8683=CARTESIAN_POINT('',(-1.275,-0.15,-3.34381777829016));
#8684=CARTESIAN_POINT('',(-1.275,-0.15,-3.25260651745651E-16));
#8685=CARTESIAN_POINT('',(-1.5,-0.15,-3.25260651745651E-16));
#8686=CARTESIAN_POINT('',(-1.50395217109774,-0.150000000000004,-3.32036915323686E-16));
#8687=CARTESIAN_POINT('',(-1.50395217109774,-0.150000000000004,0.15));
#8688=CARTESIAN_POINT('',(-1.50395217109774,-0.150000000000004,0.15));
#8689=CARTESIAN_POINT('',(-1.50395217109774,-0.150000000000004,0.15));
#8690=CARTESIAN_POINT('',(-1.275,-0.225,-3.34381777829016));
#8691=CARTESIAN_POINT('',(-1.275,-0.225,0.0499999999999998));
#8692=CARTESIAN_POINT('',(-1.2,-0.225,0.0499999999999998));
#8693=CARTESIAN_POINT('',(-1.2,-0.225,-3.34381777829016));
#8694=CARTESIAN_POINT('',(-1.2,-0.225,-3.25260651745651E-16));
#8695=CARTESIAN_POINT('',(-1.275,-0.225,-3.25260651745651E-16));
#8696=CARTESIAN_POINT('',(-1.2,-0.225,-3.34381777829016));
#8697=CARTESIAN_POINT('',(-1.2,-0.275,0.0499999999999998));
#8698=CARTESIAN_POINT('',(-1.2,-0.225,-3.25260651745651E-16));
#8699=CARTESIAN_POINT('',(0.,-0.0500000000000004,-3.25260651745651E-16));
#8700=CARTESIAN_POINT('',(-1.50395217109774,-0.150000000000004,-3.32036915323686E-16));
#8701=CARTESIAN_POINT('',(-1.,1.26642135623731,-3.34381777829016));
#8702=CARTESIAN_POINT('',(-1.07071067811865,1.19571067811865,-3.34381777829016));
#8703=CARTESIAN_POINT('',(-1.07071067811865,1.19571067811865,-3.25260651745651E-16));
#8704=CARTESIAN_POINT('',(-1.07071067811865,1.19571067811865,0.0499999999999998));
#8705=CARTESIAN_POINT('',(-1.,1.26642135623731,0.0499999999999998));
#8706=CARTESIAN_POINT('',(-1.1,1.26642135623731,0.0499999999999998));
#8707=CARTESIAN_POINT('',(-1.1,1.26642135623731,-3.34381777829016));
#8708=CARTESIAN_POINT('',(-1.1,1.26642135623731,-3.25260651745651E-16));
#8709=CARTESIAN_POINT('',(-1.,1.26642135623731,-3.25260651745651E-16));
#8710=CARTESIAN_POINT('',(-1.1,1.26642135623731,-3.34381777829016));
#8711=CARTESIAN_POINT('',(-1.1,1.26642135623731,0.0499999999999998));
#8712=CARTESIAN_POINT('',(-1.1,1.46010180284257,0.15));
#8713=CARTESIAN_POINT('',(-1.1,1.46010180284257,0.15));
#8714=CARTESIAN_POINT('',(-1.1,1.46010180284257,0.0499999999999998));
#8715=CARTESIAN_POINT('',(-1.1,1.46010180284257,-3.32036915323686E-16));
#8716=CARTESIAN_POINT('',(-1.1,1.26642135623731,-3.25260651745651E-16));
#8717=CARTESIAN_POINT('',(-0.9,1.45,-3.34381777829016));
#8718=CARTESIAN_POINT('',(-0.9,1.225,0.0499999999999998));
#8719=CARTESIAN_POINT('',(-0.9,1.225,0.0499999999999998));
#8720=CARTESIAN_POINT('',(-0.9,1.225,-3.34381777829016));
#8721=CARTESIAN_POINT('',(-0.9,1.225,-3.25260651745651E-16));
#8722=CARTESIAN_POINT('',(-0.9,1.45,-3.25260651745651E-16));
#8723=CARTESIAN_POINT('',(-0.900000000000004,1.46010180284257,-3.32036915323686E-16));
#8724=CARTESIAN_POINT('',(-0.900000000000004,1.46010180284257,-3.32036915323686E-16));
#8725=CARTESIAN_POINT('',(-0.900000000000004,1.46010180284257,0.15));
#8726=CARTESIAN_POINT('',(-0.900000000000004,1.46010180284257,0.15));
#8727=CARTESIAN_POINT('',(-0.975,1.225,-3.34381777829016));
#8728=CARTESIAN_POINT('',(-0.975,1.225,0.0499999999999998));
#8729=CARTESIAN_POINT('',(-0.975,1.15,0.0499999999999998));
#8730=CARTESIAN_POINT('',(-0.975,1.15,-3.34381777829016));
#8731=CARTESIAN_POINT('',(-0.975,1.15,-3.25260651745651E-16));
#8732=CARTESIAN_POINT('',(-0.975,1.225,-3.25260651745651E-16));
#8733=CARTESIAN_POINT('',(-0.975,1.15,-3.34381777829016));
#8734=CARTESIAN_POINT('',(-0.975,1.15,0.0499999999999998));
#8735=CARTESIAN_POINT('',(-0.983578643762691,1.15,0.0499999999999998));
#8736=CARTESIAN_POINT('',(-0.983578643762691,1.15,-3.34381777829016));
#8737=CARTESIAN_POINT('',(-0.983578643762691,1.15,-3.25260651745651E-16));
#8738=CARTESIAN_POINT('',(-0.975,1.15,-3.25260651745651E-16));
#8739=CARTESIAN_POINT('',(-0.983578643762691,1.25,-3.34381777829016));
#8740=CARTESIAN_POINT('',(-0.983578643762691,1.25,0.0499999999999998));
#8741=CARTESIAN_POINT('',(-1.05428932188135,1.17928932188135,0.0499999999999998));
#8742=CARTESIAN_POINT('',(-1.05428932188135,1.17928932188135,-3.34381777829016));
#8743=CARTESIAN_POINT('',(-1.05428932188135,1.17928932188135,-3.25260651745651E-16));
#8744=CARTESIAN_POINT('',(-0.983578643762691,1.25,-3.25260651745651E-16));
#8745=CARTESIAN_POINT('',(-1.05428932188135,1.17928932188135,-3.34381777829016));
#8746=CARTESIAN_POINT('',(-1.05428932188135,1.17928932188135,0.0499999999999998));
#8747=CARTESIAN_POINT('',(-1.05428932188135,1.17928932188135,-3.25260651745651E-16));
#8748=CARTESIAN_POINT('',(0.,-0.0500000000000004,-3.25260651745651E-16));
#8749=CARTESIAN_POINT('',(-0.900000000000004,1.46010180284257,-3.32036915323686E-16));
#8750=CARTESIAN_POINT('',(-1.275,0.125,-3.34381777829016));
#8751=CARTESIAN_POINT('',(-1.2,0.125,-3.34381777829016));
#8752=CARTESIAN_POINT('',(-1.2,0.125,-3.25260651745651E-16));
#8753=CARTESIAN_POINT('',(-1.2,0.125,0.0499999999999998));
#8754=CARTESIAN_POINT('',(-1.275,0.125,0.0499999999999998));
#8755=CARTESIAN_POINT('',(-1.275,0.05,0.0499999999999998));
#8756=CARTESIAN_POINT('',(-1.275,0.05,-3.34381777829016));
#8757=CARTESIAN_POINT('',(-1.275,0.05,-3.25260651745651E-16));
#8758=CARTESIAN_POINT('',(-1.275,0.125,-3.25260651745651E-16));
#8759=CARTESIAN_POINT('',(-1.275,0.05,-3.34381777829016));
#8760=CARTESIAN_POINT('',(-1.275,0.05,0.0499999999999998));
#8761=CARTESIAN_POINT('',(-1.50395217109774,0.0500000000000032,0.15));
#8762=CARTESIAN_POINT('',(-1.50395217109774,0.0500000000000032,0.15));
#8763=CARTESIAN_POINT('',(-1.50395217109774,0.0500000000000031,-3.32036915323686E-16));
#8764=CARTESIAN_POINT('',(-1.50395217109774,0.0500000000000031,-3.32036915323686E-16));
#8765=CARTESIAN_POINT('',(-1.275,0.05,-3.25260651745651E-16));
#8766=CARTESIAN_POINT('',(-1.5,0.25,-3.34381777829016));
#8767=CARTESIAN_POINT('',(-1.275,0.25,0.0499999999999998));
#8768=CARTESIAN_POINT('',(-1.275,0.25,0.0499999999999998));
#8769=CARTESIAN_POINT('',(-1.275,0.25,-3.34381777829016));
#8770=CARTESIAN_POINT('',(-1.275,0.25,-3.25260651745651E-16));
#8771=CARTESIAN_POINT('',(-1.5,0.25,-3.25260651745651E-16));
#8772=CARTESIAN_POINT('',(-1.50395217109774,0.250000000000003,-3.32036915323686E-16));
#8773=CARTESIAN_POINT('',(-1.50395217109774,0.250000000000003,0.0499999999999998));
#8774=CARTESIAN_POINT('',(-1.50395217109774,0.250000000000003,0.15));
#8775=CARTESIAN_POINT('',(-1.50395217109774,0.250000000000003,0.15));
#8776=CARTESIAN_POINT('',(-1.275,0.175,-3.34381777829016));
#8777=CARTESIAN_POINT('',(-1.275,0.175,0.0499999999999998));
#8778=CARTESIAN_POINT('',(-1.2,0.175,0.0499999999999998));
#8779=CARTESIAN_POINT('',(-1.2,0.175,-3.34381777829016));
#8780=CARTESIAN_POINT('',(-1.2,0.175,-3.25260651745651E-16));
#8781=CARTESIAN_POINT('',(-1.275,0.175,-3.25260651745651E-16));
#8782=CARTESIAN_POINT('',(-1.2,0.175,-3.34381777829016));
#8783=CARTESIAN_POINT('',(-1.2,0.125,0.0499999999999998));
#8784=CARTESIAN_POINT('',(-1.2,0.175,-3.25260651745651E-16));
#8785=CARTESIAN_POINT('',(0.,-0.0500000000000004,-3.25260651745651E-16));
#8786=CARTESIAN_POINT('',(-1.50395217109774,0.250000000000003,-3.32036915323686E-16));
#8787=CARTESIAN_POINT('',(-1.275,-0.675,-3.34381777829016));
#8788=CARTESIAN_POINT('',(-1.2,-0.675,-3.34381777829016));
#8789=CARTESIAN_POINT('',(-1.2,-0.675,-3.25260651745651E-16));
#8790=CARTESIAN_POINT('',(-1.2,-0.675,0.0499999999999998));
#8791=CARTESIAN_POINT('',(-1.275,-0.675,0.0499999999999998));
#8792=CARTESIAN_POINT('',(-1.275,-0.75,0.0499999999999998));
#8793=CARTESIAN_POINT('',(-1.275,-0.75,-3.34381777829016));
#8794=CARTESIAN_POINT('',(-1.275,-0.75,-3.25260651745651E-16));
#8795=CARTESIAN_POINT('',(-1.275,-0.675,-3.25260651745651E-16));
#8796=CARTESIAN_POINT('',(-1.275,-0.75,-3.34381777829016));
#8797=CARTESIAN_POINT('',(-1.275,-0.75,0.0499999999999998));
#8798=CARTESIAN_POINT('',(-1.50395217109774,-0.750000000000004,0.15));
#8799=CARTESIAN_POINT('',(-1.50395217109774,-0.750000000000004,0.15));
#8800=CARTESIAN_POINT('',(-1.50395217109774,-0.750000000000004,-3.32036915323686E-16));
#8801=CARTESIAN_POINT('',(-1.50395217109774,-0.750000000000004,-3.32036915323686E-16));
#8802=CARTESIAN_POINT('',(-1.275,-0.75,-3.25260651745651E-16));
#8803=CARTESIAN_POINT('',(-1.5,-0.55,-3.34381777829016));
#8804=CARTESIAN_POINT('',(-1.275,-0.55,0.0499999999999998));
#8805=CARTESIAN_POINT('',(-1.275,-0.55,0.0499999999999998));
#8806=CARTESIAN_POINT('',(-1.275,-0.55,-3.34381777829016));
#8807=CARTESIAN_POINT('',(-1.275,-0.55,-3.25260651745651E-16));
#8808=CARTESIAN_POINT('',(-1.5,-0.55,-3.25260651745651E-16));
#8809=CARTESIAN_POINT('',(-1.50395217109774,-0.550000000000004,-3.32036915323686E-16));
#8810=CARTESIAN_POINT('',(-1.50395217109774,-0.550000000000004,0.15));
#8811=CARTESIAN_POINT('',(-1.50395217109774,-0.550000000000004,0.15));
#8812=CARTESIAN_POINT('',(-1.50395217109774,-0.550000000000004,0.15));
#8813=CARTESIAN_POINT('',(-1.275,-0.625,-3.34381777829016));
#8814=CARTESIAN_POINT('',(-1.275,-0.625,0.0499999999999998));
#8815=CARTESIAN_POINT('',(-1.2,-0.625,0.0499999999999998));
#8816=CARTESIAN_POINT('',(-1.2,-0.625,-3.34381777829016));
#8817=CARTESIAN_POINT('',(-1.2,-0.625,-3.25260651745651E-16));
#8818=CARTESIAN_POINT('',(-1.275,-0.625,-3.25260651745651E-16));
#8819=CARTESIAN_POINT('',(-1.2,-0.625,-3.34381777829016));
#8820=CARTESIAN_POINT('',(-1.2,-0.675,0.0499999999999998));
#8821=CARTESIAN_POINT('',(-1.2,-0.625,-3.25260651745651E-16));
#8822=CARTESIAN_POINT('',(0.,-0.0500000000000004,-3.25260651745651E-16));
#8823=CARTESIAN_POINT('',(-1.50395217109774,-0.550000000000004,-3.32036915323686E-16));
#8824=CARTESIAN_POINT('',(-1.31642135623731,-1.05,-3.34381777829016));
#8825=CARTESIAN_POINT('',(-1.24571067811865,-1.12071067811865,-3.34381777829016));
#8826=CARTESIAN_POINT('',(-1.24571067811865,-1.12071067811865,-3.25260651745651E-16));
#8827=CARTESIAN_POINT('',(-1.24571067811865,-1.12071067811865,0.0499999999999998));
#8828=CARTESIAN_POINT('',(-1.31642135623731,-1.05,0.0499999999999998));
#8829=CARTESIAN_POINT('',(-1.31642135623731,-1.15,0.0499999999999998));
#8830=CARTESIAN_POINT('',(-1.31642135623731,-1.15,-3.34381777829016));
#8831=CARTESIAN_POINT('',(-1.31642135623731,-1.15,-3.25260651745651E-16));
#8832=CARTESIAN_POINT('',(-1.31642135623731,-1.05,-3.25260651745651E-16));
#8833=CARTESIAN_POINT('',(-1.31642135623731,-1.15,-3.34381777829016));
#8834=CARTESIAN_POINT('',(-1.31642135623731,-1.15,0.0499999999999998));
#8835=CARTESIAN_POINT('',(-1.50395217109774,-1.15,0.15));
#8836=CARTESIAN_POINT('',(-1.50395217109774,-1.15,0.15));
#8837=CARTESIAN_POINT('',(-1.50395217109774,-1.15,-3.32036915323686E-16));
#8838=CARTESIAN_POINT('',(-1.50395217109774,-1.15,-3.32036915323686E-16));
#8839=CARTESIAN_POINT('',(-1.31642135623731,-1.15,-3.25260651745651E-16));
#8840=CARTESIAN_POINT('',(-1.5,-0.95,-3.34381777829016));
#8841=CARTESIAN_POINT('',(-1.275,-0.950000000000001,0.0499999999999998));
#8842=CARTESIAN_POINT('',(-1.275,-0.950000000000001,0.0499999999999998));
#8843=CARTESIAN_POINT('',(-1.275,-0.950000000000001,-3.34381777829016));
#8844=CARTESIAN_POINT('',(-1.275,-0.950000000000001,-3.25260651745651E-16));
#8845=CARTESIAN_POINT('',(-1.5,-0.95,-3.25260651745651E-16));
#8846=CARTESIAN_POINT('',(-1.50395217109774,-0.950000000000001,-3.32036915323686E-16));
#8847=CARTESIAN_POINT('',(-1.50395217109774,-0.950000000000004,0.15));
#8848=CARTESIAN_POINT('',(-1.50395217109774,-0.950000000000004,0.15));
#8849=CARTESIAN_POINT('',(-1.50395217109774,-0.950000000000004,0.15));
#8850=CARTESIAN_POINT('',(-1.275,-1.025,-3.34381777829016));
#8851=CARTESIAN_POINT('',(-1.275,-1.025,0.0499999999999998));
#8852=CARTESIAN_POINT('',(-1.2,-1.025,0.0499999999999998));
#8853=CARTESIAN_POINT('',(-1.2,-1.025,-3.34381777829016));
#8854=CARTESIAN_POINT('',(-1.2,-1.025,-3.25260651745651E-16));
#8855=CARTESIAN_POINT('',(-1.275,-1.025,-3.25260651745651E-16));
#8856=CARTESIAN_POINT('',(-1.2,-1.025,-3.34381777829016));
#8857=CARTESIAN_POINT('',(-1.2,-1.025,0.0499999999999998));
#8858=CARTESIAN_POINT('',(-1.2,-1.03357864376269,0.0499999999999998));
#8859=CARTESIAN_POINT('',(-1.2,-1.03357864376269,-3.34381777829016));
#8860=CARTESIAN_POINT('',(-1.2,-1.03357864376269,-3.25260651745651E-16));
#8861=CARTESIAN_POINT('',(-1.2,-1.025,-3.25260651745651E-16));
#8862=CARTESIAN_POINT('',(-1.3,-1.03357864376269,-3.34381777829016));
#8863=CARTESIAN_POINT('',(-1.3,-1.03357864376269,0.0499999999999998));
#8864=CARTESIAN_POINT('',(-1.22928932188135,-1.10428932188135,0.0499999999999998));
#8865=CARTESIAN_POINT('',(-1.22928932188135,-1.10428932188135,-3.34381777829016));
#8866=CARTESIAN_POINT('',(-1.22928932188135,-1.10428932188135,-3.25260651745651E-16));
#8867=CARTESIAN_POINT('',(-1.3,-1.03357864376269,-3.25260651745651E-16));
#8868=CARTESIAN_POINT('',(-1.22928932188135,-1.10428932188135,-3.34381777829016));
#8869=CARTESIAN_POINT('',(-1.22928932188135,-1.10428932188135,0.0499999999999998));
#8870=CARTESIAN_POINT('',(-1.22928932188135,-1.10428932188135,-3.25260651745651E-16));
#8871=CARTESIAN_POINT('',(0.,-0.0500000000000004,-3.25260651745651E-16));
#8872=CARTESIAN_POINT('',(-1.50395217109774,-0.950000000000001,-3.32036915323686E-16));
#8873=CARTESIAN_POINT('',(-1.31642135623731,0.95,-3.34381777829016));
#8874=CARTESIAN_POINT('',(-1.31642135623731,1.05,-3.34381777829016));
#8875=CARTESIAN_POINT('',(-1.31642135623731,1.05,-3.25260651745651E-16));
#8876=CARTESIAN_POINT('',(-1.31642135623731,1.05,0.0499999999999998));
#8877=CARTESIAN_POINT('',(-1.31642135623731,0.95,0.0499999999999998));
#8878=CARTESIAN_POINT('',(-1.24571067811865,1.02071067811865,0.0499999999999998));
#8879=CARTESIAN_POINT('',(-1.24571067811865,1.02071067811865,-3.34381777829016));
#8880=CARTESIAN_POINT('',(-1.24571067811865,1.02071067811865,-3.25260651745651E-16));
#8881=CARTESIAN_POINT('',(-1.31642135623731,0.95,-3.25260651745651E-16));
#8882=CARTESIAN_POINT('',(-1.24571067811865,1.02071067811865,-3.34381777829016));
#8883=CARTESIAN_POINT('',(-1.22928932188134,1.00428932188135,0.0499999999999998));
#8884=CARTESIAN_POINT('',(-1.22928932188134,1.00428932188135,0.0499999999999998));
#8885=CARTESIAN_POINT('',(-1.22928932188134,1.00428932188135,-3.34381777829016));
#8886=CARTESIAN_POINT('',(-1.22928932188134,1.00428932188135,-3.25260651745651E-16));
#8887=CARTESIAN_POINT('',(-1.24571067811865,1.02071067811865,-3.25260651745651E-16));
#8888=CARTESIAN_POINT('',(-1.3,0.933578643762691,-3.34381777829016));
#8889=CARTESIAN_POINT('',(-1.3,0.933578643762691,0.0499999999999998));
#8890=CARTESIAN_POINT('',(-1.2,0.933578643762691,0.0499999999999998));
#8891=CARTESIAN_POINT('',(-1.2,0.933578643762691,-3.34381777829016));
#8892=CARTESIAN_POINT('',(-1.2,0.933578643762691,-3.25260651745651E-16));
#8893=CARTESIAN_POINT('',(-1.3,0.933578643762691,-3.25260651745651E-16));
#8894=CARTESIAN_POINT('',(-1.2,0.933578643762691,-3.34381777829016));
#8895=CARTESIAN_POINT('',(-1.2,0.925,0.0499999999999998));
#8896=CARTESIAN_POINT('',(-1.2,0.925,0.0499999999999998));
#8897=CARTESIAN_POINT('',(-1.2,0.925,-3.34381777829016));
#8898=CARTESIAN_POINT('',(-1.2,0.925,-3.25260651745651E-16));
#8899=CARTESIAN_POINT('',(-1.2,0.933578643762691,-3.25260651745651E-16));
#8900=CARTESIAN_POINT('',(-1.275,0.925,-3.34381777829016));
#8901=CARTESIAN_POINT('',(-1.275,0.925,0.0499999999999998));
#8902=CARTESIAN_POINT('',(-1.275,0.85,0.0499999999999998));
#8903=CARTESIAN_POINT('',(-1.275,0.85,-3.34381777829016));
#8904=CARTESIAN_POINT('',(-1.275,0.85,-3.25260651745651E-16));
#8905=CARTESIAN_POINT('',(-1.275,0.925,-3.25260651745651E-16));
#8906=CARTESIAN_POINT('',(-1.275,0.85,-3.34381777829016));
#8907=CARTESIAN_POINT('',(-1.275,0.85,0.0499999999999998));
#8908=CARTESIAN_POINT('',(-1.50395217109774,0.850000000000003,0.15));
#8909=CARTESIAN_POINT('',(-1.50395217109774,0.850000000000003,0.15));
#8910=CARTESIAN_POINT('',(-1.50395217109774,0.850000000000003,0.15));
#8911=CARTESIAN_POINT('',(-1.50395217109774,0.85,-3.32036915323686E-16));
#8912=CARTESIAN_POINT('',(-1.275,0.85,-3.25260651745651E-16));
#8913=CARTESIAN_POINT('',(-1.5,1.05,-3.34381777829016));
#8914=CARTESIAN_POINT('',(-1.31642135623731,1.05,0.0499999999999998));
#8915=CARTESIAN_POINT('',(-1.5,1.05,-3.25260651745651E-16));
#8916=CARTESIAN_POINT('',(-1.50395217109774,1.05,-3.32036915323686E-16));
#8917=CARTESIAN_POINT('',(-1.50395217109774,1.05,-3.32036915323686E-16));
#8918=CARTESIAN_POINT('',(-1.50395217109774,1.05,0.15));
#8919=CARTESIAN_POINT('',(-1.50395217109774,1.05,0.15));
#8920=CARTESIAN_POINT('',(0.,-0.0500000000000004,-3.25260651745651E-16));
#8921=CARTESIAN_POINT('',(-1.50395217109774,1.05,-3.32036915323686E-16));
#8922=CARTESIAN_POINT('',(1.14299278624586,-1.18850337546495,0.95));
#8923=CARTESIAN_POINT('',(1.14299278624586,-1.18850337546495,0.95));
#8924=CARTESIAN_POINT('',(1.14299278624586,-1.39892863355473,0.95));
#8925=CARTESIAN_POINT('',(1.14299278624586,-1.18850337546495,0.95));
#8926=CARTESIAN_POINT('',(1.14299278624586,-1.18850337546495,1.));
#8927=CARTESIAN_POINT('',(1.14299278624586,-1.39892863355473,1.));
#8928=CARTESIAN_POINT('',(0.,-0.0500000000000004,0.0499999999999998));
#8929=CARTESIAN_POINT('',(0.85,0.569999999999999,0.0499999999999998));
#8930=CARTESIAN_POINT('',(0.85,0.57,0.0499999999999998));
#8931=CARTESIAN_POINT('',(0.85,-0.52,0.0499999999999998));
#8932=CARTESIAN_POINT('',(0.7,0.57,0.0499999999999998));
#8933=CARTESIAN_POINT('',(0.699999999999999,0.72,0.0499999999999998));
#8934=CARTESIAN_POINT('',(0.699999999999999,0.72,0.0499999999999998));
#8935=CARTESIAN_POINT('',(-0.699999999999999,0.72,0.0499999999999998));
#8936=CARTESIAN_POINT('',(-0.7,0.57,0.0499999999999998));
#8937=CARTESIAN_POINT('',(-0.85,0.569999999999999,0.0499999999999998));
#8938=CARTESIAN_POINT('',(-0.85,0.569999999999999,0.0499999999999998));
#8939=CARTESIAN_POINT('',(-0.85,-0.669999999999999,0.0499999999999998));
#8940=CARTESIAN_POINT('',(-0.7,-0.67,0.0499999999999998));
#8941=CARTESIAN_POINT('',(-0.699999999999999,-0.82,0.0499999999999998));
#8942=CARTESIAN_POINT('',(0.55,-0.82,0.0499999999999998));
#8943=CARTESIAN_POINT('',(0.55,-0.82,0.0499999999999998));
#8944=CARTESIAN_POINT('',(0.85,-0.52,0.0499999999999998));
#8945=CARTESIAN_POINT('',(0.,-0.0500000000000004,1.));
#8946=CARTESIAN_POINT('',(0.85,0.57,-3.34381777829016));
#8947=CARTESIAN_POINT('',(0.85,-0.52,-3.34381777829016));
#8948=CARTESIAN_POINT('',(0.85,-0.52,-3.25260651745651E-16));
#8949=CARTESIAN_POINT('',(0.85,0.57,-3.25260651745651E-16));
#8950=CARTESIAN_POINT('',(0.85,0.57,-3.25260651745651E-16));
#8951=CARTESIAN_POINT('',(0.85,0.57,-3.34381777829016));
#8952=CARTESIAN_POINT('',(0.85,-0.52,-3.34381777829016));
#8953=CARTESIAN_POINT('',(0.55,-0.82,-3.34381777829016));
#8954=CARTESIAN_POINT('',(0.55,-0.82,-3.25260651745651E-16));
#8955=CARTESIAN_POINT('',(0.85,-0.52,-3.25260651745651E-16));
#8956=CARTESIAN_POINT('',(0.55,-0.82,-3.34381777829016));
#8957=CARTESIAN_POINT('',(-0.699999999999999,-0.82,-3.34381777829016));
#8958=CARTESIAN_POINT('',(-0.7,-0.82,-3.25260651745651E-16));
#8959=CARTESIAN_POINT('',(0.55,-0.82,-3.25260651745651E-16));
#8960=CARTESIAN_POINT('',(-0.7,-0.67,-3.34381777829016));
#8961=CARTESIAN_POINT('',(-0.85,-0.669999999999999,-3.34381777829016));
#8962=CARTESIAN_POINT('',(-0.85,-0.669999999999999,-3.25260651745651E-16));
#8963=CARTESIAN_POINT('',(-0.7,-0.67,-3.25260651745651E-16));
#8964=CARTESIAN_POINT('',(-0.85,-0.669999999999999,-3.34381777829016));
#8965=CARTESIAN_POINT('',(-0.85,0.569999999999999,-3.34381777829016));
#8966=CARTESIAN_POINT('',(-0.85,0.569999999999999,-3.25260651745651E-16));
#8967=CARTESIAN_POINT('',(-0.85,-0.669999999999999,-3.25260651745651E-16));
#8968=CARTESIAN_POINT('',(-0.7,0.57,-3.34381777829016));
#8969=CARTESIAN_POINT('',(-0.7,0.72,-3.34381777829016));
#8970=CARTESIAN_POINT('',(-0.7,0.72,-3.25260651745651E-16));
#8971=CARTESIAN_POINT('',(-0.7,0.57,-3.25260651745651E-16));
#8972=CARTESIAN_POINT('',(-0.699999999999999,0.72,-3.34381777829016));
#8973=CARTESIAN_POINT('',(0.699999999999999,0.72,-3.34381777829016));
#8974=CARTESIAN_POINT('',(0.699999999999999,0.72,-3.25260651745651E-16));
#8975=CARTESIAN_POINT('',(-0.699999999999999,0.72,-3.25260651745651E-16));
#8976=CARTESIAN_POINT('',(0.7,0.57,-3.34381777829016));
#8977=CARTESIAN_POINT('',(0.7,0.57,-3.25260651745651E-16));
#8978=CARTESIAN_POINT('',(0.,-0.0500000000000004,-3.25260651745651E-16));
#8979=CARTESIAN_POINT('',(-1.52883543806764E-15,1.46010180284257,0.0499999999999998));
#8980=CARTESIAN_POINT('',(-0.300000000000004,1.46010180284257,0.15));
#8981=CARTESIAN_POINT('',(-0.300000000000004,1.46010180284257,0.15));
#8982=CARTESIAN_POINT('',(-1.52883543806764E-15,1.46010180284257,0.0499999999999998));
#8983=CARTESIAN_POINT('',(1.1,1.46010180284257,0.15));
#8984=CARTESIAN_POINT('',(1.1,1.46010180284257,0.15));
#8985=CARTESIAN_POINT('',(-1.52883543806764E-15,1.46010180284257,0.0499999999999998));
#8986=CARTESIAN_POINT('',(0.700000000000001,1.46010180284257,0.15));
#8987=CARTESIAN_POINT('',(0.700000000000001,1.46010180284257,0.15));
#8988=CARTESIAN_POINT('',(-1.52883543806764E-15,1.46010180284257,0.0499999999999998));
#8989=CARTESIAN_POINT('',(0.3,1.46010180284257,0.15));
#8990=CARTESIAN_POINT('',(0.3,1.46010180284257,0.15));
#8991=CARTESIAN_POINT('',(-1.52883543806764E-15,1.46010180284257,0.0499999999999998));
#8992=CARTESIAN_POINT('',(-1.1,1.46010180284257,0.15));
#8993=CARTESIAN_POINT('',(-1.1,1.46010180284257,0.15));
#8994=CARTESIAN_POINT('',(-1.52883543806764E-15,1.46010180284257,0.0499999999999998));
#8995=CARTESIAN_POINT('',(-0.700000000000004,1.46010180284257,0.15));
#8996=CARTESIAN_POINT('',(-0.700000000000004,1.46010180284257,0.15));
#8997=CARTESIAN_POINT('',(1.50557155429445,-0.0499999999999989,0.0499999999999998));
#8998=CARTESIAN_POINT('',(1.50557155429445,1.05,0.15));
#8999=CARTESIAN_POINT('',(1.50557155429445,1.05,0.15));
#9000=CARTESIAN_POINT('',(1.50557155429445,-0.0499999999999989,0.0499999999999998));
#9001=CARTESIAN_POINT('',(1.50557155429445,0.450000000000003,0.15));
#9002=CARTESIAN_POINT('',(1.50557155429445,0.450000000000003,0.15));
#9003=CARTESIAN_POINT('',(1.50557155429445,-0.0499999999999989,0.0499999999999998));
#9004=CARTESIAN_POINT('',(1.50557155429445,0.0500000000000032,0.15));
#9005=CARTESIAN_POINT('',(1.50557155429445,0.0500000000000032,0.15));
#9006=CARTESIAN_POINT('',(1.50557155429445,-0.0499999999999989,0.0499999999999998));
#9007=CARTESIAN_POINT('',(1.50557155429445,-0.150000000000001,0.15));
#9008=CARTESIAN_POINT('',(1.50557155429445,-0.150000000000001,0.15));
#9009=CARTESIAN_POINT('',(1.50557155429445,-0.0499999999999989,0.0499999999999998));
#9010=CARTESIAN_POINT('',(1.50557155429445,-0.550000000000001,0.15));
#9011=CARTESIAN_POINT('',(1.50557155429445,-0.550000000000001,0.15));
#9012=CARTESIAN_POINT('',(1.50557155429445,-0.0499999999999989,0.0499999999999998));
#9013=CARTESIAN_POINT('',(1.50557155429445,-1.15,0.15));
#9014=CARTESIAN_POINT('',(1.50557155429445,-1.15,0.15));
#9015=CARTESIAN_POINT('',(-1.50395217109774,-0.0500000000000004,0.0499999999999998));
#9016=CARTESIAN_POINT('',(-1.50395217109774,1.05,0.15));
#9017=CARTESIAN_POINT('',(-1.50395217109774,1.05,0.15));
#9018=CARTESIAN_POINT('',(-1.50395217109774,-0.0500000000000004,0.0499999999999998));
#9019=CARTESIAN_POINT('',(-1.50395217109774,0.650000000000003,0.15));
#9020=CARTESIAN_POINT('',(-1.50395217109774,0.650000000000003,0.15));
#9021=CARTESIAN_POINT('',(-1.50395217109774,-0.0500000000000004,0.0499999999999998));
#9022=CARTESIAN_POINT('',(-1.50395217109774,0.250000000000003,0.15));
#9023=CARTESIAN_POINT('',(-1.50395217109774,0.250000000000003,0.15));
#9024=CARTESIAN_POINT('',(-1.50395217109774,-0.0500000000000004,0.0499999999999998));
#9025=CARTESIAN_POINT('',(-1.50395217109774,-0.350000000000004,0.15));
#9026=CARTESIAN_POINT('',(-1.50395217109774,-0.350000000000004,0.15));
#9027=CARTESIAN_POINT('',(-1.50395217109774,-0.0500000000000004,0.0499999999999998));
#9028=CARTESIAN_POINT('',(-1.50395217109774,-0.750000000000004,0.15));
#9029=CARTESIAN_POINT('',(-1.50395217109774,-0.750000000000004,0.15));
#9030=CARTESIAN_POINT('',(-1.50395217109774,-0.0500000000000004,0.0499999999999998));
#9031=CARTESIAN_POINT('',(-1.50395217109774,-1.15,0.15));
#9032=CARTESIAN_POINT('',(-1.50395217109774,-1.15,0.15));
#9033=CARTESIAN_POINT('',(1.5206977771445E-15,-1.55259613542218,0.0499999999999998));
#9034=CARTESIAN_POINT('',(-1.1,-1.55259613542218,0.15));
#9035=CARTESIAN_POINT('',(-1.1,-1.55259613542218,0.15));
#9036=CARTESIAN_POINT('',(1.5206977771445E-15,-1.55259613542218,0.0499999999999998));
#9037=CARTESIAN_POINT('',(-0.700000000000001,-1.55259613542218,0.15));
#9038=CARTESIAN_POINT('',(-0.700000000000001,-1.55259613542218,0.15));
#9039=CARTESIAN_POINT('',(1.5206977771445E-15,-1.55259613542218,0.0499999999999998));
#9040=CARTESIAN_POINT('',(-0.3,-1.55259613542218,0.15));
#9041=CARTESIAN_POINT('',(-0.3,-1.55259613542218,0.15));
#9042=CARTESIAN_POINT('',(1.5206977771445E-15,-1.55259613542218,0.0499999999999998));
#9043=CARTESIAN_POINT('',(0.300000000000004,-1.55259613542218,0.15));
#9044=CARTESIAN_POINT('',(0.300000000000004,-1.55259613542218,0.15));
#9045=CARTESIAN_POINT('',(1.5206977771445E-15,-1.55259613542218,0.0499999999999998));
#9046=CARTESIAN_POINT('',(0.700000000000004,-1.55259613542218,0.15));
#9047=CARTESIAN_POINT('',(0.700000000000004,-1.55259613542218,0.15));
#9048=CARTESIAN_POINT('',(1.5206977771445E-15,-1.55259613542218,0.0499999999999998));
#9049=CARTESIAN_POINT('',(1.1,-1.55259613542218,0.15));
#9050=CARTESIAN_POINT('',(1.1,-1.55259613542218,0.15));
#9051=MECHANICAL_DESIGN_GEOMETRIC_PRESENTATION_REPRESENTATION('',(#4333,
#4334,#4335,#4336,#4337,#4338,#4339,#4340,#4341,#4342,#4343,#4344,#4345,
#4346,#4347,#4348,#4349,#4350,#4351,#4352,#4353,#4354,#4355,#4356,#4357,
#4358,#4359,#4360,#4361,#4362,#4363,#4364,#4365,#4366,#4367,#4368,#4369,
#4370,#4371,#4372,#4373,#4374,#4375,#4376,#4377,#4378,#4379,#4380,#4381,
#4382,#4383,#4384,#4385,#4386,#4387,#4388,#4389,#4390,#4391,#4392,#4393,
#4394,#4395,#4396,#4397,#4398,#4399,#4400,#4401,#4402,#4403,#4404,#4405,
#4406,#4407,#4408,#4409,#4410,#4411,#4412,#4413,#4414,#4415,#4416,#4417,
#4418,#4419,#4420,#4421,#4422,#4423,#4424,#4425,#4426,#4427,#4428,#4429,
#4430,#4431,#4432,#4433,#4434,#4435,#4436,#4437,#4438,#4439,#4440,#4441,
#4442,#4443,#4444,#4445,#4446,#4447,#4448,#4449,#4450,#4451,#4452,#4453,
#4454,#4455,#4456,#4457,#4458,#4459,#4460,#4461,#4462,#4463,#4464,#4465,
#4466,#4467,#4468,#4469,#4470,#4471,#4472,#4473,#4474,#4475,#4476,#4477,
#4478,#4479,#4480,#4481,#4482,#4483,#4484,#4485,#4486,#4487,#4488,#4489,
#4490,#4491,#4492,#4493,#4494,#4495,#4496,#4497,#4498,#4499,#4500,#4501,
#4502,#4503,#4504,#4505,#4506,#4507,#4508,#4509,#4510,#4511,#4512,#4513,
#4514,#4515,#4516,#4517,#4518,#4519,#4520,#4521,#4522,#4523,#4524,#4525,
#4526,#4527,#4528,#4529,#4530,#4531,#4532,#4533,#4534,#4535,#4536,#4537,
#4538,#4539,#4540,#4541,#4542,#4543,#4544,#4545,#4546,#4547,#4548,#4549,
#4550,#4551,#4552,#4553,#4554,#4555,#4556,#4557),#9052);
#9052=(
GEOMETRIC_REPRESENTATION_CONTEXT(3)
GLOBAL_UNCERTAINTY_ASSIGNED_CONTEXT((#9053))
GLOBAL_UNIT_ASSIGNED_CONTEXT((#9056,#9055,#9054))
REPRESENTATION_CONTEXT('ICM-20948','TOP_LEVEL_ASSEMBLY_PART')
);
#9053=UNCERTAINTY_MEASURE_WITH_UNIT(LENGTH_MEASURE(0.005),#9056,
'DISTANCE_ACCURACY_VALUE','Maximum Tolerance applied to model');
#9054=(
NAMED_UNIT(*)
SI_UNIT($,.STERADIAN.)
SOLID_ANGLE_UNIT()
);
#9055=(
NAMED_UNIT(*)
PLANE_ANGLE_UNIT()
SI_UNIT($,.RADIAN.)
);
#9056=(
LENGTH_UNIT()
NAMED_UNIT(*)
SI_UNIT(.MILLI.,.METRE.)
);
#9057=PRODUCT_DEFINITION_SHAPE('','',#9058);
#9058=PRODUCT_DEFINITION('','',#9060,#9059);
#9059=PRODUCT_DEFINITION_CONTEXT('',#9066,'design');
#9060=PRODUCT_DEFINITION_FORMATION_WITH_SPECIFIED_SOURCE('','',#9062,
 .NOT_KNOWN.);
#9061=PRODUCT_RELATED_PRODUCT_CATEGORY('','',(#9062));
#9062=PRODUCT('ICM-20948','ICM-20948','ICM-20948',(#9064));
#9063=PRODUCT_CATEGORY('','');
#9064=PRODUCT_CONTEXT('',#9066,'mechanical');
#9065=APPLICATION_PROTOCOL_DEFINITION('international standard',
'automotive_design',2010,#9066);
#9066=APPLICATION_CONTEXT(
'core data for automotive mechanical design processes');
ENDSEC;
END-ISO-10303-21;
